Dataset_Task_ID,Name,Ref,N,d,C,perc_cat,Subset,Metric,Setting,Model,Score,BestScore,improvability
46908 (363616),APSFailure,[113],76000,171,2.0,0.58,✗| ✓,AUC,Default,RF,0.99,0.993,0.30000000000000027
46908 (363616),APSFailure,[113],76000,171,2.0,0.58,✗| ✓,AUC,Tuned,RF,0.99,0.992,0.20000000000000018
46908 (363616),APSFailure,[113],76000,171,2.0,0.58,✗| ✓,AUC,Tuned + Ens.,RF,0.99,0.993,0.30000000000000027
46905 (363613),Amazon_employee_access,[105],32769,10,2.0,100.0,✗| ✓,AUC,Default,RF,0.839,0.882,4.300000000000004
46905 (363613),Amazon_employee_access,[105],32769,10,2.0,100.0,✗| ✓,AUC,Tuned,RF,0.841,0.883,4.200000000000004
46905 (363613),Amazon_employee_access,[105],32769,10,2.0,100.0,✗| ✓,AUC,Tuned + Ens.,RF,0.849,0.883,3.400000000000003
46907 (363615),Another-Dataset-on-used-Fiat-500,[77],1538,8,,12.5,✓| ✗,rmse,Default,RF,750.8,724.0,3.569525839104949
46907 (363615),Another-Dataset-on-used-Fiat-500,[77],1538,8,,12.5,✓| ✗,rmse,Tuned,RF,736.5,733.2,0.44806517311608346
46907 (363615),Another-Dataset-on-used-Fiat-500,[77],1538,8,,12.5,✓| ✗,rmse,Tuned + Ens.,RF,735.4,726.6,1.1966276856132656
46911 (363619),Bank_Customer_Churn,[94],10000,11,2.0,45.45,✓| ✓,AUC,Default,RF,0.851,0.872,2.100000000000002
46911 (363619),Bank_Customer_Churn,[94],10000,11,2.0,45.45,✓| ✓,AUC,Tuned,RF,0.857,0.874,1.7000000000000015
46911 (363619),Bank_Customer_Churn,[94],10000,11,2.0,45.45,✓| ✓,AUC,Tuned + Ens.,RF,0.858,0.874,1.6000000000000014
46912 (363620),Bioresponse,[84],3751,1777,2.0,0.06,✗| ✗,AUC,Default,RF,0.873,0.873,0.0
46912 (363620),Bioresponse,[84],3751,1777,2.0,0.06,✗| ✗,AUC,Tuned,RF,0.873,0.875,0.20000000000000018
46912 (363620),Bioresponse,[84],3751,1777,2.0,0.06,✗| ✗,AUC,Tuned + Ens.,RF,0.876,0.878,0.20000000000000018
46922 (363630),Diabetes130US,[112],71518,48,2.0,83.33,✗| ✓,AUC,Default,RF,0.631,0.671,4.0000000000000036
46922 (363630),Diabetes130US,[112],71518,48,2.0,83.33,✗| ✓,AUC,Tuned,RF,0.656,0.671,1.5000000000000013
46922 (363630),Diabetes130US,[112],71518,48,2.0,83.33,✗| ✓,AUC,Tuned + Ens.,RF,0.657,0.673,1.6000000000000014
46924 (363632),E-CommereShippingData,[97],10999,11,2.0,45.45,✓| ✓,AUC,Default,RF,0.739,0.744,0.5000000000000004
46924 (363632),E-CommereShippingData,[97],10999,11,2.0,45.45,✓| ✓,AUC,Tuned,RF,0.74,0.744,0.40000000000000036
46924 (363632),E-CommereShippingData,[97],10999,11,2.0,45.45,✓| ✓,AUC,Tuned + Ens.,RF,0.741,0.744,0.30000000000000027
46927 (363671),Fitness_Club,[75],1500,7,2.0,57.14,✓| ✓,AUC,Default,RF,0.775,0.822,4.699999999999993
46927 (363671),Fitness_Club,[75],1500,7,2.0,57.14,✓| ✓,AUC,Tuned,RF,0.801,0.82,1.8999999999999906
46927 (363671),Fitness_Club,[75],1500,7,2.0,57.14,✓| ✓,AUC,Tuned + Ens.,RF,0.8,0.819,1.8999999999999906
46928 (363672),Food_Delivery_Time,[108],45451,10,,30.0,✗| ✗,rmse,Default,RF,7.855,7.379,6.05983450031828
46928 (363672),Food_Delivery_Time,[108],45451,10,,30.0,✗| ✗,rmse,Tuned,RF,7.587,7.367,2.8996968498747826
46928 (363672),Food_Delivery_Time,[108],45451,10,,30.0,✗| ✗,rmse,Tuned + Ens.,RF,7.588,7.362,2.97838692672641
46929 (363673),GiveMeSomeCredit,[116],150000,11,2.0,9.09,✗| ✓,AUC,Default,RF,0.846,0.866,2.0000000000000018
46929 (363673),GiveMeSomeCredit,[116],150000,11,2.0,9.09,✗| ✓,AUC,Tuned,RF,0.862,0.867,0.5000000000000004
46929 (363673),GiveMeSomeCredit,[116],150000,11,2.0,9.09,✗| ✓,AUC,Tuned + Ens.,RF,0.863,0.867,0.40000000000000036
46935 (363679),HR_Analytics_Job_Change,[101],19158,13,2.0,76.92,✗| ✓,AUC,Default,RF,0.789,0.805,1.6000000000000014
46935 (363679),HR_Analytics_Job_Change,[101],19158,13,2.0,76.92,✗| ✓,AUC,Tuned,RF,0.802,0.804,0.20000000000000018
46935 (363679),HR_Analytics_Job_Change,[101],19158,13,2.0,76.92,✗| ✓,AUC,Tuned + Ens.,RF,0.802,0.805,0.30000000000000027
46938 (363682),Is-this-a-good-customer,[79],1723,14,2.0,64.29,✓| ✓,AUC,Default,RF,0.721,0.751,3.0000000000000027
46938 (363682),Is-this-a-good-customer,[79],1723,14,2.0,64.29,✓| ✓,AUC,Tuned,RF,0.727,0.745,1.8000000000000016
46938 (363682),Is-this-a-good-customer,[79],1723,14,2.0,64.29,✓| ✓,AUC,Tuned + Ens.,RF,0.729,0.748,1.9000000000000017
46980 (363711),MIC,[78],1699,112,8.0,84.82,✓| ✓,logloss,Default,RF,0.513,0.432,15.789473684210527
46980 (363711),MIC,[78],1699,112,8.0,84.82,✓| ✓,logloss,Tuned,RF,0.485,0.431,11.1340206185567
46980 (363711),MIC,[78],1699,112,8.0,84.82,✓| ✓,logloss,Tuned + Ens.,RF,0.474,0.43,9.282700421940927
46940 (363684),Marketing_Campaign,[80],2240,26,2.0,34.62,✓| ✓,AUC,Default,RF,0.883,0.915,3.200000000000003
46940 (363684),Marketing_Campaign,[80],2240,26,2.0,34.62,✓| ✓,AUC,Tuned,RF,0.881,0.916,3.500000000000003
46940 (363684),Marketing_Campaign,[80],2240,26,2.0,34.62,✓| ✓,AUC,Tuned + Ens.,RF,0.882,0.919,3.7000000000000033
46969 (363689),NATICUSdroid,[92],7491,87,2.0,100.0,✓| ✓,AUC,Default,RF,0.977,0.987,1.0000000000000009
46969 (363689),NATICUSdroid,[92],7491,87,2.0,100.0,✓| ✓,AUC,Tuned,RF,0.981,0.986,0.5000000000000004
46969 (363689),NATICUSdroid,[92],7491,87,2.0,100.0,✓| ✓,AUC,Tuned + Ens.,RF,0.981,0.987,0.6000000000000005
46953 (363697),QSAR-TID-11,[88],5742,1025,,0.0,✗| ✗,rmse,Default,RF,0.806,0.761,5.583126550868491
46953 (363697),QSAR-TID-11,[88],5742,1025,,0.0,✗| ✗,rmse,Tuned,RF,0.805,0.744,7.577639751552802
46953 (363697),QSAR-TID-11,[88],5742,1025,,0.0,✗| ✗,rmse,Tuned + Ens.,RF,0.796,0.734,7.788944723618096
46954 (363698),QSAR_fish_toxicity,[68],907,7,,0.0,✓| ✗,rmse,Default,RF,0.907,0.859,5.292171995589861
46954 (363698),QSAR_fish_toxicity,[68],907,7,,0.0,✓| ✗,rmse,Tuned,RF,0.885,0.873,1.3559322033898318
46954 (363698),QSAR_fish_toxicity,[68],907,7,,0.0,✓| ✗,rmse,Tuned + Ens.,RF,0.884,0.86,2.714932126696835
46955 (363699),SDSS17,[114],78053,12,3.0,25.0,✗| ✓,logloss,Default,RF,0.085,0.074,12.941176470588244
46955 (363699),SDSS17,[114],78053,12,3.0,25.0,✗| ✓,logloss,Tuned,RF,0.073,0.073,0.0
46955 (363699),SDSS17,[114],78053,12,3.0,25.0,✗| ✓,logloss,Tuned + Ens.,RF,0.072,0.067,6.944444444444432
46904 (363612),airfoil_self_noise,[76],1503,6,,16.67,✓| ✗,rmse,Default,RF,1.898,1.119,41.04320337197049
46904 (363612),airfoil_self_noise,[76],1503,6,,16.67,✓| ✗,rmse,Tuned,RF,1.891,1.112,41.195134849286084
46904 (363612),airfoil_self_noise,[76],1503,6,,16.67,✓| ✗,rmse,Tuned + Ens.,RF,1.851,1.074,41.9773095623987
46906 (363614),anneal,[67],898,39,5.0,84.62,✓| ✓,logloss,Default,RF,0.046,0.016,65.21739130434783
46906 (363614),anneal,[67],898,39,5.0,84.62,✓| ✓,logloss,Tuned,RF,0.028,0.022,21.428571428571434
46906 (363614),anneal,[67],898,39,5.0,84.62,✓| ✓,logloss,Tuned + Ens.,RF,0.023,0.019,17.391304347826086
46910 (363618),bank-marketing,[106 | 107],45211,14,2.0,57.14,✗| ✓,AUC,Default,RF,0.726,0.766,4.0000000000000036
46910 (363618),bank-marketing,[106 | 107],45211,14,2.0,57.14,✗| ✓,AUC,Tuned,RF,0.761,0.766,0.5000000000000004
46910 (363618),bank-marketing,[106 | 107],45211,14,2.0,57.14,✗| ✓,AUC,Tuned + Ens.,RF,0.761,0.766,0.5000000000000004
46913 (363621),blood-transfusion-service-center,[65],748,5,2.0,20.0,✓| ✓,AUC,Default,RF,0.682,0.756,7.399999999999995
46913 (363621),blood-transfusion-service-center,[65],748,5,2.0,20.0,✓| ✓,AUC,Tuned,RF,0.714,0.754,4.0000000000000036
46913 (363621),blood-transfusion-service-center,[65],748,5,2.0,20.0,✓| ✓,AUC,Tuned + Ens.,RF,0.713,0.756,4.300000000000004
46915 (363623),churn,[87],5000,20,2.0,25.0,✓| ✓,AUC,Default,RF,0.915,0.928,1.3000000000000012
46915 (363623),churn,[87],5000,20,2.0,25.0,✓| ✓,AUC,Tuned,RF,0.913,0.932,1.9000000000000017
46915 (363623),churn,[87],5000,20,2.0,25.0,✓| ✓,AUC,Tuned + Ens.,RF,0.913,0.931,1.8000000000000016
46916 (363624),coil2000_insurance_policies,[93],9822,86,2.0,4.65,✓| ✓,AUC,Default,RF,0.697,0.761,6.400000000000006
46916 (363624),coil2000_insurance_policies,[93],9822,86,2.0,4.65,✓| ✓,AUC,Tuned,RF,0.741,0.773,3.200000000000003
46916 (363624),coil2000_insurance_policies,[93],9822,86,2.0,4.65,✓| ✓,AUC,Tuned + Ens.,RF,0.742,0.773,3.1000000000000028
46917 (363625),concrete_compressive_strength,[71],1030,9,,0.0,✓| ✗,rmse,Default,RF,5.261,4.214,19.9011594753849
46917 (363625),concrete_compressive_strength,[71],1030,9,,0.0,✓| ✗,rmse,Tuned,RF,5.189,4.171,19.61842358835999
46917 (363625),concrete_compressive_strength,[71],1030,9,,0.0,✓| ✗,rmse,Tuned + Ens.,RF,5.106,4.118,19.349784567175863
46918 (363626),credit-g,[69],1000,21,2.0,66.67,✓| ✓,AUC,Default,RF,0.783,0.793,1.0000000000000009
46918 (363626),credit-g,[69],1000,21,2.0,66.67,✓| ✓,AUC,Tuned,RF,0.781,0.795,1.4000000000000012
46918 (363626),credit-g,[69],1000,21,2.0,66.67,✓| ✓,AUC,Tuned + Ens.,RF,0.782,0.796,1.4000000000000012
46919 (363627),credit_card_clients_default,[104],30000,24,2.0,16.67,✗| ✓,AUC,Default,RF,0.765,0.788,2.300000000000002
46919 (363627),credit_card_clients_default,[104],30000,24,2.0,16.67,✗| ✓,AUC,Tuned,RF,0.78,0.788,0.8000000000000007
46919 (363627),credit_card_clients_default,[104],30000,24,2.0,16.67,✗| ✓,AUC,Tuned + Ens.,RF,0.78,0.788,0.8000000000000007
46920 (363628),customer_satisfaction_in_airline,[115],129880,22,2.0,77.27,✗| ✓,AUC,Default,RF,0.993,0.995,0.20000000000000018
46920 (363628),customer_satisfaction_in_airline,[115],129880,22,2.0,77.27,✗| ✓,AUC,Tuned,RF,0.993,0.995,0.20000000000000018
46920 (363628),customer_satisfaction_in_airline,[115],129880,22,2.0,77.27,✗| ✓,AUC,Tuned + Ens.,RF,0.993,0.996,0.30000000000000027
46921 (363629),diabetes,[66],768,9,2.0,11.11,✓| ✓,AUC,Default,RF,0.825,0.844,1.9000000000000017
46921 (363629),diabetes,[66],768,9,2.0,11.11,✓| ✓,AUC,Tuned,RF,0.83,0.842,1.200000000000001
46921 (363629),diabetes,[66],768,9,2.0,11.11,✓| ✓,AUC,Tuned + Ens.,RF,0.83,0.84,1.0000000000000009
46923 (363631),diamonds,[111],53940,10,,30.0,✗| ✗,rmse,Default,RF,549.9,520.7,5.310056373886149
46923 (363631),diamonds,[111],53940,10,,30.0,✗| ✗,rmse,Tuned,RF,549.9,520.7,5.310056373886149
46923 (363631),diamonds,[111],53940,10,,30.0,✗| ✗,rmse,Tuned + Ens.,RF,547.2,510.3,6.743421052631585
46930 (363674),hazelnut-spread-contaminant-detection,[81],2400,31,2.0,3.23,✓| ✓,AUC,Default,RF,0.958,0.992,3.400000000000003
46930 (363674),hazelnut-spread-contaminant-detection,[81],2400,31,2.0,3.23,✓| ✓,AUC,Tuned,RF,0.959,0.989,3.0000000000000027
46930 (363674),hazelnut-spread-contaminant-detection,[81],2400,31,2.0,3.23,✓| ✓,AUC,Tuned + Ens.,RF,0.96,0.989,2.9000000000000026
46931 (363675),healthcare_insurance_expenses,[73],1338,7,,42.86,✓| ✗,rmse,Default,RF,4888.5,4508.4,7.7753912243019405
46931 (363675),healthcare_insurance_expenses,[73],1338,7,,42.86,✓| ✗,rmse,Tuned,RF,4641.1,4499.7,3.0466915170972513
46931 (363675),healthcare_insurance_expenses,[73],1338,7,,42.86,✓| ✗,rmse,Tuned + Ens.,RF,4629.6,4490.4,3.0067392431311712
46932 (363676),heloc,[95],10459,24,2.0,4.17,✓| ✓,AUC,Default,RF,0.791,0.801,1.0000000000000009
46932 (363676),heloc,[95],10459,24,2.0,4.17,✓| ✓,AUC,Tuned,RF,0.792,0.801,0.9000000000000008
46932 (363676),heloc,[95],10459,24,2.0,4.17,✓| ✓,AUC,Tuned + Ens.,RF,0.793,0.801,0.8000000000000007
46933 (363677),hiva_agnostic,[85],3845,1618,3.0,100.0,✗| ✗,logloss,Default,RF,0.263,0.174,33.84030418250951
46933 (363677),hiva_agnostic,[85],3845,1618,3.0,100.0,✗| ✗,logloss,Tuned,RF,0.174,0.174,0.0
46933 (363677),hiva_agnostic,[85],3845,1618,3.0,100.0,✗| ✗,logloss,Tuned + Ens.,RF,0.174,0.174,0.0
46934 (363678),houses,[102],20640,9,,0.0,✗| ✗,rmse,Default,RF,0.231,0.204,11.688311688311698
46934 (363678),houses,[102],20640,9,,0.0,✗| ✗,rmse,Tuned,RF,0.231,0.203,12.12121212121212
46934 (363678),houses,[102],20640,9,,0.0,✗| ✗,rmse,Tuned + Ens.,RF,0.23,0.199,13.478260869565217
46937 (363681),in_vehicle_coupon_recommendation,[99],12684,25,2.0,88.0,✓| ✓,AUC,Default,RF,0.812,0.848,3.599999999999992
46937 (363681),in_vehicle_coupon_recommendation,[99],12684,25,2.0,88.0,✓| ✓,AUC,Tuned,RF,0.817,0.851,3.400000000000003
46937 (363681),in_vehicle_coupon_recommendation,[99],12684,25,2.0,88.0,✓| ✓,AUC,Tuned + Ens.,RF,0.822,0.852,3.0000000000000027
46979 (363712),jm1,[96],10885,22,2.0,4.55,✓| ✓,AUC,Default,RF,0.752,0.776,2.400000000000002
46979 (363712),jm1,[96],10885,22,2.0,4.55,✓| ✓,AUC,Tuned,RF,0.752,0.761,0.9000000000000008
46979 (363712),jm1,[96],10885,22,2.0,4.55,✓| ✓,AUC,Tuned + Ens.,RF,0.761,0.773,1.200000000000001
46939 (363683),kddcup09_appetency,[110],50000,213,2.0,18.31,✗| ✓,AUC,Default,RF,0.772,0.846,7.399999999999995
46939 (363683),kddcup09_appetency,[110],50000,213,2.0,18.31,✗| ✓,AUC,Tuned,RF,0.822,0.845,2.300000000000002
46939 (363683),kddcup09_appetency,[110],50000,213,2.0,18.31,✗| ✓,AUC,Tuned + Ens.,RF,0.821,0.846,2.500000000000002
46941 (363685),maternal_health_risk,[70],1014,7,3.0,14.29,✓| ✓,logloss,Default,RF,0.479,0.405,15.448851774530262
46941 (363685),maternal_health_risk,[70],1014,7,3.0,14.29,✓| ✓,logloss,Tuned,RF,0.47,0.439,6.595744680851058
46941 (363685),maternal_health_risk,[70],1014,7,3.0,14.29,✓| ✓,logloss,Tuned + Ens.,RF,0.448,0.428,4.464285714285718
46942 (363686),miami_housing,[100],13776,16,,6.25,✓| ✗,rmse,Default,RF,9676.0,7985.0,17.476229847044234
46942 (363686),miami_housing,[100],13776,16,,6.25,✓| ✗,rmse,Tuned,RF,9332.0,7829.0,16.10587226746678
46942 (363686),miami_housing,[100],13776,16,,6.25,✓| ✗,rmse,Tuned + Ens.,RF,9302.0,7711.0,17.103848634702214
46947 (363691),online_shoppers_intention,[98],12330,18,2.0,44.44,✓| ✓,AUC,Default,RF,0.926,0.937,1.100000000000001
46947 (363691),online_shoppers_intention,[98],12330,18,2.0,44.44,✓| ✓,AUC,Tuned,RF,0.931,0.937,0.6000000000000005
46947 (363691),online_shoppers_intention,[98],12330,18,2.0,44.44,✓| ✓,AUC,Tuned + Ens.,RF,0.932,0.937,0.5000000000000004
46949 (363693),physiochemical_protein,[109],45730,10,,0.0,✗| ✗,rmse,Default,RF,3.565,2.912,18.316970546984574
46949 (363693),physiochemical_protein,[109],45730,10,,0.0,✗| ✗,rmse,Tuned,RF,3.463,3.056,11.752815477909326
46949 (363693),physiochemical_protein,[109],45730,10,,0.0,✗| ✗,rmse,Tuned + Ens.,RF,3.471,2.985,14.001728608470188
46950 (363694),polish_companies_bankruptcy,[89],5910,65,2.0,1.54,✓| ✓,AUC,Default,RF,0.927,0.974,4.699999999999993
46950 (363694),polish_companies_bankruptcy,[89],5910,65,2.0,1.54,✓| ✓,AUC,Tuned,RF,0.935,0.979,4.399999999999993
46950 (363694),polish_companies_bankruptcy,[89],5910,65,2.0,1.54,✓| ✓,AUC,Tuned + Ens.,RF,0.938,0.981,4.300000000000004
46952 (363696),qsar-biodeg,[72],1054,42,2.0,14.29,✓| ✓,AUC,Default,RF,0.93,0.938,0.7999999999999896
46952 (363696),qsar-biodeg,[72],1054,42,2.0,14.29,✓| ✓,AUC,Tuned,RF,0.929,0.934,0.5000000000000004
46952 (363696),qsar-biodeg,[72],1054,42,2.0,14.29,✓| ✓,AUC,Tuned + Ens.,RF,0.929,0.936,0.7000000000000006
46956 (363700),seismic-bumps,[82],2584,16,2.0,25.0,✓| ✓,AUC,Default,RF,0.747,0.783,3.600000000000003
46956 (363700),seismic-bumps,[82],2584,16,2.0,25.0,✓| ✓,AUC,Tuned,RF,0.767,0.772,0.5000000000000004
46956 (363700),seismic-bumps,[82],2584,16,2.0,25.0,✓| ✓,AUC,Tuned + Ens.,RF,0.765,0.771,0.6000000000000005
46958 (363702),splice,[83],3190,61,3.0,100.0,✓| ✓,logloss,Default,RF,0.317,0.107,66.24605678233439
46958 (363702),splice,[83],3190,61,3.0,100.0,✓| ✓,logloss,Tuned,RF,0.18,0.103,42.77777777777778
46958 (363702),splice,[83],3190,61,3.0,100.0,✓| ✓,logloss,Tuned + Ens.,RF,0.178,0.099,44.38202247191011
46960 (363704),students_dropout_and_academic_success,[86],4424,37,3.0,48.65,✓| ✓,logloss,Default,RF,0.584,0.534,8.561643835616428
46960 (363704),students_dropout_and_academic_success,[86],4424,37,3.0,48.65,✓| ✓,logloss,Tuned,RF,0.576,0.529,8.15972222222221
46960 (363704),students_dropout_and_academic_success,[86],4424,37,3.0,48.65,✓| ✓,logloss,Tuned + Ens.,RF,0.574,0.527,8.188153310104518
46961 (363705),superconductivity,[103],21263,82,,0.0,✗| ✗,rmse,Default,RF,9.63,9.08,5.711318795430952
46961 (363705),superconductivity,[103],21263,82,,0.0,✗| ✗,rmse,Tuned,RF,9.62,9.28,3.534303534303533
46961 (363705),superconductivity,[103],21263,82,,0.0,✗| ✗,rmse,Tuned + Ens.,RF,9.53,9.22,3.252885624344163
46962 (363706),taiwanese_bankruptcy_prediction,[91],6819,95,2.0,1.05,✓| ✓,AUC,Default,RF,0.933,0.944,1.0999999999999899
46962 (363706),taiwanese_bankruptcy_prediction,[91],6819,95,2.0,1.05,✓| ✓,AUC,Tuned,RF,0.932,0.944,1.19999999999999
46962 (363706),taiwanese_bankruptcy_prediction,[91],6819,95,2.0,1.05,✓| ✓,AUC,Tuned + Ens.,RF,0.932,0.946,1.3999999999999901
46963 (363707),website_phishing,[74],1353,10,3.0,100.0,✓| ✓,logloss,Default,RF,0.312,0.228,26.923076923076923
46963 (363707),website_phishing,[74],1353,10,3.0,100.0,✓| ✓,logloss,Tuned,RF,0.262,0.223,14.88549618320611
46963 (363707),website_phishing,[74],1353,10,3.0,100.0,✓| ✓,logloss,Tuned + Ens.,RF,0.257,0.222,13.618677042801558
46964 (363708),wine_quality,[90],6497,13,,7.69,✓| ✗,rmse,Default,RF,0.62,0.59,4.8387096774193585
46964 (363708),wine_quality,[90],6497,13,,7.69,✓| ✗,rmse,Tuned,RF,0.616,0.605,1.7857142857142874
46964 (363708),wine_quality,[90],6497,13,,7.69,✓| ✗,rmse,Tuned + Ens.,RF,0.611,0.599,1.9639934533551573
46908 (363616),APSFailure,[113],76000,171,2.0,0.58,✗| ✓,AUC,Default,ExtraTrees,0.99,0.993,0.30000000000000027
46908 (363616),APSFailure,[113],76000,171,2.0,0.58,✗| ✓,AUC,Tuned,ExtraTrees,0.99,0.992,0.20000000000000018
46908 (363616),APSFailure,[113],76000,171,2.0,0.58,✗| ✓,AUC,Tuned + Ens.,ExtraTrees,0.991,0.993,0.20000000000000018
46905 (363613),Amazon_employee_access,[105],32769,10,2.0,100.0,✗| ✓,AUC,Default,ExtraTrees,0.833,0.882,4.900000000000004
46905 (363613),Amazon_employee_access,[105],32769,10,2.0,100.0,✗| ✓,AUC,Tuned,ExtraTrees,0.841,0.883,4.200000000000004
46905 (363613),Amazon_employee_access,[105],32769,10,2.0,100.0,✗| ✓,AUC,Tuned + Ens.,ExtraTrees,0.845,0.883,3.8000000000000034
46907 (363615),Another-Dataset-on-used-Fiat-500,[77],1538,8,,12.5,✓| ✗,rmse,Default,ExtraTrees,744.2,724.0,2.7143241064230104
46907 (363615),Another-Dataset-on-used-Fiat-500,[77],1538,8,,12.5,✓| ✗,rmse,Tuned,ExtraTrees,735.8,733.2,0.35335689045935165
46907 (363615),Another-Dataset-on-used-Fiat-500,[77],1538,8,,12.5,✓| ✗,rmse,Tuned + Ens.,ExtraTrees,735.1,726.6,1.1563052645898517
46911 (363619),Bank_Customer_Churn,[94],10000,11,2.0,45.45,✓| ✓,AUC,Default,ExtraTrees,0.851,0.872,2.100000000000002
46911 (363619),Bank_Customer_Churn,[94],10000,11,2.0,45.45,✓| ✓,AUC,Tuned,ExtraTrees,0.86,0.874,1.4000000000000012
46911 (363619),Bank_Customer_Churn,[94],10000,11,2.0,45.45,✓| ✓,AUC,Tuned + Ens.,ExtraTrees,0.861,0.874,1.3000000000000012
46912 (363620),Bioresponse,[84],3751,1777,2.0,0.06,✗| ✗,AUC,Default,ExtraTrees,0.867,0.873,0.6000000000000005
46912 (363620),Bioresponse,[84],3751,1777,2.0,0.06,✗| ✗,AUC,Tuned,ExtraTrees,0.868,0.875,0.7000000000000006
46912 (363620),Bioresponse,[84],3751,1777,2.0,0.06,✗| ✗,AUC,Tuned + Ens.,ExtraTrees,0.871,0.878,0.7000000000000006
46922 (363630),Diabetes130US,[112],71518,48,2.0,83.33,✗| ✓,AUC,Default,ExtraTrees,0.623,0.671,4.800000000000004
46922 (363630),Diabetes130US,[112],71518,48,2.0,83.33,✗| ✓,AUC,Tuned,ExtraTrees,0.651,0.671,2.0000000000000018
46922 (363630),Diabetes130US,[112],71518,48,2.0,83.33,✗| ✓,AUC,Tuned + Ens.,ExtraTrees,0.653,0.673,2.0000000000000018
46924 (363632),E-CommereShippingData,[97],10999,11,2.0,45.45,✓| ✓,AUC,Default,ExtraTrees,0.737,0.744,0.7000000000000006
46924 (363632),E-CommereShippingData,[97],10999,11,2.0,45.45,✓| ✓,AUC,Tuned,ExtraTrees,0.741,0.744,0.30000000000000027
46924 (363632),E-CommereShippingData,[97],10999,11,2.0,45.45,✓| ✓,AUC,Tuned + Ens.,ExtraTrees,0.74,0.744,0.40000000000000036
46927 (363671),Fitness_Club,[75],1500,7,2.0,57.14,✓| ✓,AUC,Default,ExtraTrees,0.769,0.822,5.299999999999994
46927 (363671),Fitness_Club,[75],1500,7,2.0,57.14,✓| ✓,AUC,Tuned,ExtraTrees,0.816,0.82,0.40000000000000036
46927 (363671),Fitness_Club,[75],1500,7,2.0,57.14,✓| ✓,AUC,Tuned + Ens.,ExtraTrees,0.815,0.819,0.40000000000000036
46928 (363672),Food_Delivery_Time,[108],45451,10,,30.0,✗| ✗,rmse,Default,ExtraTrees,8.179,7.379,9.781146839466937
46928 (363672),Food_Delivery_Time,[108],45451,10,,30.0,✗| ✗,rmse,Tuned,ExtraTrees,7.753,7.367,4.978717915645558
46928 (363672),Food_Delivery_Time,[108],45451,10,,30.0,✗| ✗,rmse,Tuned + Ens.,ExtraTrees,7.749,7.362,4.994192799070842
46929 (363673),GiveMeSomeCredit,[116],150000,11,2.0,9.09,✗| ✓,AUC,Default,ExtraTrees,0.84,0.866,2.6000000000000023
46929 (363673),GiveMeSomeCredit,[116],150000,11,2.0,9.09,✗| ✓,AUC,Tuned,ExtraTrees,0.857,0.867,1.0000000000000009
46929 (363673),GiveMeSomeCredit,[116],150000,11,2.0,9.09,✗| ✓,AUC,Tuned + Ens.,ExtraTrees,0.857,0.867,1.0000000000000009
46935 (363679),HR_Analytics_Job_Change,[101],19158,13,2.0,76.92,✗| ✓,AUC,Default,ExtraTrees,0.784,0.805,2.100000000000002
46935 (363679),HR_Analytics_Job_Change,[101],19158,13,2.0,76.92,✗| ✓,AUC,Tuned,ExtraTrees,0.8,0.804,0.40000000000000036
46935 (363679),HR_Analytics_Job_Change,[101],19158,13,2.0,76.92,✗| ✓,AUC,Tuned + Ens.,ExtraTrees,0.801,0.805,0.40000000000000036
46938 (363682),Is-this-a-good-customer,[79],1723,14,2.0,64.29,✓| ✓,AUC,Default,ExtraTrees,0.695,0.751,5.600000000000005
46938 (363682),Is-this-a-good-customer,[79],1723,14,2.0,64.29,✓| ✓,AUC,Tuned,ExtraTrees,0.713,0.745,3.200000000000003
46938 (363682),Is-this-a-good-customer,[79],1723,14,2.0,64.29,✓| ✓,AUC,Tuned + Ens.,ExtraTrees,0.718,0.748,3.0000000000000027
46980 (363711),MIC,[78],1699,112,8.0,84.82,✓| ✓,logloss,Default,ExtraTrees,0.521,0.432,17.082533589251444
46980 (363711),MIC,[78],1699,112,8.0,84.82,✓| ✓,logloss,Tuned,ExtraTrees,0.482,0.431,10.580912863070537
46980 (363711),MIC,[78],1699,112,8.0,84.82,✓| ✓,logloss,Tuned + Ens.,ExtraTrees,0.47,0.43,8.510638297872337
46940 (363684),Marketing_Campaign,[80],2240,26,2.0,34.62,✓| ✓,AUC,Default,ExtraTrees,0.884,0.915,3.1000000000000028
46940 (363684),Marketing_Campaign,[80],2240,26,2.0,34.62,✓| ✓,AUC,Tuned,ExtraTrees,0.886,0.916,3.0000000000000027
46940 (363684),Marketing_Campaign,[80],2240,26,2.0,34.62,✓| ✓,AUC,Tuned + Ens.,ExtraTrees,0.888,0.919,3.1000000000000028
46969 (363689),NATICUSdroid,[92],7491,87,2.0,100.0,✓| ✓,AUC,Default,ExtraTrees,0.977,0.987,1.0000000000000009
46969 (363689),NATICUSdroid,[92],7491,87,2.0,100.0,✓| ✓,AUC,Tuned,ExtraTrees,0.982,0.986,0.40000000000000036
46969 (363689),NATICUSdroid,[92],7491,87,2.0,100.0,✓| ✓,AUC,Tuned + Ens.,ExtraTrees,0.982,0.987,0.5000000000000004
46953 (363697),QSAR-TID-11,[88],5742,1025,,0.0,✗| ✗,rmse,Default,ExtraTrees,0.806,0.761,5.583126550868491
46953 (363697),QSAR-TID-11,[88],5742,1025,,0.0,✗| ✗,rmse,Tuned,ExtraTrees,0.802,0.744,7.231920199501253
46953 (363697),QSAR-TID-11,[88],5742,1025,,0.0,✗| ✗,rmse,Tuned + Ens.,ExtraTrees,0.791,0.734,7.206068268015177
46954 (363698),QSAR_fish_toxicity,[68],907,7,,0.0,✓| ✗,rmse,Default,ExtraTrees,0.88,0.859,2.3863636363636385
46954 (363698),QSAR_fish_toxicity,[68],907,7,,0.0,✓| ✗,rmse,Tuned,ExtraTrees,0.873,0.873,0.0
46954 (363698),QSAR_fish_toxicity,[68],907,7,,0.0,✓| ✗,rmse,Tuned + Ens.,ExtraTrees,0.87,0.86,1.1494252873563229
46955 (363699),SDSS17,[114],78053,12,3.0,25.0,✗| ✓,logloss,Default,ExtraTrees,0.131,0.074,43.511450381679396
46955 (363699),SDSS17,[114],78053,12,3.0,25.0,✗| ✓,logloss,Tuned,ExtraTrees,0.08,0.073,8.750000000000007
46955 (363699),SDSS17,[114],78053,12,3.0,25.0,✗| ✓,logloss,Tuned + Ens.,ExtraTrees,0.078,0.067,14.102564102564097
46904 (363612),airfoil_self_noise,[76],1503,6,,16.67,✓| ✗,rmse,Default,ExtraTrees,1.822,1.119,38.583973655323824
46904 (363612),airfoil_self_noise,[76],1503,6,,16.67,✓| ✗,rmse,Tuned,ExtraTrees,1.676,1.112,33.65155131264916
46904 (363612),airfoil_self_noise,[76],1503,6,,16.67,✓| ✗,rmse,Tuned + Ens.,ExtraTrees,1.683,1.074,36.18538324420677
46906 (363614),anneal,[67],898,39,5.0,84.62,✓| ✓,logloss,Default,ExtraTrees,0.064,0.016,75.0
46906 (363614),anneal,[67],898,39,5.0,84.62,✓| ✓,logloss,Tuned,ExtraTrees,0.028,0.022,21.428571428571434
46906 (363614),anneal,[67],898,39,5.0,84.62,✓| ✓,logloss,Tuned + Ens.,ExtraTrees,0.026,0.019,26.923076923076923
46910 (363618),bank-marketing,[106 | 107],45211,14,2.0,57.14,✗| ✓,AUC,Default,ExtraTrees,0.721,0.766,4.5000000000000036
46910 (363618),bank-marketing,[106 | 107],45211,14,2.0,57.14,✗| ✓,AUC,Tuned,ExtraTrees,0.758,0.766,0.8000000000000007
46910 (363618),bank-marketing,[106 | 107],45211,14,2.0,57.14,✗| ✓,AUC,Tuned + Ens.,ExtraTrees,0.758,0.766,0.8000000000000007
46913 (363621),blood-transfusion-service-center,[65],748,5,2.0,20.0,✓| ✓,AUC,Default,ExtraTrees,0.689,0.756,6.700000000000006
46913 (363621),blood-transfusion-service-center,[65],748,5,2.0,20.0,✓| ✓,AUC,Tuned,ExtraTrees,0.728,0.754,2.6000000000000023
46913 (363621),blood-transfusion-service-center,[65],748,5,2.0,20.0,✓| ✓,AUC,Tuned + Ens.,ExtraTrees,0.727,0.756,2.9000000000000026
46915 (363623),churn,[87],5000,20,2.0,25.0,✓| ✓,AUC,Default,ExtraTrees,0.917,0.928,1.100000000000001
46915 (363623),churn,[87],5000,20,2.0,25.0,✓| ✓,AUC,Tuned,ExtraTrees,0.919,0.932,1.3000000000000012
46915 (363623),churn,[87],5000,20,2.0,25.0,✓| ✓,AUC,Tuned + Ens.,ExtraTrees,0.921,0.931,1.0000000000000009
46916 (363624),coil2000_insurance_policies,[93],9822,86,2.0,4.65,✓| ✓,AUC,Default,ExtraTrees,0.696,0.761,6.500000000000005
46916 (363624),coil2000_insurance_policies,[93],9822,86,2.0,4.65,✓| ✓,AUC,Tuned,ExtraTrees,0.744,0.773,2.9000000000000026
46916 (363624),coil2000_insurance_policies,[93],9822,86,2.0,4.65,✓| ✓,AUC,Tuned + Ens.,ExtraTrees,0.748,0.773,2.500000000000002
46917 (363625),concrete_compressive_strength,[71],1030,9,,0.0,✓| ✗,rmse,Default,ExtraTrees,5.139,4.214,17.999610819225527
46917 (363625),concrete_compressive_strength,[71],1030,9,,0.0,✓| ✗,rmse,Tuned,ExtraTrees,5.073,4.171,17.780406071358172
46917 (363625),concrete_compressive_strength,[71],1030,9,,0.0,✓| ✗,rmse,Tuned + Ens.,ExtraTrees,5.048,4.118,18.423137876386683
46918 (363626),credit-g,[69],1000,21,2.0,66.67,✓| ✓,AUC,Default,ExtraTrees,0.779,0.793,1.4000000000000012
46918 (363626),credit-g,[69],1000,21,2.0,66.67,✓| ✓,AUC,Tuned,ExtraTrees,0.781,0.795,1.4000000000000012
46918 (363626),credit-g,[69],1000,21,2.0,66.67,✓| ✓,AUC,Tuned + Ens.,ExtraTrees,0.782,0.796,1.4000000000000012
46919 (363627),credit_card_clients_default,[104],30000,24,2.0,16.67,✗| ✓,AUC,Default,ExtraTrees,0.766,0.788,2.200000000000002
46919 (363627),credit_card_clients_default,[104],30000,24,2.0,16.67,✗| ✓,AUC,Tuned,ExtraTrees,0.781,0.788,0.7000000000000006
46919 (363627),credit_card_clients_default,[104],30000,24,2.0,16.67,✗| ✓,AUC,Tuned + Ens.,ExtraTrees,0.782,0.788,0.6000000000000005
46920 (363628),customer_satisfaction_in_airline,[115],129880,22,2.0,77.27,✗| ✓,AUC,Default,ExtraTrees,0.992,0.995,0.30000000000000027
46920 (363628),customer_satisfaction_in_airline,[115],129880,22,2.0,77.27,✗| ✓,AUC,Tuned,ExtraTrees,0.994,0.995,0.10000000000000009
46920 (363628),customer_satisfaction_in_airline,[115],129880,22,2.0,77.27,✗| ✓,AUC,Tuned + Ens.,ExtraTrees,0.994,0.996,0.20000000000000018
46921 (363629),diabetes,[66],768,9,2.0,11.11,✓| ✓,AUC,Default,ExtraTrees,0.826,0.844,1.8000000000000016
46921 (363629),diabetes,[66],768,9,2.0,11.11,✓| ✓,AUC,Tuned,ExtraTrees,0.837,0.842,0.5000000000000004
46921 (363629),diabetes,[66],768,9,2.0,11.11,✓| ✓,AUC,Tuned + Ens.,ExtraTrees,0.837,0.84,0.30000000000000027
46923 (363631),diamonds,[111],53940,10,,30.0,✗| ✗,rmse,Default,ExtraTrees,536.6,520.7,2.9631010063361862
46923 (363631),diamonds,[111],53940,10,,30.0,✗| ✗,rmse,Tuned,ExtraTrees,536.3,520.7,2.9088196904717343
46923 (363631),diamonds,[111],53940,10,,30.0,✗| ✗,rmse,Tuned + Ens.,ExtraTrees,534.6,510.3,4.545454545454548
46930 (363674),hazelnut-spread-contaminant-detection,[81],2400,31,2.0,3.23,✓| ✓,AUC,Default,ExtraTrees,0.955,0.992,3.7000000000000033
46930 (363674),hazelnut-spread-contaminant-detection,[81],2400,31,2.0,3.23,✓| ✓,AUC,Tuned,ExtraTrees,0.964,0.989,2.500000000000002
46930 (363674),hazelnut-spread-contaminant-detection,[81],2400,31,2.0,3.23,✓| ✓,AUC,Tuned + Ens.,ExtraTrees,0.964,0.989,2.500000000000002
46931 (363675),healthcare_insurance_expenses,[73],1338,7,,42.86,✓| ✗,rmse,Default,ExtraTrees,4844.9,4508.4,6.945447790460071
46931 (363675),healthcare_insurance_expenses,[73],1338,7,,42.86,✓| ✗,rmse,Tuned,ExtraTrees,4607.0,4499.7,2.329064467115263
46931 (363675),healthcare_insurance_expenses,[73],1338,7,,42.86,✓| ✗,rmse,Tuned + Ens.,ExtraTrees,4609.9,4490.4,2.5922471203279898
46932 (363676),heloc,[95],10459,24,2.0,4.17,✓| ✓,AUC,Default,ExtraTrees,0.79,0.801,1.100000000000001
46932 (363676),heloc,[95],10459,24,2.0,4.17,✓| ✓,AUC,Tuned,ExtraTrees,0.793,0.801,0.8000000000000007
46932 (363676),heloc,[95],10459,24,2.0,4.17,✓| ✓,AUC,Tuned + Ens.,ExtraTrees,0.793,0.801,0.8000000000000007
46933 (363677),hiva_agnostic,[85],3845,1618,3.0,100.0,✗| ✗,logloss,Default,ExtraTrees,0.268,0.174,35.07462686567165
46933 (363677),hiva_agnostic,[85],3845,1618,3.0,100.0,✗| ✗,logloss,Tuned,ExtraTrees,0.174,0.174,0.0
46933 (363677),hiva_agnostic,[85],3845,1618,3.0,100.0,✗| ✗,logloss,Tuned + Ens.,ExtraTrees,0.174,0.174,0.0
46934 (363678),houses,[102],20640,9,,0.0,✗| ✗,rmse,Default,ExtraTrees,0.243,0.204,16.049382716049383
46934 (363678),houses,[102],20640,9,,0.0,✗| ✗,rmse,Tuned,ExtraTrees,0.238,0.203,14.705882352941165
46934 (363678),houses,[102],20640,9,,0.0,✗| ✗,rmse,Tuned + Ens.,ExtraTrees,0.238,0.199,16.38655462184873
46937 (363681),in_vehicle_coupon_recommendation,[99],12684,25,2.0,88.0,✓| ✓,AUC,Default,ExtraTrees,0.798,0.848,4.999999999999993
46937 (363681),in_vehicle_coupon_recommendation,[99],12684,25,2.0,88.0,✓| ✓,AUC,Tuned,ExtraTrees,0.804,0.851,4.699999999999993
46937 (363681),in_vehicle_coupon_recommendation,[99],12684,25,2.0,88.0,✓| ✓,AUC,Tuned + Ens.,ExtraTrees,0.811,0.852,4.0999999999999925
46979 (363712),jm1,[96],10885,22,2.0,4.55,✓| ✓,AUC,Default,ExtraTrees,0.756,0.776,2.0000000000000018
46979 (363712),jm1,[96],10885,22,2.0,4.55,✓| ✓,AUC,Tuned,ExtraTrees,0.758,0.761,0.30000000000000027
46979 (363712),jm1,[96],10885,22,2.0,4.55,✓| ✓,AUC,Tuned + Ens.,ExtraTrees,0.765,0.773,0.8000000000000007
46939 (363683),kddcup09_appetency,[110],50000,213,2.0,18.31,✗| ✓,AUC,Default,ExtraTrees,0.771,0.846,7.499999999999996
46939 (363683),kddcup09_appetency,[110],50000,213,2.0,18.31,✗| ✓,AUC,Tuned,ExtraTrees,0.819,0.845,2.6000000000000023
46939 (363683),kddcup09_appetency,[110],50000,213,2.0,18.31,✗| ✓,AUC,Tuned + Ens.,ExtraTrees,0.821,0.846,2.500000000000002
46941 (363685),maternal_health_risk,[70],1014,7,3.0,14.29,✓| ✓,logloss,Default,ExtraTrees,0.478,0.405,15.271966527196643
46941 (363685),maternal_health_risk,[70],1014,7,3.0,14.29,✓| ✓,logloss,Tuned,ExtraTrees,0.453,0.439,3.090507726269318
46941 (363685),maternal_health_risk,[70],1014,7,3.0,14.29,✓| ✓,logloss,Tuned + Ens.,ExtraTrees,0.443,0.428,3.386004514672689
46942 (363686),miami_housing,[100],13776,16,,6.25,✓| ✗,rmse,Default,ExtraTrees,9482.0,7985.0,15.787808479223791
46942 (363686),miami_housing,[100],13776,16,,6.25,✓| ✗,rmse,Tuned,ExtraTrees,9195.0,7829.0,14.855899945622623
46942 (363686),miami_housing,[100],13776,16,,6.25,✓| ✗,rmse,Tuned + Ens.,ExtraTrees,9166.0,7711.0,15.87388173685359
46947 (363691),online_shoppers_intention,[98],12330,18,2.0,44.44,✓| ✓,AUC,Default,ExtraTrees,0.918,0.937,1.9000000000000017
46947 (363691),online_shoppers_intention,[98],12330,18,2.0,44.44,✓| ✓,AUC,Tuned,ExtraTrees,0.931,0.937,0.6000000000000005
46947 (363691),online_shoppers_intention,[98],12330,18,2.0,44.44,✓| ✓,AUC,Tuned + Ens.,ExtraTrees,0.931,0.937,0.6000000000000005
46949 (363693),physiochemical_protein,[109],45730,10,,0.0,✗| ✗,rmse,Default,ExtraTrees,3.548,2.912,17.92559188275085
46949 (363693),physiochemical_protein,[109],45730,10,,0.0,✗| ✗,rmse,Tuned,ExtraTrees,3.466,3.056,11.82919792267744
46949 (363693),physiochemical_protein,[109],45730,10,,0.0,✗| ✗,rmse,Tuned + Ens.,ExtraTrees,3.474,2.985,14.075993091537143
46950 (363694),polish_companies_bankruptcy,[89],5910,65,2.0,1.54,✓| ✓,AUC,Default,ExtraTrees,0.874,0.974,9.999999999999998
46950 (363694),polish_companies_bankruptcy,[89],5910,65,2.0,1.54,✓| ✓,AUC,Tuned,ExtraTrees,0.891,0.979,8.799999999999997
46950 (363694),polish_companies_bankruptcy,[89],5910,65,2.0,1.54,✓| ✓,AUC,Tuned + Ens.,ExtraTrees,0.893,0.981,8.799999999999997
46952 (363696),qsar-biodeg,[72],1054,42,2.0,14.29,✓| ✓,AUC,Default,ExtraTrees,0.932,0.938,0.5999999999999894
46952 (363696),qsar-biodeg,[72],1054,42,2.0,14.29,✓| ✓,AUC,Tuned,ExtraTrees,0.932,0.934,0.20000000000000018
46952 (363696),qsar-biodeg,[72],1054,42,2.0,14.29,✓| ✓,AUC,Tuned + Ens.,ExtraTrees,0.934,0.936,0.20000000000000018
46956 (363700),seismic-bumps,[82],2584,16,2.0,25.0,✓| ✓,AUC,Default,ExtraTrees,0.734,0.783,4.900000000000004
46956 (363700),seismic-bumps,[82],2584,16,2.0,25.0,✓| ✓,AUC,Tuned,ExtraTrees,0.767,0.772,0.5000000000000004
46956 (363700),seismic-bumps,[82],2584,16,2.0,25.0,✓| ✓,AUC,Tuned + Ens.,ExtraTrees,0.771,0.771,0.0
46958 (363702),splice,[83],3190,61,3.0,100.0,✓| ✓,logloss,Default,ExtraTrees,0.393,0.107,72.77353689567431
46958 (363702),splice,[83],3190,61,3.0,100.0,✓| ✓,logloss,Tuned,ExtraTrees,0.175,0.103,41.14285714285714
46958 (363702),splice,[83],3190,61,3.0,100.0,✓| ✓,logloss,Tuned + Ens.,ExtraTrees,0.173,0.099,42.774566473988436
46960 (363704),students_dropout_and_academic_success,[86],4424,37,3.0,48.65,✓| ✓,logloss,Default,ExtraTrees,0.591,0.534,9.64467005076141
46960 (363704),students_dropout_and_academic_success,[86],4424,37,3.0,48.65,✓| ✓,logloss,Tuned,ExtraTrees,0.57,0.529,7.192982456140339
46960 (363704),students_dropout_and_academic_success,[86],4424,37,3.0,48.65,✓| ✓,logloss,Tuned + Ens.,ExtraTrees,0.566,0.527,6.890459363957584
46961 (363705),superconductivity,[103],21263,82,,0.0,✗| ✗,rmse,Default,ExtraTrees,9.43,9.08,3.7115588547189784
46961 (363705),superconductivity,[103],21263,82,,0.0,✗| ✗,rmse,Tuned,ExtraTrees,9.43,9.28,1.5906680805938531
46961 (363705),superconductivity,[103],21263,82,,0.0,✗| ✗,rmse,Tuned + Ens.,ExtraTrees,9.39,9.22,1.8104366347177838
46962 (363706),taiwanese_bankruptcy_prediction,[91],6819,95,2.0,1.05,✓| ✓,AUC,Default,ExtraTrees,0.937,0.944,0.6999999999999895
46962 (363706),taiwanese_bankruptcy_prediction,[91],6819,95,2.0,1.05,✓| ✓,AUC,Tuned,ExtraTrees,0.937,0.944,0.6999999999999895
46962 (363706),taiwanese_bankruptcy_prediction,[91],6819,95,2.0,1.05,✓| ✓,AUC,Tuned + Ens.,ExtraTrees,0.938,0.946,0.8000000000000007
46963 (363707),website_phishing,[74],1353,10,3.0,100.0,✓| ✓,logloss,Default,ExtraTrees,0.312,0.228,26.923076923076923
46963 (363707),website_phishing,[74],1353,10,3.0,100.0,✓| ✓,logloss,Tuned,ExtraTrees,0.258,0.223,13.56589147286822
46963 (363707),website_phishing,[74],1353,10,3.0,100.0,✓| ✓,logloss,Tuned + Ens.,ExtraTrees,0.25,0.222,11.2
46964 (363708),wine_quality,[90],6497,13,,7.69,✓| ✗,rmse,Default,ExtraTrees,0.613,0.59,3.752039151712891
46964 (363708),wine_quality,[90],6497,13,,7.69,✓| ✗,rmse,Tuned,ExtraTrees,0.606,0.605,0.16501650165016518
46964 (363708),wine_quality,[90],6497,13,,7.69,✓| ✗,rmse,Tuned + Ens.,ExtraTrees,0.603,0.599,0.663349917081261
46908 (363616),APSFailure,[113],76000,171,2.0,0.58,✗| ✓,AUC,Default,XGBoost,0.992,0.993,0.10000000000000009
46908 (363616),APSFailure,[113],76000,171,2.0,0.58,✗| ✓,AUC,Tuned,XGBoost,0.992,0.992,0.0
46908 (363616),APSFailure,[113],76000,171,2.0,0.58,✗| ✓,AUC,Tuned + Ens.,XGBoost,0.992,0.993,0.10000000000000009
46905 (363613),Amazon_employee_access,[105],32769,10,2.0,100.0,✗| ✓,AUC,Default,XGBoost,0.834,0.882,4.800000000000004
46905 (363613),Amazon_employee_access,[105],32769,10,2.0,100.0,✗| ✓,AUC,Tuned,XGBoost,0.859,0.883,2.400000000000002
46905 (363613),Amazon_employee_access,[105],32769,10,2.0,100.0,✗| ✓,AUC,Tuned + Ens.,XGBoost,0.862,0.883,2.100000000000002
46907 (363615),Another-Dataset-on-used-Fiat-500,[77],1538,8,,12.5,✓| ✗,rmse,Default,XGBoost,754.6,724.0,4.055128544924466
46907 (363615),Another-Dataset-on-used-Fiat-500,[77],1538,8,,12.5,✓| ✗,rmse,Tuned,XGBoost,741.4,733.2,1.1060156460749841
46907 (363615),Another-Dataset-on-used-Fiat-500,[77],1538,8,,12.5,✓| ✗,rmse,Tuned + Ens.,XGBoost,737.1,726.6,1.4245014245014245
46911 (363619),Bank_Customer_Churn,[94],10000,11,2.0,45.45,✓| ✓,AUC,Default,XGBoost,0.864,0.872,0.8000000000000007
46911 (363619),Bank_Customer_Churn,[94],10000,11,2.0,45.45,✓| ✓,AUC,Tuned,XGBoost,0.866,0.874,0.8000000000000007
46911 (363619),Bank_Customer_Churn,[94],10000,11,2.0,45.45,✓| ✓,AUC,Tuned + Ens.,XGBoost,0.866,0.874,0.8000000000000007
46912 (363620),Bioresponse,[84],3751,1777,2.0,0.06,✗| ✗,AUC,Default,XGBoost,0.873,0.873,0.0
46912 (363620),Bioresponse,[84],3751,1777,2.0,0.06,✗| ✗,AUC,Tuned,XGBoost,0.875,0.875,0.0
46912 (363620),Bioresponse,[84],3751,1777,2.0,0.06,✗| ✗,AUC,Tuned + Ens.,XGBoost,0.876,0.878,0.20000000000000018
46922 (363630),Diabetes130US,[112],71518,48,2.0,83.33,✗| ✓,AUC,Default,XGBoost,0.662,0.671,0.9000000000000008
46922 (363630),Diabetes130US,[112],71518,48,2.0,83.33,✗| ✓,AUC,Tuned,XGBoost,0.668,0.671,0.30000000000000027
46922 (363630),Diabetes130US,[112],71518,48,2.0,83.33,✗| ✓,AUC,Tuned + Ens.,XGBoost,0.67,0.673,0.30000000000000027
46924 (363632),E-CommereShippingData,[97],10999,11,2.0,45.45,✓| ✓,AUC,Default,XGBoost,0.74,0.744,0.40000000000000036
46924 (363632),E-CommereShippingData,[97],10999,11,2.0,45.45,✓| ✓,AUC,Tuned,XGBoost,0.742,0.744,0.20000000000000018
46924 (363632),E-CommereShippingData,[97],10999,11,2.0,45.45,✓| ✓,AUC,Tuned + Ens.,XGBoost,0.742,0.744,0.20000000000000018
46927 (363671),Fitness_Club,[75],1500,7,2.0,57.14,✓| ✓,AUC,Default,XGBoost,0.798,0.822,2.399999999999991
46927 (363671),Fitness_Club,[75],1500,7,2.0,57.14,✓| ✓,AUC,Tuned,XGBoost,0.808,0.82,1.19999999999999
46927 (363671),Fitness_Club,[75],1500,7,2.0,57.14,✓| ✓,AUC,Tuned + Ens.,XGBoost,0.808,0.819,1.0999999999999899
46928 (363672),Food_Delivery_Time,[108],45451,10,,30.0,✗| ✗,rmse,Default,XGBoost,7.397,7.379,0.24334189536299422
46928 (363672),Food_Delivery_Time,[108],45451,10,,30.0,✗| ✗,rmse,Tuned,XGBoost,7.397,7.367,0.4055698256049784
46928 (363672),Food_Delivery_Time,[108],45451,10,,30.0,✗| ✗,rmse,Tuned + Ens.,XGBoost,7.4,7.362,0.5135135135135169
46929 (363673),GiveMeSomeCredit,[116],150000,11,2.0,9.09,✗| ✓,AUC,Default,XGBoost,0.865,0.866,0.10000000000000009
46929 (363673),GiveMeSomeCredit,[116],150000,11,2.0,9.09,✗| ✓,AUC,Tuned,XGBoost,0.866,0.867,0.10000000000000009
46929 (363673),GiveMeSomeCredit,[116],150000,11,2.0,9.09,✗| ✓,AUC,Tuned + Ens.,XGBoost,0.866,0.867,0.10000000000000009
46935 (363679),HR_Analytics_Job_Change,[101],19158,13,2.0,76.92,✗| ✓,AUC,Default,XGBoost,0.805,0.805,0.0
46935 (363679),HR_Analytics_Job_Change,[101],19158,13,2.0,76.92,✗| ✓,AUC,Tuned,XGBoost,0.803,0.804,0.10000000000000009
46935 (363679),HR_Analytics_Job_Change,[101],19158,13,2.0,76.92,✗| ✓,AUC,Tuned + Ens.,XGBoost,0.805,0.805,0.0
46938 (363682),Is-this-a-good-customer,[79],1723,14,2.0,64.29,✓| ✓,AUC,Default,XGBoost,0.723,0.751,2.8000000000000025
46938 (363682),Is-this-a-good-customer,[79],1723,14,2.0,64.29,✓| ✓,AUC,Tuned,XGBoost,0.742,0.745,0.30000000000000027
46938 (363682),Is-this-a-good-customer,[79],1723,14,2.0,64.29,✓| ✓,AUC,Tuned + Ens.,XGBoost,0.744,0.748,0.40000000000000036
46980 (363711),MIC,[78],1699,112,8.0,84.82,✓| ✓,logloss,Default,XGBoost,0.47,0.432,8.08510638297872
46980 (363711),MIC,[78],1699,112,8.0,84.82,✓| ✓,logloss,Tuned,XGBoost,0.44,0.431,2.045454545454547
46980 (363711),MIC,[78],1699,112,8.0,84.82,✓| ✓,logloss,Tuned + Ens.,XGBoost,0.44,0.43,2.2727272727272747
46940 (363684),Marketing_Campaign,[80],2240,26,2.0,34.62,✓| ✓,AUC,Default,XGBoost,0.897,0.915,1.8000000000000016
46940 (363684),Marketing_Campaign,[80],2240,26,2.0,34.62,✓| ✓,AUC,Tuned,XGBoost,0.903,0.916,1.3000000000000012
46940 (363684),Marketing_Campaign,[80],2240,26,2.0,34.62,✓| ✓,AUC,Tuned + Ens.,XGBoost,0.904,0.919,1.5000000000000013
46969 (363689),NATICUSdroid,[92],7491,87,2.0,100.0,✓| ✓,AUC,Default,XGBoost,0.985,0.987,0.20000000000000018
46969 (363689),NATICUSdroid,[92],7491,87,2.0,100.0,✓| ✓,AUC,Tuned,XGBoost,0.985,0.986,0.10000000000000009
46969 (363689),NATICUSdroid,[92],7491,87,2.0,100.0,✓| ✓,AUC,Tuned + Ens.,XGBoost,0.985,0.987,0.20000000000000018
46953 (363697),QSAR-TID-11,[88],5742,1025,,0.0,✗| ✗,rmse,Default,XGBoost,0.786,0.761,3.180661577608145
46953 (363697),QSAR-TID-11,[88],5742,1025,,0.0,✗| ✗,rmse,Tuned,XGBoost,0.761,0.744,2.23390275952694
46953 (363697),QSAR-TID-11,[88],5742,1025,,0.0,✗| ✗,rmse,Tuned + Ens.,XGBoost,0.76,0.734,3.4210526315789505
46954 (363698),QSAR_fish_toxicity,[68],907,7,,0.0,✓| ✗,rmse,Default,XGBoost,0.905,0.859,5.0828729281768
46954 (363698),QSAR_fish_toxicity,[68],907,7,,0.0,✓| ✗,rmse,Tuned,XGBoost,0.881,0.873,0.9080590238365502
46954 (363698),QSAR_fish_toxicity,[68],907,7,,0.0,✓| ✗,rmse,Tuned + Ens.,XGBoost,0.879,0.86,2.1615472127417537
46955 (363699),SDSS17,[114],78053,12,3.0,25.0,✗| ✓,logloss,Default,XGBoost,0.074,0.074,0.0
46955 (363699),SDSS17,[114],78053,12,3.0,25.0,✗| ✓,logloss,Tuned,XGBoost,0.074,0.073,1.3513513513513526
46955 (363699),SDSS17,[114],78053,12,3.0,25.0,✗| ✓,logloss,Tuned + Ens.,XGBoost,0.074,0.067,9.459459459459449
46904 (363612),airfoil_self_noise,[76],1503,6,,16.67,✓| ✗,rmse,Default,XGBoost,1.549,1.119,27.759845061329884
46904 (363612),airfoil_self_noise,[76],1503,6,,16.67,✓| ✗,rmse,Tuned,XGBoost,1.439,1.112,22.72411396803335
46904 (363612),airfoil_self_noise,[76],1503,6,,16.67,✓| ✗,rmse,Tuned + Ens.,XGBoost,1.443,1.074,25.57172557172557
46906 (363614),anneal,[67],898,39,5.0,84.62,✓| ✓,logloss,Default,XGBoost,0.039,0.016,58.97435897435898
46906 (363614),anneal,[67],898,39,5.0,84.62,✓| ✓,logloss,Tuned,XGBoost,0.031,0.022,29.03225806451613
46906 (363614),anneal,[67],898,39,5.0,84.62,✓| ✓,logloss,Tuned + Ens.,XGBoost,0.031,0.019,38.70967741935484
46910 (363618),bank-marketing,[106 | 107],45211,14,2.0,57.14,✗| ✓,AUC,Default,XGBoost,0.763,0.766,0.30000000000000027
46910 (363618),bank-marketing,[106 | 107],45211,14,2.0,57.14,✗| ✓,AUC,Tuned,XGBoost,0.765,0.766,0.10000000000000009
46910 (363618),bank-marketing,[106 | 107],45211,14,2.0,57.14,✗| ✓,AUC,Tuned + Ens.,XGBoost,0.765,0.766,0.10000000000000009
46913 (363621),blood-transfusion-service-center,[65],748,5,2.0,20.0,✓| ✓,AUC,Default,XGBoost,0.708,0.756,4.800000000000004
46913 (363621),blood-transfusion-service-center,[65],748,5,2.0,20.0,✓| ✓,AUC,Tuned,XGBoost,0.733,0.754,2.100000000000002
46913 (363621),blood-transfusion-service-center,[65],748,5,2.0,20.0,✓| ✓,AUC,Tuned + Ens.,XGBoost,0.731,0.756,2.500000000000002
46915 (363623),churn,[87],5000,20,2.0,25.0,✓| ✓,AUC,Default,XGBoost,0.923,0.928,0.5000000000000004
46915 (363623),churn,[87],5000,20,2.0,25.0,✓| ✓,AUC,Tuned,XGBoost,0.921,0.932,1.100000000000001
46915 (363623),churn,[87],5000,20,2.0,25.0,✓| ✓,AUC,Tuned + Ens.,XGBoost,0.92,0.931,1.100000000000001
46916 (363624),coil2000_insurance_policies,[93],9822,86,2.0,4.65,✓| ✓,AUC,Default,XGBoost,0.757,0.761,0.40000000000000036
46916 (363624),coil2000_insurance_policies,[93],9822,86,2.0,4.65,✓| ✓,AUC,Tuned,XGBoost,0.757,0.773,1.6000000000000014
46916 (363624),coil2000_insurance_policies,[93],9822,86,2.0,4.65,✓| ✓,AUC,Tuned + Ens.,XGBoost,0.758,0.773,1.5000000000000013
46917 (363625),concrete_compressive_strength,[71],1030,9,,0.0,✓| ✗,rmse,Default,XGBoost,4.755,4.214,11.377497371188213
46917 (363625),concrete_compressive_strength,[71],1030,9,,0.0,✓| ✗,rmse,Tuned,XGBoost,4.236,4.171,1.5344664778092423
46917 (363625),concrete_compressive_strength,[71],1030,9,,0.0,✓| ✗,rmse,Tuned + Ens.,XGBoost,4.222,4.118,2.463287541449552
46918 (363626),credit-g,[69],1000,21,2.0,66.67,✓| ✓,AUC,Default,XGBoost,0.783,0.793,1.0000000000000009
46918 (363626),credit-g,[69],1000,21,2.0,66.67,✓| ✓,AUC,Tuned,XGBoost,0.792,0.795,0.30000000000000027
46918 (363626),credit-g,[69],1000,21,2.0,66.67,✓| ✓,AUC,Tuned + Ens.,XGBoost,0.793,0.796,0.30000000000000027
46919 (363627),credit_card_clients_default,[104],30000,24,2.0,16.67,✗| ✓,AUC,Default,XGBoost,0.783,0.788,0.5000000000000004
46919 (363627),credit_card_clients_default,[104],30000,24,2.0,16.67,✗| ✓,AUC,Tuned,XGBoost,0.785,0.788,0.30000000000000027
46919 (363627),credit_card_clients_default,[104],30000,24,2.0,16.67,✗| ✓,AUC,Tuned + Ens.,XGBoost,0.785,0.788,0.30000000000000027
46920 (363628),customer_satisfaction_in_airline,[115],129880,22,2.0,77.27,✗| ✓,AUC,Default,XGBoost,0.994,0.995,0.10000000000000009
46920 (363628),customer_satisfaction_in_airline,[115],129880,22,2.0,77.27,✗| ✓,AUC,Tuned,XGBoost,0.994,0.995,0.10000000000000009
46920 (363628),customer_satisfaction_in_airline,[115],129880,22,2.0,77.27,✗| ✓,AUC,Tuned + Ens.,XGBoost,0.994,0.996,0.20000000000000018
46921 (363629),diabetes,[66],768,9,2.0,11.11,✓| ✓,AUC,Default,XGBoost,0.824,0.844,2.0000000000000018
46921 (363629),diabetes,[66],768,9,2.0,11.11,✓| ✓,AUC,Tuned,XGBoost,0.83,0.842,1.200000000000001
46921 (363629),diabetes,[66],768,9,2.0,11.11,✓| ✓,AUC,Tuned + Ens.,XGBoost,0.832,0.84,0.8000000000000007
46923 (363631),diamonds,[111],53940,10,,30.0,✗| ✗,rmse,Default,XGBoost,539.0,520.7,3.395176252319101
46923 (363631),diamonds,[111],53940,10,,30.0,✗| ✗,rmse,Tuned,XGBoost,530.1,520.7,1.7732503301263869
46923 (363631),diamonds,[111],53940,10,,30.0,✗| ✗,rmse,Tuned + Ens.,XGBoost,528.2,510.3,3.3888678530859586
46930 (363674),hazelnut-spread-contaminant-detection,[81],2400,31,2.0,3.23,✓| ✓,AUC,Default,XGBoost,0.973,0.992,1.9000000000000017
46930 (363674),hazelnut-spread-contaminant-detection,[81],2400,31,2.0,3.23,✓| ✓,AUC,Tuned,XGBoost,0.975,0.989,1.4000000000000012
46930 (363674),hazelnut-spread-contaminant-detection,[81],2400,31,2.0,3.23,✓| ✓,AUC,Tuned + Ens.,XGBoost,0.975,0.989,1.4000000000000012
46931 (363675),healthcare_insurance_expenses,[73],1338,7,,42.86,✓| ✗,rmse,Default,XGBoost,4672.0,4508.4,3.501712328767131
46931 (363675),healthcare_insurance_expenses,[73],1338,7,,42.86,✓| ✗,rmse,Tuned,XGBoost,4523.3,4499.7,0.5217429752614322
46931 (363675),healthcare_insurance_expenses,[73],1338,7,,42.86,✓| ✗,rmse,Tuned + Ens.,XGBoost,4519.6,4490.4,0.6460748738826605
46932 (363676),heloc,[95],10459,24,2.0,4.17,✓| ✓,AUC,Default,XGBoost,0.794,0.801,0.7000000000000006
46932 (363676),heloc,[95],10459,24,2.0,4.17,✓| ✓,AUC,Tuned,XGBoost,0.797,0.801,0.40000000000000036
46932 (363676),heloc,[95],10459,24,2.0,4.17,✓| ✓,AUC,Tuned + Ens.,XGBoost,0.797,0.801,0.40000000000000036
46933 (363677),hiva_agnostic,[85],3845,1618,3.0,100.0,✗| ✗,logloss,Default,XGBoost,0.182,0.174,4.3956043956043995
46933 (363677),hiva_agnostic,[85],3845,1618,3.0,100.0,✗| ✗,logloss,Tuned,XGBoost,0.179,0.174,2.7932960893854775
46933 (363677),hiva_agnostic,[85],3845,1618,3.0,100.0,✗| ✗,logloss,Tuned + Ens.,XGBoost,0.179,0.174,2.7932960893854775
46934 (363678),houses,[102],20640,9,,0.0,✗| ✗,rmse,Default,XGBoost,0.215,0.204,5.1162790697674465
46934 (363678),houses,[102],20640,9,,0.0,✗| ✗,rmse,Tuned,XGBoost,0.215,0.203,5.5813953488372015
46934 (363678),houses,[102],20640,9,,0.0,✗| ✗,rmse,Tuned + Ens.,XGBoost,0.215,0.199,7.441860465116274
46937 (363681),in_vehicle_coupon_recommendation,[99],12684,25,2.0,88.0,✓| ✓,AUC,Default,XGBoost,0.832,0.848,1.6000000000000014
46937 (363681),in_vehicle_coupon_recommendation,[99],12684,25,2.0,88.0,✓| ✓,AUC,Tuned,XGBoost,0.842,0.851,0.9000000000000008
46937 (363681),in_vehicle_coupon_recommendation,[99],12684,25,2.0,88.0,✓| ✓,AUC,Tuned + Ens.,XGBoost,0.843,0.852,0.9000000000000008
46979 (363712),jm1,[96],10885,22,2.0,4.55,✓| ✓,AUC,Default,XGBoost,0.748,0.776,2.8000000000000025
46979 (363712),jm1,[96],10885,22,2.0,4.55,✓| ✓,AUC,Tuned,XGBoost,0.749,0.761,1.200000000000001
46979 (363712),jm1,[96],10885,22,2.0,4.55,✓| ✓,AUC,Tuned + Ens.,XGBoost,0.752,0.773,2.100000000000002
46939 (363683),kddcup09_appetency,[110],50000,213,2.0,18.31,✗| ✓,AUC,Default,XGBoost,0.83,0.846,1.6000000000000014
46939 (363683),kddcup09_appetency,[110],50000,213,2.0,18.31,✗| ✓,AUC,Tuned,XGBoost,0.833,0.845,1.200000000000001
46939 (363683),kddcup09_appetency,[110],50000,213,2.0,18.31,✗| ✓,AUC,Tuned + Ens.,XGBoost,0.837,0.846,0.9000000000000008
46941 (363685),maternal_health_risk,[70],1014,7,3.0,14.29,✓| ✓,logloss,Default,XGBoost,0.47,0.405,13.829787234042543
46941 (363685),maternal_health_risk,[70],1014,7,3.0,14.29,✓| ✓,logloss,Tuned,XGBoost,0.459,0.439,4.357298474945537
46941 (363685),maternal_health_risk,[70],1014,7,3.0,14.29,✓| ✓,logloss,Tuned + Ens.,XGBoost,0.462,0.428,7.3593073593073655
46942 (363686),miami_housing,[100],13776,16,,6.25,✓| ✗,rmse,Default,XGBoost,8650.0,7985.0,7.687861271676301
46942 (363686),miami_housing,[100],13776,16,,6.25,✓| ✗,rmse,Tuned,XGBoost,8062.0,7829.0,2.890101711734061
46942 (363686),miami_housing,[100],13776,16,,6.25,✓| ✗,rmse,Tuned + Ens.,XGBoost,8042.0,7711.0,4.115891569261378
46947 (363691),online_shoppers_intention,[98],12330,18,2.0,44.44,✓| ✓,AUC,Default,XGBoost,0.935,0.937,0.20000000000000018
46947 (363691),online_shoppers_intention,[98],12330,18,2.0,44.44,✓| ✓,AUC,Tuned,XGBoost,0.934,0.937,0.30000000000000027
46947 (363691),online_shoppers_intention,[98],12330,18,2.0,44.44,✓| ✓,AUC,Tuned + Ens.,XGBoost,0.936,0.937,0.10000000000000009
46949 (363693),physiochemical_protein,[109],45730,10,,0.0,✗| ✗,rmse,Default,XGBoost,3.513,2.912,17.107884998576715
46949 (363693),physiochemical_protein,[109],45730,10,,0.0,✗| ✗,rmse,Tuned,XGBoost,3.39,3.056,9.85250737463127
46949 (363693),physiochemical_protein,[109],45730,10,,0.0,✗| ✗,rmse,Tuned + Ens.,XGBoost,3.39,2.985,11.946902654867264
46950 (363694),polish_companies_bankruptcy,[89],5910,65,2.0,1.54,✓| ✓,AUC,Default,XGBoost,0.958,0.974,1.6000000000000014
46950 (363694),polish_companies_bankruptcy,[89],5910,65,2.0,1.54,✓| ✓,AUC,Tuned,XGBoost,0.957,0.979,2.200000000000002
46950 (363694),polish_companies_bankruptcy,[89],5910,65,2.0,1.54,✓| ✓,AUC,Tuned + Ens.,XGBoost,0.957,0.981,2.400000000000002
46952 (363696),qsar-biodeg,[72],1054,42,2.0,14.29,✓| ✓,AUC,Default,XGBoost,0.926,0.938,1.19999999999999
46952 (363696),qsar-biodeg,[72],1054,42,2.0,14.29,✓| ✓,AUC,Tuned,XGBoost,0.931,0.934,0.30000000000000027
46952 (363696),qsar-biodeg,[72],1054,42,2.0,14.29,✓| ✓,AUC,Tuned + Ens.,XGBoost,0.931,0.936,0.5000000000000004
46956 (363700),seismic-bumps,[82],2584,16,2.0,25.0,✓| ✓,AUC,Default,XGBoost,0.759,0.783,2.400000000000002
46956 (363700),seismic-bumps,[82],2584,16,2.0,25.0,✓| ✓,AUC,Tuned,XGBoost,0.768,0.772,0.40000000000000036
46956 (363700),seismic-bumps,[82],2584,16,2.0,25.0,✓| ✓,AUC,Tuned + Ens.,XGBoost,0.771,0.771,0.0
46958 (363702),splice,[83],3190,61,3.0,100.0,✓| ✓,logloss,Default,XGBoost,0.119,0.107,10.084033613445376
46958 (363702),splice,[83],3190,61,3.0,100.0,✓| ✓,logloss,Tuned,XGBoost,0.109,0.103,5.504587155963308
46958 (363702),splice,[83],3190,61,3.0,100.0,✓| ✓,logloss,Tuned + Ens.,XGBoost,0.109,0.099,9.1743119266055
46960 (363704),students_dropout_and_academic_success,[86],4424,37,3.0,48.65,✓| ✓,logloss,Default,XGBoost,0.554,0.534,3.6101083032491004
46960 (363704),students_dropout_and_academic_success,[86],4424,37,3.0,48.65,✓| ✓,logloss,Tuned,XGBoost,0.545,0.529,2.935779816513764
46960 (363704),students_dropout_and_academic_success,[86],4424,37,3.0,48.65,✓| ✓,logloss,Tuned + Ens.,XGBoost,0.546,0.527,3.4798534798534826
46961 (363705),superconductivity,[103],21263,82,,0.0,✗| ✗,rmse,Default,XGBoost,9.45,9.08,3.9153439153439074
46961 (363705),superconductivity,[103],21263,82,,0.0,✗| ✗,rmse,Tuned,XGBoost,9.35,9.28,0.7486631016042812
46961 (363705),superconductivity,[103],21263,82,,0.0,✗| ✗,rmse,Tuned + Ens.,XGBoost,9.34,9.22,1.2847965738757947
46962 (363706),taiwanese_bankruptcy_prediction,[91],6819,95,2.0,1.05,✓| ✓,AUC,Default,XGBoost,0.941,0.944,0.30000000000000027
46962 (363706),taiwanese_bankruptcy_prediction,[91],6819,95,2.0,1.05,✓| ✓,AUC,Tuned,XGBoost,0.943,0.944,0.10000000000000009
46962 (363706),taiwanese_bankruptcy_prediction,[91],6819,95,2.0,1.05,✓| ✓,AUC,Tuned + Ens.,XGBoost,0.944,0.946,0.20000000000000018
46963 (363707),website_phishing,[74],1353,10,3.0,100.0,✓| ✓,logloss,Default,XGBoost,0.26,0.228,12.307692307692307
46963 (363707),website_phishing,[74],1353,10,3.0,100.0,✓| ✓,logloss,Tuned,XGBoost,0.251,0.223,11.155378486055776
46963 (363707),website_phishing,[74],1353,10,3.0,100.0,✓| ✓,logloss,Tuned + Ens.,XGBoost,0.251,0.222,11.553784860557768
46964 (363708),wine_quality,[90],6497,13,,7.69,✓| ✗,rmse,Default,XGBoost,0.621,0.59,4.991948470209344
46964 (363708),wine_quality,[90],6497,13,,7.69,✓| ✗,rmse,Tuned,XGBoost,0.61,0.605,0.8196721311475417
46964 (363708),wine_quality,[90],6497,13,,7.69,✓| ✗,rmse,Tuned + Ens.,XGBoost,0.61,0.599,1.8032786885245917
46908 (363616),APSFailure,[113],76000,171,2.0,0.58,✗| ✓,AUC,Default,LightGBM,0.992,0.993,0.10000000000000009
46908 (363616),APSFailure,[113],76000,171,2.0,0.58,✗| ✓,AUC,Tuned,LightGBM,0.992,0.992,0.0
46908 (363616),APSFailure,[113],76000,171,2.0,0.58,✗| ✓,AUC,Tuned + Ens.,LightGBM,0.992,0.993,0.10000000000000009
46905 (363613),Amazon_employee_access,[105],32769,10,2.0,100.0,✗| ✓,AUC,Default,LightGBM,0.843,0.882,3.9000000000000035
46905 (363613),Amazon_employee_access,[105],32769,10,2.0,100.0,✗| ✓,AUC,Tuned,LightGBM,0.85,0.883,3.300000000000003
46905 (363613),Amazon_employee_access,[105],32769,10,2.0,100.0,✗| ✓,AUC,Tuned + Ens.,LightGBM,0.858,0.883,2.500000000000002
46907 (363615),Another-Dataset-on-used-Fiat-500,[77],1538,8,,12.5,✓| ✗,rmse,Default,LightGBM,746.0,724.0,2.949061662198391
46907 (363615),Another-Dataset-on-used-Fiat-500,[77],1538,8,,12.5,✓| ✗,rmse,Tuned,LightGBM,740.4,733.2,0.972447325769845
46907 (363615),Another-Dataset-on-used-Fiat-500,[77],1538,8,,12.5,✓| ✗,rmse,Tuned + Ens.,LightGBM,729.4,726.6,0.3838771593090149
46911 (363619),Bank_Customer_Churn,[94],10000,11,2.0,45.45,✓| ✓,AUC,Default,LightGBM,0.864,0.872,0.8000000000000007
46911 (363619),Bank_Customer_Churn,[94],10000,11,2.0,45.45,✓| ✓,AUC,Tuned,LightGBM,0.866,0.874,0.8000000000000007
46911 (363619),Bank_Customer_Churn,[94],10000,11,2.0,45.45,✓| ✓,AUC,Tuned + Ens.,LightGBM,0.867,0.874,0.7000000000000006
46912 (363620),Bioresponse,[84],3751,1777,2.0,0.06,✗| ✗,AUC,Default,LightGBM,0.872,0.873,0.10000000000000009
46912 (363620),Bioresponse,[84],3751,1777,2.0,0.06,✗| ✗,AUC,Tuned,LightGBM,0.874,0.875,0.10000000000000009
46912 (363620),Bioresponse,[84],3751,1777,2.0,0.06,✗| ✗,AUC,Tuned + Ens.,LightGBM,0.875,0.878,0.30000000000000027
46922 (363630),Diabetes130US,[112],71518,48,2.0,83.33,✗| ✓,AUC,Default,LightGBM,0.648,0.671,2.300000000000002
46922 (363630),Diabetes130US,[112],71518,48,2.0,83.33,✗| ✓,AUC,Tuned,LightGBM,0.668,0.671,0.30000000000000027
46922 (363630),Diabetes130US,[112],71518,48,2.0,83.33,✗| ✓,AUC,Tuned + Ens.,LightGBM,0.672,0.673,0.10000000000000009
46924 (363632),E-CommereShippingData,[97],10999,11,2.0,45.45,✓| ✓,AUC,Default,LightGBM,0.739,0.744,0.5000000000000004
46924 (363632),E-CommereShippingData,[97],10999,11,2.0,45.45,✓| ✓,AUC,Tuned,LightGBM,0.74,0.744,0.40000000000000036
46924 (363632),E-CommereShippingData,[97],10999,11,2.0,45.45,✓| ✓,AUC,Tuned + Ens.,LightGBM,0.741,0.744,0.30000000000000027
46927 (363671),Fitness_Club,[75],1500,7,2.0,57.14,✓| ✓,AUC,Default,LightGBM,0.795,0.822,2.6999999999999913
46927 (363671),Fitness_Club,[75],1500,7,2.0,57.14,✓| ✓,AUC,Tuned,LightGBM,0.815,0.82,0.5000000000000004
46927 (363671),Fitness_Club,[75],1500,7,2.0,57.14,✓| ✓,AUC,Tuned + Ens.,LightGBM,0.814,0.819,0.5000000000000004
46928 (363672),Food_Delivery_Time,[108],45451,10,,30.0,✗| ✗,rmse,Default,LightGBM,7.616,7.379,3.1118697478991613
46928 (363672),Food_Delivery_Time,[108],45451,10,,30.0,✗| ✗,rmse,Tuned,LightGBM,7.378,7.367,0.14909189482244675
46928 (363672),Food_Delivery_Time,[108],45451,10,,30.0,✗| ✗,rmse,Tuned + Ens.,LightGBM,7.374,7.362,0.1627339300244042
46929 (363673),GiveMeSomeCredit,[116],150000,11,2.0,9.09,✗| ✓,AUC,Default,LightGBM,0.865,0.866,0.10000000000000009
46929 (363673),GiveMeSomeCredit,[116],150000,11,2.0,9.09,✗| ✓,AUC,Tuned,LightGBM,0.866,0.867,0.10000000000000009
46929 (363673),GiveMeSomeCredit,[116],150000,11,2.0,9.09,✗| ✓,AUC,Tuned + Ens.,LightGBM,0.867,0.867,0.0
46935 (363679),HR_Analytics_Job_Change,[101],19158,13,2.0,76.92,✗| ✓,AUC,Default,LightGBM,0.802,0.805,0.30000000000000027
46935 (363679),HR_Analytics_Job_Change,[101],19158,13,2.0,76.92,✗| ✓,AUC,Tuned,LightGBM,0.803,0.804,0.10000000000000009
46935 (363679),HR_Analytics_Job_Change,[101],19158,13,2.0,76.92,✗| ✓,AUC,Tuned + Ens.,LightGBM,0.804,0.805,0.10000000000000009
46938 (363682),Is-this-a-good-customer,[79],1723,14,2.0,64.29,✓| ✓,AUC,Default,LightGBM,0.724,0.751,2.7000000000000024
46938 (363682),Is-this-a-good-customer,[79],1723,14,2.0,64.29,✓| ✓,AUC,Tuned,LightGBM,0.741,0.745,0.40000000000000036
46938 (363682),Is-this-a-good-customer,[79],1723,14,2.0,64.29,✓| ✓,AUC,Tuned + Ens.,LightGBM,0.746,0.748,0.20000000000000018
46980 (363711),MIC,[78],1699,112,8.0,84.82,✓| ✓,logloss,Default,LightGBM,0.503,0.432,14.115308151093442
46980 (363711),MIC,[78],1699,112,8.0,84.82,✓| ✓,logloss,Tuned,LightGBM,0.453,0.431,4.856512141280358
46980 (363711),MIC,[78],1699,112,8.0,84.82,✓| ✓,logloss,Tuned + Ens.,LightGBM,0.453,0.43,5.0772626931567375
46940 (363684),Marketing_Campaign,[80],2240,26,2.0,34.62,✓| ✓,AUC,Default,LightGBM,0.901,0.915,1.4000000000000012
46940 (363684),Marketing_Campaign,[80],2240,26,2.0,34.62,✓| ✓,AUC,Tuned,LightGBM,0.911,0.916,0.5000000000000004
46940 (363684),Marketing_Campaign,[80],2240,26,2.0,34.62,✓| ✓,AUC,Tuned + Ens.,LightGBM,0.911,0.919,0.8000000000000007
46969 (363689),NATICUSdroid,[92],7491,87,2.0,100.0,✓| ✓,AUC,Default,LightGBM,0.985,0.987,0.20000000000000018
46969 (363689),NATICUSdroid,[92],7491,87,2.0,100.0,✓| ✓,AUC,Tuned,LightGBM,0.986,0.986,0.0
46969 (363689),NATICUSdroid,[92],7491,87,2.0,100.0,✓| ✓,AUC,Tuned + Ens.,LightGBM,0.986,0.987,0.10000000000000009
46953 (363697),QSAR-TID-11,[88],5742,1025,,0.0,✗| ✗,rmse,Default,LightGBM,0.772,0.761,1.4248704663212448
46953 (363697),QSAR-TID-11,[88],5742,1025,,0.0,✗| ✗,rmse,Tuned,LightGBM,0.758,0.744,1.846965699208445
46953 (363697),QSAR-TID-11,[88],5742,1025,,0.0,✗| ✗,rmse,Tuned + Ens.,LightGBM,0.756,0.734,2.9100529100529124
46954 (363698),QSAR_fish_toxicity,[68],907,7,,0.0,✓| ✗,rmse,Default,LightGBM,0.894,0.859,3.914988814317677
46954 (363698),QSAR_fish_toxicity,[68],907,7,,0.0,✓| ✗,rmse,Tuned,LightGBM,0.889,0.873,1.7997750281214864
46954 (363698),QSAR_fish_toxicity,[68],907,7,,0.0,✓| ✗,rmse,Tuned + Ens.,LightGBM,0.883,0.86,2.604756511891282
46955 (363699),SDSS17,[114],78053,12,3.0,25.0,✗| ✓,logloss,Default,LightGBM,0.087,0.074,14.942528735632182
46955 (363699),SDSS17,[114],78053,12,3.0,25.0,✗| ✓,logloss,Tuned,LightGBM,0.073,0.073,0.0
46955 (363699),SDSS17,[114],78053,12,3.0,25.0,✗| ✓,logloss,Tuned + Ens.,LightGBM,0.073,0.067,8.21917808219177
46904 (363612),airfoil_self_noise,[76],1503,6,,16.67,✓| ✗,rmse,Default,LightGBM,1.554,1.119,27.992277992277998
46904 (363612),airfoil_self_noise,[76],1503,6,,16.67,✓| ✗,rmse,Tuned,LightGBM,1.48,1.112,24.86486486486486
46904 (363612),airfoil_self_noise,[76],1503,6,,16.67,✓| ✗,rmse,Tuned + Ens.,LightGBM,1.451,1.074,25.98208132322536
46906 (363614),anneal,[67],898,39,5.0,84.62,✓| ✓,logloss,Default,LightGBM,0.055,0.016,70.9090909090909
46906 (363614),anneal,[67],898,39,5.0,84.62,✓| ✓,logloss,Tuned,LightGBM,0.033,0.022,33.33333333333334
46906 (363614),anneal,[67],898,39,5.0,84.62,✓| ✓,logloss,Tuned + Ens.,LightGBM,0.034,0.019,44.117647058823536
46910 (363618),bank-marketing,[106 | 107],45211,14,2.0,57.14,✗| ✓,AUC,Default,LightGBM,0.763,0.766,0.30000000000000027
46910 (363618),bank-marketing,[106 | 107],45211,14,2.0,57.14,✗| ✓,AUC,Tuned,LightGBM,0.765,0.766,0.10000000000000009
46910 (363618),bank-marketing,[106 | 107],45211,14,2.0,57.14,✗| ✓,AUC,Tuned + Ens.,LightGBM,0.766,0.766,0.0
46913 (363621),blood-transfusion-service-center,[65],748,5,2.0,20.0,✓| ✓,AUC,Default,LightGBM,0.726,0.756,3.0000000000000027
46913 (363621),blood-transfusion-service-center,[65],748,5,2.0,20.0,✓| ✓,AUC,Tuned,LightGBM,0.743,0.754,1.100000000000001
46913 (363621),blood-transfusion-service-center,[65],748,5,2.0,20.0,✓| ✓,AUC,Tuned + Ens.,LightGBM,0.743,0.756,1.3000000000000012
46915 (363623),churn,[87],5000,20,2.0,25.0,✓| ✓,AUC,Default,LightGBM,0.916,0.928,1.200000000000001
46915 (363623),churn,[87],5000,20,2.0,25.0,✓| ✓,AUC,Tuned,LightGBM,0.92,0.932,1.200000000000001
46915 (363623),churn,[87],5000,20,2.0,25.0,✓| ✓,AUC,Tuned + Ens.,LightGBM,0.92,0.931,1.100000000000001
46916 (363624),coil2000_insurance_policies,[93],9822,86,2.0,4.65,✓| ✓,AUC,Default,LightGBM,0.752,0.761,0.9000000000000008
46916 (363624),coil2000_insurance_policies,[93],9822,86,2.0,4.65,✓| ✓,AUC,Tuned,LightGBM,0.759,0.773,1.4000000000000012
46916 (363624),coil2000_insurance_policies,[93],9822,86,2.0,4.65,✓| ✓,AUC,Tuned + Ens.,LightGBM,0.761,0.773,1.200000000000001
46917 (363625),concrete_compressive_strength,[71],1030,9,,0.0,✓| ✗,rmse,Default,LightGBM,4.484,4.214,6.0214094558429885
46917 (363625),concrete_compressive_strength,[71],1030,9,,0.0,✓| ✗,rmse,Tuned,LightGBM,4.235,4.171,1.5112160566706034
46917 (363625),concrete_compressive_strength,[71],1030,9,,0.0,✓| ✗,rmse,Tuned + Ens.,LightGBM,4.212,4.118,2.231718898385551
46918 (363626),credit-g,[69],1000,21,2.0,66.67,✓| ✓,AUC,Default,LightGBM,0.771,0.793,2.200000000000002
46918 (363626),credit-g,[69],1000,21,2.0,66.67,✓| ✓,AUC,Tuned,LightGBM,0.792,0.795,0.30000000000000027
46918 (363626),credit-g,[69],1000,21,2.0,66.67,✓| ✓,AUC,Tuned + Ens.,LightGBM,0.796,0.796,0.0
46919 (363627),credit_card_clients_default,[104],30000,24,2.0,16.67,✗| ✓,AUC,Default,LightGBM,0.784,0.788,0.40000000000000036
46919 (363627),credit_card_clients_default,[104],30000,24,2.0,16.67,✗| ✓,AUC,Tuned,LightGBM,0.785,0.788,0.30000000000000027
46919 (363627),credit_card_clients_default,[104],30000,24,2.0,16.67,✗| ✓,AUC,Tuned + Ens.,LightGBM,0.785,0.788,0.30000000000000027
46920 (363628),customer_satisfaction_in_airline,[115],129880,22,2.0,77.27,✗| ✓,AUC,Default,LightGBM,0.994,0.995,0.10000000000000009
46920 (363628),customer_satisfaction_in_airline,[115],129880,22,2.0,77.27,✗| ✓,AUC,Tuned,LightGBM,0.995,0.995,0.0
46920 (363628),customer_satisfaction_in_airline,[115],129880,22,2.0,77.27,✗| ✓,AUC,Tuned + Ens.,LightGBM,0.995,0.996,0.10000000000000009
46921 (363629),diabetes,[66],768,9,2.0,11.11,✓| ✓,AUC,Default,LightGBM,0.829,0.844,1.5000000000000013
46921 (363629),diabetes,[66],768,9,2.0,11.11,✓| ✓,AUC,Tuned,LightGBM,0.838,0.842,0.40000000000000036
46921 (363629),diabetes,[66],768,9,2.0,11.11,✓| ✓,AUC,Tuned + Ens.,LightGBM,0.837,0.84,0.30000000000000027
46923 (363631),diamonds,[111],53940,10,,30.0,✗| ✗,rmse,Default,LightGBM,532.1,520.7,2.142454425859796
46923 (363631),diamonds,[111],53940,10,,30.0,✗| ✗,rmse,Tuned,LightGBM,524.9,520.7,0.8001524099828409
46923 (363631),diamonds,[111],53940,10,,30.0,✗| ✗,rmse,Tuned + Ens.,LightGBM,519.0,510.3,1.6763005780346798
46930 (363674),hazelnut-spread-contaminant-detection,[81],2400,31,2.0,3.23,✓| ✓,AUC,Default,LightGBM,0.973,0.992,1.9000000000000017
46930 (363674),hazelnut-spread-contaminant-detection,[81],2400,31,2.0,3.23,✓| ✓,AUC,Tuned,LightGBM,0.978,0.989,1.100000000000001
46930 (363674),hazelnut-spread-contaminant-detection,[81],2400,31,2.0,3.23,✓| ✓,AUC,Tuned + Ens.,LightGBM,0.978,0.989,1.100000000000001
46931 (363675),healthcare_insurance_expenses,[73],1338,7,,42.86,✓| ✗,rmse,Default,LightGBM,4610.4,4508.4,2.212389380530974
46931 (363675),healthcare_insurance_expenses,[73],1338,7,,42.86,✓| ✗,rmse,Tuned,LightGBM,4525.1,4499.7,0.5613135621312356
46931 (363675),healthcare_insurance_expenses,[73],1338,7,,42.86,✓| ✗,rmse,Tuned + Ens.,LightGBM,4511.9,4490.4,0.47651765331678453
46932 (363676),heloc,[95],10459,24,2.0,4.17,✓| ✓,AUC,Default,LightGBM,0.794,0.801,0.7000000000000006
46932 (363676),heloc,[95],10459,24,2.0,4.17,✓| ✓,AUC,Tuned,LightGBM,0.799,0.801,0.20000000000000018
46932 (363676),heloc,[95],10459,24,2.0,4.17,✓| ✓,AUC,Tuned + Ens.,LightGBM,0.799,0.801,0.20000000000000018
46933 (363677),hiva_agnostic,[85],3845,1618,3.0,100.0,✗| ✗,logloss,Default,LightGBM,0.175,0.174,0.571428571428572
46933 (363677),hiva_agnostic,[85],3845,1618,3.0,100.0,✗| ✗,logloss,Tuned,LightGBM,0.175,0.174,0.571428571428572
46933 (363677),hiva_agnostic,[85],3845,1618,3.0,100.0,✗| ✗,logloss,Tuned + Ens.,LightGBM,0.175,0.174,0.571428571428572
46934 (363678),houses,[102],20640,9,,0.0,✗| ✗,rmse,Default,LightGBM,0.217,0.204,5.990783410138254
46934 (363678),houses,[102],20640,9,,0.0,✗| ✗,rmse,Tuned,LightGBM,0.212,0.203,4.245283018867915
46934 (363678),houses,[102],20640,9,,0.0,✗| ✗,rmse,Tuned + Ens.,LightGBM,0.211,0.199,5.687203791469186
46937 (363681),in_vehicle_coupon_recommendation,[99],12684,25,2.0,88.0,✓| ✓,AUC,Default,LightGBM,0.836,0.848,1.200000000000001
46937 (363681),in_vehicle_coupon_recommendation,[99],12684,25,2.0,88.0,✓| ✓,AUC,Tuned,LightGBM,0.844,0.851,0.7000000000000006
46937 (363681),in_vehicle_coupon_recommendation,[99],12684,25,2.0,88.0,✓| ✓,AUC,Tuned + Ens.,LightGBM,0.845,0.852,0.7000000000000006
46979 (363712),jm1,[96],10885,22,2.0,4.55,✓| ✓,AUC,Default,LightGBM,0.748,0.776,2.8000000000000025
46979 (363712),jm1,[96],10885,22,2.0,4.55,✓| ✓,AUC,Tuned,LightGBM,0.751,0.761,1.0000000000000009
46979 (363712),jm1,[96],10885,22,2.0,4.55,✓| ✓,AUC,Tuned + Ens.,LightGBM,0.753,0.773,2.0000000000000018
46939 (363683),kddcup09_appetency,[110],50000,213,2.0,18.31,✗| ✓,AUC,Default,LightGBM,0.798,0.846,4.799999999999994
46939 (363683),kddcup09_appetency,[110],50000,213,2.0,18.31,✗| ✓,AUC,Tuned,LightGBM,0.821,0.845,2.400000000000002
46939 (363683),kddcup09_appetency,[110],50000,213,2.0,18.31,✗| ✓,AUC,Tuned + Ens.,LightGBM,0.829,0.846,1.7000000000000015
46941 (363685),maternal_health_risk,[70],1014,7,3.0,14.29,✓| ✓,logloss,Default,LightGBM,0.488,0.405,17.00819672131147
46941 (363685),maternal_health_risk,[70],1014,7,3.0,14.29,✓| ✓,logloss,Tuned,LightGBM,0.462,0.439,4.978354978354982
46941 (363685),maternal_health_risk,[70],1014,7,3.0,14.29,✓| ✓,logloss,Tuned + Ens.,LightGBM,0.461,0.428,7.158351409978314
46942 (363686),miami_housing,[100],13776,16,,6.25,✓| ✗,rmse,Default,LightGBM,8563.0,7985.0,6.749970804624547
46942 (363686),miami_housing,[100],13776,16,,6.25,✓| ✗,rmse,Tuned,LightGBM,8124.0,7829.0,3.63121614967996
46942 (363686),miami_housing,[100],13776,16,,6.25,✓| ✗,rmse,Tuned + Ens.,LightGBM,7961.0,7711.0,3.1403090064062305
46947 (363691),online_shoppers_intention,[98],12330,18,2.0,44.44,✓| ✓,AUC,Default,LightGBM,0.934,0.937,0.30000000000000027
46947 (363691),online_shoppers_intention,[98],12330,18,2.0,44.44,✓| ✓,AUC,Tuned,LightGBM,0.935,0.937,0.20000000000000018
46947 (363691),online_shoppers_intention,[98],12330,18,2.0,44.44,✓| ✓,AUC,Tuned + Ens.,LightGBM,0.935,0.937,0.20000000000000018
46949 (363693),physiochemical_protein,[109],45730,10,,0.0,✗| ✗,rmse,Default,LightGBM,3.477,2.912,16.249640494679323
46949 (363693),physiochemical_protein,[109],45730,10,,0.0,✗| ✗,rmse,Tuned,LightGBM,3.381,3.056,9.612540668441284
46949 (363693),physiochemical_protein,[109],45730,10,,0.0,✗| ✗,rmse,Tuned + Ens.,LightGBM,3.384,2.985,11.790780141843973
46950 (363694),polish_companies_bankruptcy,[89],5910,65,2.0,1.54,✓| ✓,AUC,Default,LightGBM,0.954,0.974,2.0000000000000018
46950 (363694),polish_companies_bankruptcy,[89],5910,65,2.0,1.54,✓| ✓,AUC,Tuned,LightGBM,0.955,0.979,2.400000000000002
46950 (363694),polish_companies_bankruptcy,[89],5910,65,2.0,1.54,✓| ✓,AUC,Tuned + Ens.,LightGBM,0.957,0.981,2.400000000000002
46952 (363696),qsar-biodeg,[72],1054,42,2.0,14.29,✓| ✓,AUC,Default,LightGBM,0.927,0.938,1.0999999999999899
46952 (363696),qsar-biodeg,[72],1054,42,2.0,14.29,✓| ✓,AUC,Tuned,LightGBM,0.933,0.934,0.10000000000000009
46952 (363696),qsar-biodeg,[72],1054,42,2.0,14.29,✓| ✓,AUC,Tuned + Ens.,LightGBM,0.933,0.936,0.30000000000000027
46956 (363700),seismic-bumps,[82],2584,16,2.0,25.0,✓| ✓,AUC,Default,LightGBM,0.752,0.783,3.1000000000000028
46956 (363700),seismic-bumps,[82],2584,16,2.0,25.0,✓| ✓,AUC,Tuned,LightGBM,0.77,0.772,0.20000000000000018
46956 (363700),seismic-bumps,[82],2584,16,2.0,25.0,✓| ✓,AUC,Tuned + Ens.,LightGBM,0.771,0.771,0.0
46958 (363702),splice,[83],3190,61,3.0,100.0,✓| ✓,logloss,Default,LightGBM,0.111,0.107,3.603603603603607
46958 (363702),splice,[83],3190,61,3.0,100.0,✓| ✓,logloss,Tuned,LightGBM,0.103,0.103,0.0
46958 (363702),splice,[83],3190,61,3.0,100.0,✓| ✓,logloss,Tuned + Ens.,LightGBM,0.102,0.099,2.9411764705882244
46960 (363704),students_dropout_and_academic_success,[86],4424,37,3.0,48.65,✓| ✓,logloss,Default,LightGBM,0.555,0.534,3.783783783783787
46960 (363704),students_dropout_and_academic_success,[86],4424,37,3.0,48.65,✓| ✓,logloss,Tuned,LightGBM,0.543,0.529,2.5782688766114203
46960 (363704),students_dropout_and_academic_success,[86],4424,37,3.0,48.65,✓| ✓,logloss,Tuned + Ens.,LightGBM,0.542,0.527,2.7675276752767553
46961 (363705),superconductivity,[103],21263,82,,0.0,✗| ✗,rmse,Default,LightGBM,9.41,9.08,3.506907545164719
46961 (363705),superconductivity,[103],21263,82,,0.0,✗| ✗,rmse,Tuned,LightGBM,9.28,9.28,0.0
46961 (363705),superconductivity,[103],21263,82,,0.0,✗| ✗,rmse,Tuned + Ens.,LightGBM,9.26,9.22,0.43196544276456966
46962 (363706),taiwanese_bankruptcy_prediction,[91],6819,95,2.0,1.05,✓| ✓,AUC,Default,LightGBM,0.938,0.944,0.6000000000000005
46962 (363706),taiwanese_bankruptcy_prediction,[91],6819,95,2.0,1.05,✓| ✓,AUC,Tuned,LightGBM,0.943,0.944,0.10000000000000009
46962 (363706),taiwanese_bankruptcy_prediction,[91],6819,95,2.0,1.05,✓| ✓,AUC,Tuned + Ens.,LightGBM,0.944,0.946,0.20000000000000018
46963 (363707),website_phishing,[74],1353,10,3.0,100.0,✓| ✓,logloss,Default,LightGBM,0.255,0.228,10.588235294117645
46963 (363707),website_phishing,[74],1353,10,3.0,100.0,✓| ✓,logloss,Tuned,LightGBM,0.249,0.223,10.44176706827309
46963 (363707),website_phishing,[74],1353,10,3.0,100.0,✓| ✓,logloss,Tuned + Ens.,LightGBM,0.247,0.222,10.12145748987854
46964 (363708),wine_quality,[90],6497,13,,7.69,✓| ✗,rmse,Default,LightGBM,0.628,0.59,6.050955414012744
46964 (363708),wine_quality,[90],6497,13,,7.69,✓| ✗,rmse,Tuned,LightGBM,0.607,0.605,0.32948929159802337
46964 (363708),wine_quality,[90],6497,13,,7.69,✓| ✗,rmse,Tuned + Ens.,LightGBM,0.608,0.599,1.480263157894738
46908 (363616),APSFailure,[113],76000,171,2.0,0.58,✗| ✓,AUC,Default,CatBoost,0.992,0.993,0.10000000000000009
46908 (363616),APSFailure,[113],76000,171,2.0,0.58,✗| ✓,AUC,Tuned,CatBoost,0.992,0.992,0.0
46908 (363616),APSFailure,[113],76000,171,2.0,0.58,✗| ✓,AUC,Tuned + Ens.,CatBoost,0.992,0.993,0.10000000000000009
46905 (363613),Amazon_employee_access,[105],32769,10,2.0,100.0,✗| ✓,AUC,Default,CatBoost,0.882,0.882,0.0
46905 (363613),Amazon_employee_access,[105],32769,10,2.0,100.0,✗| ✓,AUC,Tuned,CatBoost,0.883,0.883,0.0
46905 (363613),Amazon_employee_access,[105],32769,10,2.0,100.0,✗| ✓,AUC,Tuned + Ens.,CatBoost,0.883,0.883,0.0
46907 (363615),Another-Dataset-on-used-Fiat-500,[77],1538,8,,12.5,✓| ✗,rmse,Default,CatBoost,738.1,724.0,1.9103102560628673
46907 (363615),Another-Dataset-on-used-Fiat-500,[77],1538,8,,12.5,✓| ✗,rmse,Tuned,CatBoost,736.3,733.2,0.42102403911447905
46907 (363615),Another-Dataset-on-used-Fiat-500,[77],1538,8,,12.5,✓| ✗,rmse,Tuned + Ens.,CatBoost,732.9,726.6,0.8595988538681886
46911 (363619),Bank_Customer_Churn,[94],10000,11,2.0,45.45,✓| ✓,AUC,Default,CatBoost,0.87,0.872,0.20000000000000018
46911 (363619),Bank_Customer_Churn,[94],10000,11,2.0,45.45,✓| ✓,AUC,Tuned,CatBoost,0.87,0.874,0.40000000000000036
46911 (363619),Bank_Customer_Churn,[94],10000,11,2.0,45.45,✓| ✓,AUC,Tuned + Ens.,CatBoost,0.87,0.874,0.40000000000000036
46912 (363620),Bioresponse,[84],3751,1777,2.0,0.06,✗| ✗,AUC,Default,CatBoost,0.872,0.873,0.10000000000000009
46912 (363620),Bioresponse,[84],3751,1777,2.0,0.06,✗| ✗,AUC,Tuned,CatBoost,0.875,0.875,0.0
46912 (363620),Bioresponse,[84],3751,1777,2.0,0.06,✗| ✗,AUC,Tuned + Ens.,CatBoost,0.874,0.878,0.40000000000000036
46922 (363630),Diabetes130US,[112],71518,48,2.0,83.33,✗| ✓,AUC,Default,CatBoost,0.671,0.671,0.0
46922 (363630),Diabetes130US,[112],71518,48,2.0,83.33,✗| ✓,AUC,Tuned,CatBoost,0.671,0.671,0.0
46922 (363630),Diabetes130US,[112],71518,48,2.0,83.33,✗| ✓,AUC,Tuned + Ens.,CatBoost,0.672,0.673,0.10000000000000009
46924 (363632),E-CommereShippingData,[97],10999,11,2.0,45.45,✓| ✓,AUC,Default,CatBoost,0.744,0.744,0.0
46924 (363632),E-CommereShippingData,[97],10999,11,2.0,45.45,✓| ✓,AUC,Tuned,CatBoost,0.742,0.744,0.20000000000000018
46924 (363632),E-CommereShippingData,[97],10999,11,2.0,45.45,✓| ✓,AUC,Tuned + Ens.,CatBoost,0.741,0.744,0.30000000000000027
46927 (363671),Fitness_Club,[75],1500,7,2.0,57.14,✓| ✓,AUC,Default,CatBoost,0.814,0.822,0.8000000000000007
46927 (363671),Fitness_Club,[75],1500,7,2.0,57.14,✓| ✓,AUC,Tuned,CatBoost,0.812,0.82,0.7999999999999896
46927 (363671),Fitness_Club,[75],1500,7,2.0,57.14,✓| ✓,AUC,Tuned + Ens.,CatBoost,0.811,0.819,0.7999999999999896
46928 (363672),Food_Delivery_Time,[108],45451,10,,30.0,✗| ✗,rmse,Default,CatBoost,7.379,7.379,0.0
46928 (363672),Food_Delivery_Time,[108],45451,10,,30.0,✗| ✗,rmse,Tuned,CatBoost,7.367,7.367,0.0
46928 (363672),Food_Delivery_Time,[108],45451,10,,30.0,✗| ✗,rmse,Tuned + Ens.,CatBoost,7.368,7.362,0.08143322475570342
46929 (363673),GiveMeSomeCredit,[116],150000,11,2.0,9.09,✗| ✓,AUC,Default,CatBoost,0.866,0.866,0.0
46929 (363673),GiveMeSomeCredit,[116],150000,11,2.0,9.09,✗| ✓,AUC,Tuned,CatBoost,0.867,0.867,0.0
46929 (363673),GiveMeSomeCredit,[116],150000,11,2.0,9.09,✗| ✓,AUC,Tuned + Ens.,CatBoost,0.867,0.867,0.0
46935 (363679),HR_Analytics_Job_Change,[101],19158,13,2.0,76.92,✗| ✓,AUC,Default,CatBoost,0.804,0.805,0.10000000000000009
46935 (363679),HR_Analytics_Job_Change,[101],19158,13,2.0,76.92,✗| ✓,AUC,Tuned,CatBoost,0.804,0.804,0.0
46935 (363679),HR_Analytics_Job_Change,[101],19158,13,2.0,76.92,✗| ✓,AUC,Tuned + Ens.,CatBoost,0.804,0.805,0.10000000000000009
46938 (363682),Is-this-a-good-customer,[79],1723,14,2.0,64.29,✓| ✓,AUC,Default,CatBoost,0.748,0.751,0.30000000000000027
46938 (363682),Is-this-a-good-customer,[79],1723,14,2.0,64.29,✓| ✓,AUC,Tuned,CatBoost,0.743,0.745,0.20000000000000018
46938 (363682),Is-this-a-good-customer,[79],1723,14,2.0,64.29,✓| ✓,AUC,Tuned + Ens.,CatBoost,0.744,0.748,0.40000000000000036
46980 (363711),MIC,[78],1699,112,8.0,84.82,✓| ✓,logloss,Default,CatBoost,0.455,0.432,5.054945054945059
46980 (363711),MIC,[78],1699,112,8.0,84.82,✓| ✓,logloss,Tuned,CatBoost,0.453,0.431,4.856512141280358
46980 (363711),MIC,[78],1699,112,8.0,84.82,✓| ✓,logloss,Tuned + Ens.,CatBoost,0.451,0.43,4.656319290465636
46940 (363684),Marketing_Campaign,[80],2240,26,2.0,34.62,✓| ✓,AUC,Default,CatBoost,0.907,0.915,0.8000000000000007
46940 (363684),Marketing_Campaign,[80],2240,26,2.0,34.62,✓| ✓,AUC,Tuned,CatBoost,0.904,0.916,1.200000000000001
46940 (363684),Marketing_Campaign,[80],2240,26,2.0,34.62,✓| ✓,AUC,Tuned + Ens.,CatBoost,0.903,0.919,1.6000000000000014
46969 (363689),NATICUSdroid,[92],7491,87,2.0,100.0,✓| ✓,AUC,Default,CatBoost,0.986,0.987,0.10000000000000009
46969 (363689),NATICUSdroid,[92],7491,87,2.0,100.0,✓| ✓,AUC,Tuned,CatBoost,0.986,0.986,0.0
46969 (363689),NATICUSdroid,[92],7491,87,2.0,100.0,✓| ✓,AUC,Tuned + Ens.,CatBoost,0.986,0.987,0.10000000000000009
46953 (363697),QSAR-TID-11,[88],5742,1025,,0.0,✗| ✗,rmse,Default,CatBoost,0.774,0.761,1.6795865633074951
46953 (363697),QSAR-TID-11,[88],5742,1025,,0.0,✗| ✗,rmse,Tuned,CatBoost,0.773,0.744,3.751617076326006
46953 (363697),QSAR-TID-11,[88],5742,1025,,0.0,✗| ✗,rmse,Tuned + Ens.,CatBoost,0.771,0.734,4.798962386511029
46954 (363698),QSAR_fish_toxicity,[68],907,7,,0.0,✓| ✗,rmse,Default,CatBoost,0.877,0.859,2.0524515393386564
46954 (363698),QSAR_fish_toxicity,[68],907,7,,0.0,✓| ✗,rmse,Tuned,CatBoost,0.875,0.873,0.22857142857142876
46954 (363698),QSAR_fish_toxicity,[68],907,7,,0.0,✓| ✗,rmse,Tuned + Ens.,CatBoost,0.874,0.86,1.6018306636155621
46955 (363699),SDSS17,[114],78053,12,3.0,25.0,✗| ✓,logloss,Default,CatBoost,0.075,0.074,1.3333333333333346
46955 (363699),SDSS17,[114],78053,12,3.0,25.0,✗| ✓,logloss,Tuned,CatBoost,0.074,0.073,1.3513513513513526
46955 (363699),SDSS17,[114],78053,12,3.0,25.0,✗| ✓,logloss,Tuned + Ens.,CatBoost,0.074,0.067,9.459459459459449
46904 (363612),airfoil_self_noise,[76],1503,6,,16.67,✓| ✗,rmse,Default,CatBoost,1.583,1.119,29.311433986102337
46904 (363612),airfoil_self_noise,[76],1503,6,,16.67,✓| ✗,rmse,Tuned,CatBoost,1.327,1.112,16.201959306706847
46904 (363612),airfoil_self_noise,[76],1503,6,,16.67,✓| ✗,rmse,Tuned + Ens.,CatBoost,1.33,1.074,19.24812030075188
46906 (363614),anneal,[67],898,39,5.0,84.62,✓| ✓,logloss,Default,CatBoost,0.04,0.016,60.0
46906 (363614),anneal,[67],898,39,5.0,84.62,✓| ✓,logloss,Tuned,CatBoost,0.022,0.022,0.0
46906 (363614),anneal,[67],898,39,5.0,84.62,✓| ✓,logloss,Tuned + Ens.,CatBoost,0.021,0.019,9.52380952380953
46910 (363618),bank-marketing,[106 | 107],45211,14,2.0,57.14,✗| ✓,AUC,Default,CatBoost,0.766,0.766,0.0
46910 (363618),bank-marketing,[106 | 107],45211,14,2.0,57.14,✗| ✓,AUC,Tuned,CatBoost,0.766,0.766,0.0
46910 (363618),bank-marketing,[106 | 107],45211,14,2.0,57.14,✗| ✓,AUC,Tuned + Ens.,CatBoost,0.765,0.766,0.10000000000000009
46913 (363621),blood-transfusion-service-center,[65],748,5,2.0,20.0,✓| ✓,AUC,Default,CatBoost,0.738,0.756,1.8000000000000016
46913 (363621),blood-transfusion-service-center,[65],748,5,2.0,20.0,✓| ✓,AUC,Tuned,CatBoost,0.737,0.754,1.7000000000000015
46913 (363621),blood-transfusion-service-center,[65],748,5,2.0,20.0,✓| ✓,AUC,Tuned + Ens.,CatBoost,0.736,0.756,2.0000000000000018
46915 (363623),churn,[87],5000,20,2.0,25.0,✓| ✓,AUC,Default,CatBoost,0.924,0.928,0.40000000000000036
46915 (363623),churn,[87],5000,20,2.0,25.0,✓| ✓,AUC,Tuned,CatBoost,0.92,0.932,1.200000000000001
46915 (363623),churn,[87],5000,20,2.0,25.0,✓| ✓,AUC,Tuned + Ens.,CatBoost,0.922,0.931,0.9000000000000008
46916 (363624),coil2000_insurance_policies,[93],9822,86,2.0,4.65,✓| ✓,AUC,Default,CatBoost,0.757,0.761,0.40000000000000036
46916 (363624),coil2000_insurance_policies,[93],9822,86,2.0,4.65,✓| ✓,AUC,Tuned,CatBoost,0.758,0.773,1.5000000000000013
46916 (363624),coil2000_insurance_policies,[93],9822,86,2.0,4.65,✓| ✓,AUC,Tuned + Ens.,CatBoost,0.759,0.773,1.4000000000000012
46917 (363625),concrete_compressive_strength,[71],1030,9,,0.0,✓| ✗,rmse,Default,CatBoost,4.214,4.214,0.0
46917 (363625),concrete_compressive_strength,[71],1030,9,,0.0,✓| ✗,rmse,Tuned,CatBoost,4.231,4.171,1.4181044670290621
46917 (363625),concrete_compressive_strength,[71],1030,9,,0.0,✓| ✗,rmse,Tuned + Ens.,CatBoost,4.209,4.118,2.1620337372297294
46918 (363626),credit-g,[69],1000,21,2.0,66.67,✓| ✓,AUC,Default,CatBoost,0.789,0.793,0.40000000000000036
46918 (363626),credit-g,[69],1000,21,2.0,66.67,✓| ✓,AUC,Tuned,CatBoost,0.795,0.795,0.0
46918 (363626),credit-g,[69],1000,21,2.0,66.67,✓| ✓,AUC,Tuned + Ens.,CatBoost,0.795,0.796,0.10000000000000009
46919 (363627),credit_card_clients_default,[104],30000,24,2.0,16.67,✗| ✓,AUC,Default,CatBoost,0.784,0.788,0.40000000000000036
46919 (363627),credit_card_clients_default,[104],30000,24,2.0,16.67,✗| ✓,AUC,Tuned,CatBoost,0.785,0.788,0.30000000000000027
46919 (363627),credit_card_clients_default,[104],30000,24,2.0,16.67,✗| ✓,AUC,Tuned + Ens.,CatBoost,0.785,0.788,0.30000000000000027
46920 (363628),customer_satisfaction_in_airline,[115],129880,22,2.0,77.27,✗| ✓,AUC,Default,CatBoost,0.995,0.995,0.0
46920 (363628),customer_satisfaction_in_airline,[115],129880,22,2.0,77.27,✗| ✓,AUC,Tuned,CatBoost,0.995,0.995,0.0
46920 (363628),customer_satisfaction_in_airline,[115],129880,22,2.0,77.27,✗| ✓,AUC,Tuned + Ens.,CatBoost,0.995,0.996,0.10000000000000009
46921 (363629),diabetes,[66],768,9,2.0,11.11,✓| ✓,AUC,Default,CatBoost,0.833,0.844,1.100000000000001
46921 (363629),diabetes,[66],768,9,2.0,11.11,✓| ✓,AUC,Tuned,CatBoost,0.834,0.842,0.8000000000000007
46921 (363629),diabetes,[66],768,9,2.0,11.11,✓| ✓,AUC,Tuned + Ens.,CatBoost,0.835,0.84,0.5000000000000004
46923 (363631),diamonds,[111],53940,10,,30.0,✗| ✗,rmse,Default,CatBoost,520.7,520.7,0.0
46923 (363631),diamonds,[111],53940,10,,30.0,✗| ✗,rmse,Tuned,CatBoost,520.7,520.7,0.0
46923 (363631),diamonds,[111],53940,10,,30.0,✗| ✗,rmse,Tuned + Ens.,CatBoost,520.8,510.3,2.016129032258054
46930 (363674),hazelnut-spread-contaminant-detection,[81],2400,31,2.0,3.23,✓| ✓,AUC,Default,CatBoost,0.974,0.992,1.8000000000000016
46930 (363674),hazelnut-spread-contaminant-detection,[81],2400,31,2.0,3.23,✓| ✓,AUC,Tuned,CatBoost,0.975,0.989,1.4000000000000012
46930 (363674),hazelnut-spread-contaminant-detection,[81],2400,31,2.0,3.23,✓| ✓,AUC,Tuned + Ens.,CatBoost,0.974,0.989,1.5000000000000013
46931 (363675),healthcare_insurance_expenses,[73],1338,7,,42.86,✓| ✗,rmse,Default,CatBoost,4535.4,4508.4,0.5953168408519646
46931 (363675),healthcare_insurance_expenses,[73],1338,7,,42.86,✓| ✗,rmse,Tuned,CatBoost,4518.2,4499.7,0.40945509273604536
46931 (363675),healthcare_insurance_expenses,[73],1338,7,,42.86,✓| ✗,rmse,Tuned + Ens.,CatBoost,4519.2,4490.4,0.6372809346787083
46932 (363676),heloc,[95],10459,24,2.0,4.17,✓| ✓,AUC,Default,CatBoost,0.798,0.801,0.30000000000000027
46932 (363676),heloc,[95],10459,24,2.0,4.17,✓| ✓,AUC,Tuned,CatBoost,0.798,0.801,0.30000000000000027
46932 (363676),heloc,[95],10459,24,2.0,4.17,✓| ✓,AUC,Tuned + Ens.,CatBoost,0.798,0.801,0.30000000000000027
46933 (363677),hiva_agnostic,[85],3845,1618,3.0,100.0,✗| ✗,logloss,Default,CatBoost,0.176,0.174,1.1363636363636374
46933 (363677),hiva_agnostic,[85],3845,1618,3.0,100.0,✗| ✗,logloss,Tuned,CatBoost,0.177,0.174,1.6949152542372898
46933 (363677),hiva_agnostic,[85],3845,1618,3.0,100.0,✗| ✗,logloss,Tuned + Ens.,CatBoost,0.177,0.174,1.6949152542372898
46934 (363678),houses,[102],20640,9,,0.0,✗| ✗,rmse,Default,CatBoost,0.211,0.204,3.3175355450237
46934 (363678),houses,[102],20640,9,,0.0,✗| ✗,rmse,Tuned,CatBoost,0.211,0.203,3.791469194312787
46934 (363678),houses,[102],20640,9,,0.0,✗| ✗,rmse,Tuned + Ens.,CatBoost,0.211,0.199,5.687203791469186
46937 (363681),in_vehicle_coupon_recommendation,[99],12684,25,2.0,88.0,✓| ✓,AUC,Default,CatBoost,0.84,0.848,0.8000000000000007
46937 (363681),in_vehicle_coupon_recommendation,[99],12684,25,2.0,88.0,✓| ✓,AUC,Tuned,CatBoost,0.843,0.851,0.8000000000000007
46937 (363681),in_vehicle_coupon_recommendation,[99],12684,25,2.0,88.0,✓| ✓,AUC,Tuned + Ens.,CatBoost,0.844,0.852,0.8000000000000007
46979 (363712),jm1,[96],10885,22,2.0,4.55,✓| ✓,AUC,Default,CatBoost,0.744,0.776,3.200000000000003
46979 (363712),jm1,[96],10885,22,2.0,4.55,✓| ✓,AUC,Tuned,CatBoost,0.751,0.761,1.0000000000000009
46979 (363712),jm1,[96],10885,22,2.0,4.55,✓| ✓,AUC,Tuned + Ens.,CatBoost,0.749,0.773,2.400000000000002
46939 (363683),kddcup09_appetency,[110],50000,213,2.0,18.31,✗| ✓,AUC,Default,CatBoost,0.846,0.846,0.0
46939 (363683),kddcup09_appetency,[110],50000,213,2.0,18.31,✗| ✓,AUC,Tuned,CatBoost,0.845,0.845,0.0
46939 (363683),kddcup09_appetency,[110],50000,213,2.0,18.31,✗| ✓,AUC,Tuned + Ens.,CatBoost,0.845,0.846,0.10000000000000009
46941 (363685),maternal_health_risk,[70],1014,7,3.0,14.29,✓| ✓,logloss,Default,CatBoost,0.478,0.405,15.271966527196643
46941 (363685),maternal_health_risk,[70],1014,7,3.0,14.29,✓| ✓,logloss,Tuned,CatBoost,0.463,0.439,5.18358531317495
46941 (363685),maternal_health_risk,[70],1014,7,3.0,14.29,✓| ✓,logloss,Tuned + Ens.,CatBoost,0.459,0.428,6.753812636165583
46942 (363686),miami_housing,[100],13776,16,,6.25,✓| ✗,rmse,Default,CatBoost,7985.0,7985.0,0.0
46942 (363686),miami_housing,[100],13776,16,,6.25,✓| ✗,rmse,Tuned,CatBoost,7836.0,7829.0,0.08933129147524246
46942 (363686),miami_housing,[100],13776,16,,6.25,✓| ✗,rmse,Tuned + Ens.,CatBoost,7847.0,7711.0,1.7331464253854976
46947 (363691),online_shoppers_intention,[98],12330,18,2.0,44.44,✓| ✓,AUC,Default,CatBoost,0.934,0.937,0.30000000000000027
46947 (363691),online_shoppers_intention,[98],12330,18,2.0,44.44,✓| ✓,AUC,Tuned,CatBoost,0.933,0.937,0.40000000000000036
46947 (363691),online_shoppers_intention,[98],12330,18,2.0,44.44,✓| ✓,AUC,Tuned + Ens.,CatBoost,0.934,0.937,0.30000000000000027
46949 (363693),physiochemical_protein,[109],45730,10,,0.0,✗| ✗,rmse,Default,CatBoost,3.522,2.912,17.319704713231115
46949 (363693),physiochemical_protein,[109],45730,10,,0.0,✗| ✗,rmse,Tuned,CatBoost,3.395,3.056,9.985272459499264
46949 (363693),physiochemical_protein,[109],45730,10,,0.0,✗| ✗,rmse,Tuned + Ens.,CatBoost,3.383,2.985,11.764705882352946
46950 (363694),polish_companies_bankruptcy,[89],5910,65,2.0,1.54,✓| ✓,AUC,Default,CatBoost,0.961,0.974,1.3000000000000012
46950 (363694),polish_companies_bankruptcy,[89],5910,65,2.0,1.54,✓| ✓,AUC,Tuned,CatBoost,0.961,0.979,1.8000000000000016
46950 (363694),polish_companies_bankruptcy,[89],5910,65,2.0,1.54,✓| ✓,AUC,Tuned + Ens.,CatBoost,0.96,0.981,2.100000000000002
46952 (363696),qsar-biodeg,[72],1054,42,2.0,14.29,✓| ✓,AUC,Default,CatBoost,0.93,0.938,0.7999999999999896
46952 (363696),qsar-biodeg,[72],1054,42,2.0,14.29,✓| ✓,AUC,Tuned,CatBoost,0.931,0.934,0.30000000000000027
46952 (363696),qsar-biodeg,[72],1054,42,2.0,14.29,✓| ✓,AUC,Tuned + Ens.,CatBoost,0.932,0.936,0.40000000000000036
46956 (363700),seismic-bumps,[82],2584,16,2.0,25.0,✓| ✓,AUC,Default,CatBoost,0.776,0.783,0.7000000000000006
46956 (363700),seismic-bumps,[82],2584,16,2.0,25.0,✓| ✓,AUC,Tuned,CatBoost,0.772,0.772,0.0
46956 (363700),seismic-bumps,[82],2584,16,2.0,25.0,✓| ✓,AUC,Tuned + Ens.,CatBoost,0.767,0.771,0.40000000000000036
46958 (363702),splice,[83],3190,61,3.0,100.0,✓| ✓,logloss,Default,CatBoost,0.11,0.107,2.7272727272727297
46958 (363702),splice,[83],3190,61,3.0,100.0,✓| ✓,logloss,Tuned,CatBoost,0.115,0.103,10.434782608695661
46958 (363702),splice,[83],3190,61,3.0,100.0,✓| ✓,logloss,Tuned + Ens.,CatBoost,0.111,0.099,10.810810810810807
46960 (363704),students_dropout_and_academic_success,[86],4424,37,3.0,48.65,✓| ✓,logloss,Default,CatBoost,0.552,0.534,3.260869565217394
46960 (363704),students_dropout_and_academic_success,[86],4424,37,3.0,48.65,✓| ✓,logloss,Tuned,CatBoost,0.543,0.529,2.5782688766114203
46960 (363704),students_dropout_and_academic_success,[86],4424,37,3.0,48.65,✓| ✓,logloss,Tuned + Ens.,CatBoost,0.541,0.527,2.587800369685769
46961 (363705),superconductivity,[103],21263,82,,0.0,✗| ✗,rmse,Default,CatBoost,9.36,9.08,2.991452991452985
46961 (363705),superconductivity,[103],21263,82,,0.0,✗| ✗,rmse,Tuned,CatBoost,9.34,9.28,0.6423982869379069
46961 (363705),superconductivity,[103],21263,82,,0.0,✗| ✗,rmse,Tuned + Ens.,CatBoost,9.34,9.22,1.2847965738757947
46962 (363706),taiwanese_bankruptcy_prediction,[91],6819,95,2.0,1.05,✓| ✓,AUC,Default,CatBoost,0.944,0.944,0.0
46962 (363706),taiwanese_bankruptcy_prediction,[91],6819,95,2.0,1.05,✓| ✓,AUC,Tuned,CatBoost,0.944,0.944,0.0
46962 (363706),taiwanese_bankruptcy_prediction,[91],6819,95,2.0,1.05,✓| ✓,AUC,Tuned + Ens.,CatBoost,0.943,0.946,0.30000000000000027
46963 (363707),website_phishing,[74],1353,10,3.0,100.0,✓| ✓,logloss,Default,CatBoost,0.252,0.228,9.52380952380952
46963 (363707),website_phishing,[74],1353,10,3.0,100.0,✓| ✓,logloss,Tuned,CatBoost,0.239,0.223,6.694560669456062
46963 (363707),website_phishing,[74],1353,10,3.0,100.0,✓| ✓,logloss,Tuned + Ens.,CatBoost,0.239,0.222,7.112970711297066
46964 (363708),wine_quality,[90],6497,13,,7.69,✓| ✗,rmse,Default,CatBoost,0.621,0.59,4.991948470209344
46964 (363708),wine_quality,[90],6497,13,,7.69,✓| ✗,rmse,Tuned,CatBoost,0.605,0.605,0.0
46964 (363708),wine_quality,[90],6497,13,,7.69,✓| ✗,rmse,Tuned + Ens.,CatBoost,0.605,0.599,0.9917355371900836
46908 (363616),APSFailure,[113],76000,171,2.0,0.58,✗| ✓,AUC,Default,EBM,0.991,0.993,0.20000000000000018
46908 (363616),APSFailure,[113],76000,171,2.0,0.58,✗| ✓,AUC,Tuned,EBM,0.991,0.992,0.10000000000000009
46908 (363616),APSFailure,[113],76000,171,2.0,0.58,✗| ✓,AUC,Tuned + Ens.,EBM,0.991,0.993,0.20000000000000018
46905 (363613),Amazon_employee_access,[105],32769,10,2.0,100.0,✗| ✓,AUC,Default,EBM,0.839,0.882,4.300000000000004
46905 (363613),Amazon_employee_access,[105],32769,10,2.0,100.0,✗| ✓,AUC,Tuned,EBM,0.841,0.883,4.200000000000004
46905 (363613),Amazon_employee_access,[105],32769,10,2.0,100.0,✗| ✓,AUC,Tuned + Ens.,EBM,0.842,0.883,4.100000000000003
46907 (363615),Another-Dataset-on-used-Fiat-500,[77],1538,8,,12.5,✓| ✗,rmse,Default,EBM,749.9,724.0,3.453793839178554
46907 (363615),Another-Dataset-on-used-Fiat-500,[77],1538,8,,12.5,✓| ✗,rmse,Tuned,EBM,750.0,733.2,2.239999999999994
46907 (363615),Another-Dataset-on-used-Fiat-500,[77],1538,8,,12.5,✓| ✗,rmse,Tuned + Ens.,EBM,745.7,726.6,2.5613517500335288
46911 (363619),Bank_Customer_Churn,[94],10000,11,2.0,45.45,✓| ✓,AUC,Default,EBM,0.862,0.872,1.0000000000000009
46911 (363619),Bank_Customer_Churn,[94],10000,11,2.0,45.45,✓| ✓,AUC,Tuned,EBM,0.864,0.874,1.0000000000000009
46911 (363619),Bank_Customer_Churn,[94],10000,11,2.0,45.45,✓| ✓,AUC,Tuned + Ens.,EBM,0.864,0.874,1.0000000000000009
46912 (363620),Bioresponse,[84],3751,1777,2.0,0.06,✗| ✗,AUC,Default,EBM,0.852,0.873,2.100000000000002
46912 (363620),Bioresponse,[84],3751,1777,2.0,0.06,✗| ✗,AUC,Tuned,EBM,0.863,0.875,1.200000000000001
46912 (363620),Bioresponse,[84],3751,1777,2.0,0.06,✗| ✗,AUC,Tuned + Ens.,EBM,0.866,0.878,1.200000000000001
46922 (363630),Diabetes130US,[112],71518,48,2.0,83.33,✗| ✓,AUC,Default,EBM,0.659,0.671,1.200000000000001
46922 (363630),Diabetes130US,[112],71518,48,2.0,83.33,✗| ✓,AUC,Tuned,EBM,0.662,0.671,0.9000000000000008
46922 (363630),Diabetes130US,[112],71518,48,2.0,83.33,✗| ✓,AUC,Tuned + Ens.,EBM,0.665,0.673,0.8000000000000007
46924 (363632),E-CommereShippingData,[97],10999,11,2.0,45.45,✓| ✓,AUC,Default,EBM,0.744,0.744,0.0
46924 (363632),E-CommereShippingData,[97],10999,11,2.0,45.45,✓| ✓,AUC,Tuned,EBM,0.743,0.744,0.10000000000000009
46924 (363632),E-CommereShippingData,[97],10999,11,2.0,45.45,✓| ✓,AUC,Tuned + Ens.,EBM,0.743,0.744,0.10000000000000009
46927 (363671),Fitness_Club,[75],1500,7,2.0,57.14,✓| ✓,AUC,Default,EBM,0.813,0.822,0.9000000000000008
46927 (363671),Fitness_Club,[75],1500,7,2.0,57.14,✓| ✓,AUC,Tuned,EBM,0.81,0.82,0.9999999999999898
46927 (363671),Fitness_Club,[75],1500,7,2.0,57.14,✓| ✓,AUC,Tuned + Ens.,EBM,0.812,0.819,0.6999999999999895
46928 (363672),Food_Delivery_Time,[108],45451,10,,30.0,✗| ✗,rmse,Default,EBM,7.433,7.379,0.7264899771290229
46928 (363672),Food_Delivery_Time,[108],45451,10,,30.0,✗| ✗,rmse,Tuned,EBM,7.424,7.367,0.7677801724137981
46928 (363672),Food_Delivery_Time,[108],45451,10,,30.0,✗| ✗,rmse,Tuned + Ens.,EBM,7.412,7.362,0.6745817593092259
46929 (363673),GiveMeSomeCredit,[116],150000,11,2.0,9.09,✗| ✓,AUC,Default,EBM,0.864,0.866,0.20000000000000018
46929 (363673),GiveMeSomeCredit,[116],150000,11,2.0,9.09,✗| ✓,AUC,Tuned,EBM,0.865,0.867,0.20000000000000018
46929 (363673),GiveMeSomeCredit,[116],150000,11,2.0,9.09,✗| ✓,AUC,Tuned + Ens.,EBM,0.865,0.867,0.20000000000000018
46935 (363679),HR_Analytics_Job_Change,[101],19158,13,2.0,76.92,✗| ✓,AUC,Default,EBM,0.8,0.805,0.5000000000000004
46935 (363679),HR_Analytics_Job_Change,[101],19158,13,2.0,76.92,✗| ✓,AUC,Tuned,EBM,0.8,0.804,0.40000000000000036
46935 (363679),HR_Analytics_Job_Change,[101],19158,13,2.0,76.92,✗| ✓,AUC,Tuned + Ens.,EBM,0.801,0.805,0.40000000000000036
46938 (363682),Is-this-a-good-customer,[79],1723,14,2.0,64.29,✓| ✓,AUC,Default,EBM,0.751,0.751,0.0
46938 (363682),Is-this-a-good-customer,[79],1723,14,2.0,64.29,✓| ✓,AUC,Tuned,EBM,0.745,0.745,0.0
46938 (363682),Is-this-a-good-customer,[79],1723,14,2.0,64.29,✓| ✓,AUC,Tuned + Ens.,EBM,0.748,0.748,0.0
46980 (363711),MIC,[78],1699,112,8.0,84.82,✓| ✓,logloss,Default,EBM,0.475,0.432,9.052631578947365
46980 (363711),MIC,[78],1699,112,8.0,84.82,✓| ✓,logloss,Tuned,EBM,0.446,0.431,3.363228699551572
46980 (363711),MIC,[78],1699,112,8.0,84.82,✓| ✓,logloss,Tuned + Ens.,EBM,0.445,0.43,3.3707865168539355
46940 (363684),Marketing_Campaign,[80],2240,26,2.0,34.62,✓| ✓,AUC,Default,EBM,0.903,0.915,1.200000000000001
46940 (363684),Marketing_Campaign,[80],2240,26,2.0,34.62,✓| ✓,AUC,Tuned,EBM,0.905,0.916,1.100000000000001
46940 (363684),Marketing_Campaign,[80],2240,26,2.0,34.62,✓| ✓,AUC,Tuned + Ens.,EBM,0.906,0.919,1.3000000000000012
46969 (363689),NATICUSdroid,[92],7491,87,2.0,100.0,✓| ✓,AUC,Default,EBM,0.984,0.987,0.30000000000000027
46969 (363689),NATICUSdroid,[92],7491,87,2.0,100.0,✓| ✓,AUC,Tuned,EBM,0.985,0.986,0.10000000000000009
46969 (363689),NATICUSdroid,[92],7491,87,2.0,100.0,✓| ✓,AUC,Tuned + Ens.,EBM,0.985,0.987,0.20000000000000018
46953 (363697),QSAR-TID-11,[88],5742,1025,,0.0,✗| ✗,rmse,Default,EBM,0.872,0.761,12.729357798165136
46953 (363697),QSAR-TID-11,[88],5742,1025,,0.0,✗| ✗,rmse,Tuned,EBM,0.859,0.744,13.38766006984866
46953 (363697),QSAR-TID-11,[88],5742,1025,,0.0,✗| ✗,rmse,Tuned + Ens.,EBM,0.853,0.734,13.95076201641266
46954 (363698),QSAR_fish_toxicity,[68],907,7,,0.0,✓| ✗,rmse,Default,EBM,0.905,0.859,5.0828729281768
46954 (363698),QSAR_fish_toxicity,[68],907,7,,0.0,✓| ✗,rmse,Tuned,EBM,0.904,0.873,3.4292035398230123
46954 (363698),QSAR_fish_toxicity,[68],907,7,,0.0,✓| ✗,rmse,Tuned + Ens.,EBM,0.898,0.86,4.2316258351893135
46955 (363699),SDSS17,[114],78053,12,3.0,25.0,✗| ✓,logloss,Default,EBM,0.087,0.074,14.942528735632182
46955 (363699),SDSS17,[114],78053,12,3.0,25.0,✗| ✓,logloss,Tuned,EBM,0.081,0.073,9.876543209876552
46955 (363699),SDSS17,[114],78053,12,3.0,25.0,✗| ✓,logloss,Tuned + Ens.,EBM,0.081,0.067,17.28395061728395
46904 (363612),airfoil_self_noise,[76],1503,6,,16.67,✓| ✗,rmse,Default,EBM,2.01,1.119,44.32835820895522
46904 (363612),airfoil_self_noise,[76],1503,6,,16.67,✓| ✗,rmse,Tuned,EBM,1.955,1.112,43.12020460358056
46904 (363612),airfoil_self_noise,[76],1503,6,,16.67,✓| ✗,rmse,Tuned + Ens.,EBM,1.935,1.074,44.49612403100775
46906 (363614),anneal,[67],898,39,5.0,84.62,✓| ✓,logloss,Default,EBM,0.043,0.016,62.7906976744186
46906 (363614),anneal,[67],898,39,5.0,84.62,✓| ✓,logloss,Tuned,EBM,0.036,0.022,38.88888888888889
46906 (363614),anneal,[67],898,39,5.0,84.62,✓| ✓,logloss,Tuned + Ens.,EBM,0.034,0.019,44.117647058823536
46910 (363618),bank-marketing,[106 | 107],45211,14,2.0,57.14,✗| ✓,AUC,Default,EBM,0.762,0.766,0.40000000000000036
46910 (363618),bank-marketing,[106 | 107],45211,14,2.0,57.14,✗| ✓,AUC,Tuned,EBM,0.763,0.766,0.30000000000000027
46910 (363618),bank-marketing,[106 | 107],45211,14,2.0,57.14,✗| ✓,AUC,Tuned + Ens.,EBM,0.763,0.766,0.30000000000000027
46913 (363621),blood-transfusion-service-center,[65],748,5,2.0,20.0,✓| ✓,AUC,Default,EBM,0.742,0.756,1.4000000000000012
46913 (363621),blood-transfusion-service-center,[65],748,5,2.0,20.0,✓| ✓,AUC,Tuned,EBM,0.743,0.754,1.100000000000001
46913 (363621),blood-transfusion-service-center,[65],748,5,2.0,20.0,✓| ✓,AUC,Tuned + Ens.,EBM,0.743,0.756,1.3000000000000012
46915 (363623),churn,[87],5000,20,2.0,25.0,✓| ✓,AUC,Default,EBM,0.922,0.928,0.6000000000000005
46915 (363623),churn,[87],5000,20,2.0,25.0,✓| ✓,AUC,Tuned,EBM,0.924,0.932,0.8000000000000007
46915 (363623),churn,[87],5000,20,2.0,25.0,✓| ✓,AUC,Tuned + Ens.,EBM,0.924,0.931,0.7000000000000006
46916 (363624),coil2000_insurance_policies,[93],9822,86,2.0,4.65,✓| ✓,AUC,Default,EBM,0.754,0.761,0.7000000000000006
46916 (363624),coil2000_insurance_policies,[93],9822,86,2.0,4.65,✓| ✓,AUC,Tuned,EBM,0.757,0.773,1.6000000000000014
46916 (363624),coil2000_insurance_policies,[93],9822,86,2.0,4.65,✓| ✓,AUC,Tuned + Ens.,EBM,0.761,0.773,1.200000000000001
46917 (363625),concrete_compressive_strength,[71],1030,9,,0.0,✓| ✗,rmse,Default,EBM,4.442,4.214,5.132823052678968
46917 (363625),concrete_compressive_strength,[71],1030,9,,0.0,✓| ✗,rmse,Tuned,EBM,4.429,4.171,5.825242718446601
46917 (363625),concrete_compressive_strength,[71],1030,9,,0.0,✓| ✗,rmse,Tuned + Ens.,EBM,4.371,4.118,5.7881491649508146
46918 (363626),credit-g,[69],1000,21,2.0,66.67,✓| ✓,AUC,Default,EBM,0.79,0.793,0.30000000000000027
46918 (363626),credit-g,[69],1000,21,2.0,66.67,✓| ✓,AUC,Tuned,EBM,0.782,0.795,1.3000000000000012
46918 (363626),credit-g,[69],1000,21,2.0,66.67,✓| ✓,AUC,Tuned + Ens.,EBM,0.787,0.796,0.9000000000000008
46919 (363627),credit_card_clients_default,[104],30000,24,2.0,16.67,✗| ✓,AUC,Default,EBM,0.783,0.788,0.5000000000000004
46919 (363627),credit_card_clients_default,[104],30000,24,2.0,16.67,✗| ✓,AUC,Tuned,EBM,0.783,0.788,0.5000000000000004
46919 (363627),credit_card_clients_default,[104],30000,24,2.0,16.67,✗| ✓,AUC,Tuned + Ens.,EBM,0.784,0.788,0.40000000000000036
46920 (363628),customer_satisfaction_in_airline,[115],129880,22,2.0,77.27,✗| ✓,AUC,Default,EBM,0.985,0.995,1.0000000000000009
46920 (363628),customer_satisfaction_in_airline,[115],129880,22,2.0,77.27,✗| ✓,AUC,Tuned,EBM,0.986,0.995,0.9000000000000008
46920 (363628),customer_satisfaction_in_airline,[115],129880,22,2.0,77.27,✗| ✓,AUC,Tuned + Ens.,EBM,0.986,0.996,1.0000000000000009
46921 (363629),diabetes,[66],768,9,2.0,11.11,✓| ✓,AUC,Default,EBM,0.84,0.844,0.40000000000000036
46921 (363629),diabetes,[66],768,9,2.0,11.11,✓| ✓,AUC,Tuned,EBM,0.839,0.842,0.30000000000000027
46921 (363629),diabetes,[66],768,9,2.0,11.11,✓| ✓,AUC,Tuned + Ens.,EBM,0.84,0.84,0.0
46923 (363631),diamonds,[111],53940,10,,30.0,✗| ✗,rmse,Default,EBM,618.2,520.7,15.771594953089613
46923 (363631),diamonds,[111],53940,10,,30.0,✗| ✗,rmse,Tuned,EBM,613.7,520.7,15.153984031285644
46923 (363631),diamonds,[111],53940,10,,30.0,✗| ✗,rmse,Tuned + Ens.,EBM,612.4,510.3,16.67210973220117
46930 (363674),hazelnut-spread-contaminant-detection,[81],2400,31,2.0,3.23,✓| ✓,AUC,Default,EBM,0.971,0.992,2.100000000000002
46930 (363674),hazelnut-spread-contaminant-detection,[81],2400,31,2.0,3.23,✓| ✓,AUC,Tuned,EBM,0.975,0.989,1.4000000000000012
46930 (363674),hazelnut-spread-contaminant-detection,[81],2400,31,2.0,3.23,✓| ✓,AUC,Tuned + Ens.,EBM,0.976,0.989,1.3000000000000012
46931 (363675),healthcare_insurance_expenses,[73],1338,7,,42.86,✓| ✗,rmse,Default,EBM,4549.2,4508.4,0.8968609865470891
46931 (363675),healthcare_insurance_expenses,[73],1338,7,,42.86,✓| ✗,rmse,Tuned,EBM,4499.7,4499.7,0.0
46931 (363675),healthcare_insurance_expenses,[73],1338,7,,42.86,✓| ✗,rmse,Tuned + Ens.,EBM,4499.3,4490.4,0.1978085479963671
46932 (363676),heloc,[95],10459,24,2.0,4.17,✓| ✓,AUC,Default,EBM,0.799,0.801,0.20000000000000018
46932 (363676),heloc,[95],10459,24,2.0,4.17,✓| ✓,AUC,Tuned,EBM,0.799,0.801,0.20000000000000018
46932 (363676),heloc,[95],10459,24,2.0,4.17,✓| ✓,AUC,Tuned + Ens.,EBM,0.799,0.801,0.20000000000000018
46933 (363677),hiva_agnostic,[85],3845,1618,3.0,100.0,✗| ✗,logloss,Default,EBM,0.174,0.174,0.0
46933 (363677),hiva_agnostic,[85],3845,1618,3.0,100.0,✗| ✗,logloss,Tuned,EBM,0.176,0.174,1.1363636363636374
46933 (363677),hiva_agnostic,[85],3845,1618,3.0,100.0,✗| ✗,logloss,Tuned + Ens.,EBM,0.175,0.174,0.571428571428572
46934 (363678),houses,[102],20640,9,,0.0,✗| ✗,rmse,Default,EBM,0.231,0.204,11.688311688311698
46934 (363678),houses,[102],20640,9,,0.0,✗| ✗,rmse,Tuned,EBM,0.229,0.203,11.35371179039301
46934 (363678),houses,[102],20640,9,,0.0,✗| ✗,rmse,Tuned + Ens.,EBM,0.228,0.199,12.719298245614032
46937 (363681),in_vehicle_coupon_recommendation,[99],12684,25,2.0,88.0,✓| ✓,AUC,Default,EBM,0.802,0.848,4.5999999999999925
46937 (363681),in_vehicle_coupon_recommendation,[99],12684,25,2.0,88.0,✓| ✓,AUC,Tuned,EBM,0.807,0.851,4.399999999999993
46937 (363681),in_vehicle_coupon_recommendation,[99],12684,25,2.0,88.0,✓| ✓,AUC,Tuned + Ens.,EBM,0.807,0.852,4.499999999999993
46979 (363712),jm1,[96],10885,22,2.0,4.55,✓| ✓,AUC,Default,EBM,0.735,0.776,4.100000000000003
46979 (363712),jm1,[96],10885,22,2.0,4.55,✓| ✓,AUC,Tuned,EBM,0.734,0.761,2.7000000000000024
46979 (363712),jm1,[96],10885,22,2.0,4.55,✓| ✓,AUC,Tuned + Ens.,EBM,0.736,0.773,3.7000000000000033
46939 (363683),kddcup09_appetency,[110],50000,213,2.0,18.31,✗| ✓,AUC,Default,EBM,0.826,0.846,2.0000000000000018
46939 (363683),kddcup09_appetency,[110],50000,213,2.0,18.31,✗| ✓,AUC,Tuned,EBM,0.831,0.845,1.4000000000000012
46939 (363683),kddcup09_appetency,[110],50000,213,2.0,18.31,✗| ✓,AUC,Tuned + Ens.,EBM,0.833,0.846,1.3000000000000012
46941 (363685),maternal_health_risk,[70],1014,7,3.0,14.29,✓| ✓,logloss,Default,EBM,0.569,0.405,28.822495606326882
46941 (363685),maternal_health_risk,[70],1014,7,3.0,14.29,✓| ✓,logloss,Tuned,EBM,0.562,0.439,21.88612099644129
46941 (363685),maternal_health_risk,[70],1014,7,3.0,14.29,✓| ✓,logloss,Tuned + Ens.,EBM,0.557,0.428,23.159784560143635
46942 (363686),miami_housing,[100],13776,16,,6.25,✓| ✗,rmse,Default,EBM,10420.0,7985.0,23.36852207293666
46942 (363686),miami_housing,[100],13776,16,,6.25,✓| ✗,rmse,Tuned,EBM,9882.0,7829.0,20.775146731430887
46942 (363686),miami_housing,[100],13776,16,,6.25,✓| ✗,rmse,Tuned + Ens.,EBM,9823.0,7711.0,21.50055991041433
46947 (363691),online_shoppers_intention,[98],12330,18,2.0,44.44,✓| ✓,AUC,Default,EBM,0.931,0.937,0.6000000000000005
46947 (363691),online_shoppers_intention,[98],12330,18,2.0,44.44,✓| ✓,AUC,Tuned,EBM,0.931,0.937,0.6000000000000005
46947 (363691),online_shoppers_intention,[98],12330,18,2.0,44.44,✓| ✓,AUC,Tuned + Ens.,EBM,0.931,0.937,0.6000000000000005
46949 (363693),physiochemical_protein,[109],45730,10,,0.0,✗| ✗,rmse,Default,EBM,4.241,2.912,31.336948832822443
46949 (363693),physiochemical_protein,[109],45730,10,,0.0,✗| ✗,rmse,Tuned,EBM,4.234,3.056,27.822390174775624
46949 (363693),physiochemical_protein,[109],45730,10,,0.0,✗| ✗,rmse,Tuned + Ens.,EBM,4.226,2.985,29.365830572645528
46950 (363694),polish_companies_bankruptcy,[89],5910,65,2.0,1.54,✓| ✓,AUC,Default,EBM,0.962,0.974,1.200000000000001
46950 (363694),polish_companies_bankruptcy,[89],5910,65,2.0,1.54,✓| ✓,AUC,Tuned,EBM,0.962,0.979,1.7000000000000015
46950 (363694),polish_companies_bankruptcy,[89],5910,65,2.0,1.54,✓| ✓,AUC,Tuned + Ens.,EBM,0.964,0.981,1.7000000000000015
46952 (363696),qsar-biodeg,[72],1054,42,2.0,14.29,✓| ✓,AUC,Default,EBM,0.931,0.938,0.6999999999999895
46952 (363696),qsar-biodeg,[72],1054,42,2.0,14.29,✓| ✓,AUC,Tuned,EBM,0.931,0.934,0.30000000000000027
46952 (363696),qsar-biodeg,[72],1054,42,2.0,14.29,✓| ✓,AUC,Tuned + Ens.,EBM,0.933,0.936,0.30000000000000027
46956 (363700),seismic-bumps,[82],2584,16,2.0,25.0,✓| ✓,AUC,Default,EBM,0.77,0.783,1.3000000000000012
46956 (363700),seismic-bumps,[82],2584,16,2.0,25.0,✓| ✓,AUC,Tuned,EBM,0.763,0.772,0.9000000000000008
46956 (363700),seismic-bumps,[82],2584,16,2.0,25.0,✓| ✓,AUC,Tuned + Ens.,EBM,0.767,0.771,0.40000000000000036
46958 (363702),splice,[83],3190,61,3.0,100.0,✓| ✓,logloss,Default,EBM,0.118,0.107,9.322033898305083
46958 (363702),splice,[83],3190,61,3.0,100.0,✓| ✓,logloss,Tuned,EBM,0.119,0.103,13.445378151260506
46958 (363702),splice,[83],3190,61,3.0,100.0,✓| ✓,logloss,Tuned + Ens.,EBM,0.117,0.099,15.384615384615385
46960 (363704),students_dropout_and_academic_success,[86],4424,37,3.0,48.65,✓| ✓,logloss,Default,EBM,0.565,0.534,5.4867256637168005
46960 (363704),students_dropout_and_academic_success,[86],4424,37,3.0,48.65,✓| ✓,logloss,Tuned,EBM,0.561,0.529,5.704099821746885
46960 (363704),students_dropout_and_academic_success,[86],4424,37,3.0,48.65,✓| ✓,logloss,Tuned + Ens.,EBM,0.56,0.527,5.892857142857148
46961 (363705),superconductivity,[103],21263,82,,0.0,✗| ✗,rmse,Default,EBM,10.53,9.08,13.770180436847099
46961 (363705),superconductivity,[103],21263,82,,0.0,✗| ✗,rmse,Tuned,EBM,10.43,9.28,11.025886864813044
46961 (363705),superconductivity,[103],21263,82,,0.0,✗| ✗,rmse,Tuned + Ens.,EBM,10.21,9.22,9.696376101860922
46962 (363706),taiwanese_bankruptcy_prediction,[91],6819,95,2.0,1.05,✓| ✓,AUC,Default,EBM,0.942,0.944,0.20000000000000018
46962 (363706),taiwanese_bankruptcy_prediction,[91],6819,95,2.0,1.05,✓| ✓,AUC,Tuned,EBM,0.94,0.944,0.40000000000000036
46962 (363706),taiwanese_bankruptcy_prediction,[91],6819,95,2.0,1.05,✓| ✓,AUC,Tuned + Ens.,EBM,0.941,0.946,0.5000000000000004
46963 (363707),website_phishing,[74],1353,10,3.0,100.0,✓| ✓,logloss,Default,EBM,0.357,0.228,36.1344537815126
46963 (363707),website_phishing,[74],1353,10,3.0,100.0,✓| ✓,logloss,Tuned,EBM,0.357,0.223,37.535014005602235
46963 (363707),website_phishing,[74],1353,10,3.0,100.0,✓| ✓,logloss,Tuned + Ens.,EBM,0.357,0.222,37.81512605042017
46964 (363708),wine_quality,[90],6497,13,,7.69,✓| ✗,rmse,Default,EBM,0.679,0.59,13.107511045655388
46964 (363708),wine_quality,[90],6497,13,,7.69,✓| ✗,rmse,Tuned,EBM,0.678,0.605,10.766961651917413
46964 (363708),wine_quality,[90],6497,13,,7.69,✓| ✗,rmse,Tuned + Ens.,EBM,0.675,0.599,11.259259259259268
46908 (363616),APSFailure,[113],76000,171,2.0,0.58,✗| ✓,AUC,Default,FastAIMLP,0.988,0.993,0.5000000000000004
46908 (363616),APSFailure,[113],76000,171,2.0,0.58,✗| ✓,AUC,Tuned,FastAIMLP,0.989,0.992,0.30000000000000027
46908 (363616),APSFailure,[113],76000,171,2.0,0.58,✗| ✓,AUC,Tuned + Ens.,FastAIMLP,0.991,0.993,0.20000000000000018
46905 (363613),Amazon_employee_access,[105],32769,10,2.0,100.0,✗| ✓,AUC,Default,FastAIMLP,0.854,0.882,2.8000000000000025
46905 (363613),Amazon_employee_access,[105],32769,10,2.0,100.0,✗| ✓,AUC,Tuned,FastAIMLP,0.853,0.883,3.0000000000000027
46905 (363613),Amazon_employee_access,[105],32769,10,2.0,100.0,✗| ✓,AUC,Tuned + Ens.,FastAIMLP,0.866,0.883,1.7000000000000015
46907 (363615),Another-Dataset-on-used-Fiat-500,[77],1538,8,,12.5,✓| ✗,rmse,Default,FastAIMLP,760.5,724.0,4.79947403024326
46907 (363615),Another-Dataset-on-used-Fiat-500,[77],1538,8,,12.5,✓| ✗,rmse,Tuned,FastAIMLP,761.2,733.2,3.6784025223331582
46907 (363615),Another-Dataset-on-used-Fiat-500,[77],1538,8,,12.5,✓| ✗,rmse,Tuned + Ens.,FastAIMLP,756.3,726.6,3.9270130900436246
46911 (363619),Bank_Customer_Churn,[94],10000,11,2.0,45.45,✓| ✓,AUC,Default,FastAIMLP,0.859,0.872,1.3000000000000012
46911 (363619),Bank_Customer_Churn,[94],10000,11,2.0,45.45,✓| ✓,AUC,Tuned,FastAIMLP,0.863,0.874,1.100000000000001
46911 (363619),Bank_Customer_Churn,[94],10000,11,2.0,45.45,✓| ✓,AUC,Tuned + Ens.,FastAIMLP,0.864,0.874,1.0000000000000009
46912 (363620),Bioresponse,[84],3751,1777,2.0,0.06,✗| ✗,AUC,Default,FastAIMLP,0.85,0.873,2.300000000000002
46912 (363620),Bioresponse,[84],3751,1777,2.0,0.06,✗| ✗,AUC,Tuned,FastAIMLP,0.857,0.875,1.8000000000000016
46912 (363620),Bioresponse,[84],3751,1777,2.0,0.06,✗| ✗,AUC,Tuned + Ens.,FastAIMLP,0.86,0.878,1.8000000000000016
46922 (363630),Diabetes130US,[112],71518,48,2.0,83.33,✗| ✓,AUC,Default,FastAIMLP,0.647,0.671,2.400000000000002
46922 (363630),Diabetes130US,[112],71518,48,2.0,83.33,✗| ✓,AUC,Tuned,FastAIMLP,0.656,0.671,1.5000000000000013
46922 (363630),Diabetes130US,[112],71518,48,2.0,83.33,✗| ✓,AUC,Tuned + Ens.,FastAIMLP,0.662,0.673,1.100000000000001
46924 (363632),E-CommereShippingData,[97],10999,11,2.0,45.45,✓| ✓,AUC,Default,FastAIMLP,0.737,0.744,0.7000000000000006
46924 (363632),E-CommereShippingData,[97],10999,11,2.0,45.45,✓| ✓,AUC,Tuned,FastAIMLP,0.741,0.744,0.30000000000000027
46924 (363632),E-CommereShippingData,[97],10999,11,2.0,45.45,✓| ✓,AUC,Tuned + Ens.,FastAIMLP,0.741,0.744,0.30000000000000027
46927 (363671),Fitness_Club,[75],1500,7,2.0,57.14,✓| ✓,AUC,Default,FastAIMLP,0.806,0.822,1.5999999999999903
46927 (363671),Fitness_Club,[75],1500,7,2.0,57.14,✓| ✓,AUC,Tuned,FastAIMLP,0.814,0.82,0.6000000000000005
46927 (363671),Fitness_Club,[75],1500,7,2.0,57.14,✓| ✓,AUC,Tuned + Ens.,FastAIMLP,0.814,0.819,0.5000000000000004
46928 (363672),Food_Delivery_Time,[108],45451,10,,30.0,✗| ✗,rmse,Default,FastAIMLP,8.188,7.379,9.880312652662445
46928 (363672),Food_Delivery_Time,[108],45451,10,,30.0,✗| ✗,rmse,Tuned,FastAIMLP,8.085,7.367,8.880643166357462
46928 (363672),Food_Delivery_Time,[108],45451,10,,30.0,✗| ✗,rmse,Tuned + Ens.,FastAIMLP,8.06,7.362,8.660049627791567
46929 (363673),GiveMeSomeCredit,[116],150000,11,2.0,9.09,✗| ✓,AUC,Default,FastAIMLP,0.829,0.866,3.7000000000000033
46929 (363673),GiveMeSomeCredit,[116],150000,11,2.0,9.09,✗| ✓,AUC,Tuned,FastAIMLP,0.843,0.867,2.400000000000002
46929 (363673),GiveMeSomeCredit,[116],150000,11,2.0,9.09,✗| ✓,AUC,Tuned + Ens.,FastAIMLP,0.847,0.867,2.0000000000000018
46935 (363679),HR_Analytics_Job_Change,[101],19158,13,2.0,76.92,✗| ✓,AUC,Default,FastAIMLP,0.801,0.805,0.40000000000000036
46935 (363679),HR_Analytics_Job_Change,[101],19158,13,2.0,76.92,✗| ✓,AUC,Tuned,FastAIMLP,0.801,0.804,0.30000000000000027
46935 (363679),HR_Analytics_Job_Change,[101],19158,13,2.0,76.92,✗| ✓,AUC,Tuned + Ens.,FastAIMLP,0.803,0.805,0.20000000000000018
46938 (363682),Is-this-a-good-customer,[79],1723,14,2.0,64.29,✓| ✓,AUC,Default,FastAIMLP,0.711,0.751,4.0000000000000036
46938 (363682),Is-this-a-good-customer,[79],1723,14,2.0,64.29,✓| ✓,AUC,Tuned,FastAIMLP,0.742,0.745,0.30000000000000027
46938 (363682),Is-this-a-good-customer,[79],1723,14,2.0,64.29,✓| ✓,AUC,Tuned + Ens.,FastAIMLP,0.745,0.748,0.30000000000000027
46980 (363711),MIC,[78],1699,112,8.0,84.82,✓| ✓,logloss,Default,FastAIMLP,0.506,0.432,14.624505928853756
46980 (363711),MIC,[78],1699,112,8.0,84.82,✓| ✓,logloss,Tuned,FastAIMLP,0.462,0.431,6.709956709956716
46980 (363711),MIC,[78],1699,112,8.0,84.82,✓| ✓,logloss,Tuned + Ens.,FastAIMLP,0.45,0.43,4.444444444444448
46940 (363684),Marketing_Campaign,[80],2240,26,2.0,34.62,✓| ✓,AUC,Default,FastAIMLP,0.89,0.915,2.500000000000002
46940 (363684),Marketing_Campaign,[80],2240,26,2.0,34.62,✓| ✓,AUC,Tuned,FastAIMLP,0.905,0.916,1.100000000000001
46940 (363684),Marketing_Campaign,[80],2240,26,2.0,34.62,✓| ✓,AUC,Tuned + Ens.,FastAIMLP,0.909,0.919,1.0000000000000009
46969 (363689),NATICUSdroid,[92],7491,87,2.0,100.0,✓| ✓,AUC,Default,FastAIMLP,0.985,0.987,0.20000000000000018
46969 (363689),NATICUSdroid,[92],7491,87,2.0,100.0,✓| ✓,AUC,Tuned,FastAIMLP,0.985,0.986,0.10000000000000009
46969 (363689),NATICUSdroid,[92],7491,87,2.0,100.0,✓| ✓,AUC,Tuned + Ens.,FastAIMLP,0.986,0.987,0.10000000000000009
46953 (363697),QSAR-TID-11,[88],5742,1025,,0.0,✗| ✗,rmse,Default,FastAIMLP,0.776,0.761,1.9329896907216513
46953 (363697),QSAR-TID-11,[88],5742,1025,,0.0,✗| ✗,rmse,Tuned,FastAIMLP,0.766,0.744,2.872062663185381
46953 (363697),QSAR-TID-11,[88],5742,1025,,0.0,✗| ✗,rmse,Tuned + Ens.,FastAIMLP,0.761,0.734,3.547963206307493
46954 (363698),QSAR_fish_toxicity,[68],907,7,,0.0,✓| ✗,rmse,Default,FastAIMLP,0.908,0.859,5.3964757709251145
46954 (363698),QSAR_fish_toxicity,[68],907,7,,0.0,✓| ✗,rmse,Tuned,FastAIMLP,0.909,0.873,3.960396039603964
46954 (363698),QSAR_fish_toxicity,[68],907,7,,0.0,✓| ✗,rmse,Tuned + Ens.,FastAIMLP,0.897,0.86,4.12486064659978
46955 (363699),SDSS17,[114],78053,12,3.0,25.0,✗| ✓,logloss,Default,FastAIMLP,0.134,0.074,44.77611940298508
46955 (363699),SDSS17,[114],78053,12,3.0,25.0,✗| ✓,logloss,Tuned,FastAIMLP,0.111,0.073,34.234234234234236
46955 (363699),SDSS17,[114],78053,12,3.0,25.0,✗| ✓,logloss,Tuned + Ens.,FastAIMLP,0.112,0.067,40.17857142857142
46904 (363612),airfoil_self_noise,[76],1503,6,,16.67,✓| ✗,rmse,Default,FastAIMLP,2.327,1.119,51.912333476579285
46904 (363612),airfoil_self_noise,[76],1503,6,,16.67,✓| ✗,rmse,Tuned,FastAIMLP,1.624,1.112,31.527093596059114
46904 (363612),airfoil_self_noise,[76],1503,6,,16.67,✓| ✗,rmse,Tuned + Ens.,FastAIMLP,1.646,1.074,34.7509113001215
46906 (363614),anneal,[67],898,39,5.0,84.62,✓| ✓,logloss,Default,FastAIMLP,0.085,0.016,81.17647058823529
46906 (363614),anneal,[67],898,39,5.0,84.62,✓| ✓,logloss,Tuned,FastAIMLP,0.056,0.022,60.71428571428572
46906 (363614),anneal,[67],898,39,5.0,84.62,✓| ✓,logloss,Tuned + Ens.,FastAIMLP,0.054,0.019,64.81481481481482
46910 (363618),bank-marketing,[106 | 107],45211,14,2.0,57.14,✗| ✓,AUC,Default,FastAIMLP,0.759,0.766,0.7000000000000006
46910 (363618),bank-marketing,[106 | 107],45211,14,2.0,57.14,✗| ✓,AUC,Tuned,FastAIMLP,0.76,0.766,0.6000000000000005
46910 (363618),bank-marketing,[106 | 107],45211,14,2.0,57.14,✗| ✓,AUC,Tuned + Ens.,FastAIMLP,0.761,0.766,0.5000000000000004
46913 (363621),blood-transfusion-service-center,[65],748,5,2.0,20.0,✓| ✓,AUC,Default,FastAIMLP,0.743,0.756,1.3000000000000012
46913 (363621),blood-transfusion-service-center,[65],748,5,2.0,20.0,✓| ✓,AUC,Tuned,FastAIMLP,0.754,0.754,0.0
46913 (363621),blood-transfusion-service-center,[65],748,5,2.0,20.0,✓| ✓,AUC,Tuned + Ens.,FastAIMLP,0.756,0.756,0.0
46915 (363623),churn,[87],5000,20,2.0,25.0,✓| ✓,AUC,Default,FastAIMLP,0.918,0.928,1.0000000000000009
46915 (363623),churn,[87],5000,20,2.0,25.0,✓| ✓,AUC,Tuned,FastAIMLP,0.921,0.932,1.100000000000001
46915 (363623),churn,[87],5000,20,2.0,25.0,✓| ✓,AUC,Tuned + Ens.,FastAIMLP,0.921,0.931,1.0000000000000009
46916 (363624),coil2000_insurance_policies,[93],9822,86,2.0,4.65,✓| ✓,AUC,Default,FastAIMLP,0.719,0.761,4.200000000000004
46916 (363624),coil2000_insurance_policies,[93],9822,86,2.0,4.65,✓| ✓,AUC,Tuned,FastAIMLP,0.749,0.773,2.400000000000002
46916 (363624),coil2000_insurance_policies,[93],9822,86,2.0,4.65,✓| ✓,AUC,Tuned + Ens.,FastAIMLP,0.747,0.773,2.6000000000000023
46917 (363625),concrete_compressive_strength,[71],1030,9,,0.0,✓| ✗,rmse,Default,FastAIMLP,6.369,4.214,33.83576699638875
46917 (363625),concrete_compressive_strength,[71],1030,9,,0.0,✓| ✗,rmse,Tuned,FastAIMLP,5.187,4.171,19.587430113745903
46917 (363625),concrete_compressive_strength,[71],1030,9,,0.0,✓| ✗,rmse,Tuned + Ens.,FastAIMLP,5.272,4.118,21.889226100151742
46918 (363626),credit-g,[69],1000,21,2.0,66.67,✓| ✓,AUC,Default,FastAIMLP,0.783,0.793,1.0000000000000009
46918 (363626),credit-g,[69],1000,21,2.0,66.67,✓| ✓,AUC,Tuned,FastAIMLP,0.784,0.795,1.100000000000001
46918 (363626),credit-g,[69],1000,21,2.0,66.67,✓| ✓,AUC,Tuned + Ens.,FastAIMLP,0.793,0.796,0.30000000000000027
46919 (363627),credit_card_clients_default,[104],30000,24,2.0,16.67,✗| ✓,AUC,Default,FastAIMLP,0.781,0.788,0.7000000000000006
46919 (363627),credit_card_clients_default,[104],30000,24,2.0,16.67,✗| ✓,AUC,Tuned,FastAIMLP,0.783,0.788,0.5000000000000004
46919 (363627),credit_card_clients_default,[104],30000,24,2.0,16.67,✗| ✓,AUC,Tuned + Ens.,FastAIMLP,0.783,0.788,0.5000000000000004
46920 (363628),customer_satisfaction_in_airline,[115],129880,22,2.0,77.27,✗| ✓,AUC,Default,FastAIMLP,0.995,0.995,0.0
46920 (363628),customer_satisfaction_in_airline,[115],129880,22,2.0,77.27,✗| ✓,AUC,Tuned,FastAIMLP,0.995,0.995,0.0
46920 (363628),customer_satisfaction_in_airline,[115],129880,22,2.0,77.27,✗| ✓,AUC,Tuned + Ens.,FastAIMLP,0.995,0.996,0.10000000000000009
46921 (363629),diabetes,[66],768,9,2.0,11.11,✓| ✓,AUC,Default,FastAIMLP,0.826,0.844,1.8000000000000016
46921 (363629),diabetes,[66],768,9,2.0,11.11,✓| ✓,AUC,Tuned,FastAIMLP,0.832,0.842,1.0000000000000009
46921 (363629),diabetes,[66],768,9,2.0,11.11,✓| ✓,AUC,Tuned + Ens.,FastAIMLP,0.835,0.84,0.5000000000000004
46923 (363631),diamonds,[111],53940,10,,30.0,✗| ✗,rmse,Default,FastAIMLP,563.1,520.7,7.529746048659204
46923 (363631),diamonds,[111],53940,10,,30.0,✗| ✗,rmse,Tuned,FastAIMLP,559.4,520.7,6.91812656417589
46923 (363631),diamonds,[111],53940,10,,30.0,✗| ✗,rmse,Tuned + Ens.,FastAIMLP,550.0,510.3,7.218181818181817
46930 (363674),hazelnut-spread-contaminant-detection,[81],2400,31,2.0,3.23,✓| ✓,AUC,Default,FastAIMLP,0.983,0.992,0.9000000000000008
46930 (363674),hazelnut-spread-contaminant-detection,[81],2400,31,2.0,3.23,✓| ✓,AUC,Tuned,FastAIMLP,0.986,0.989,0.30000000000000027
46930 (363674),hazelnut-spread-contaminant-detection,[81],2400,31,2.0,3.23,✓| ✓,AUC,Tuned + Ens.,FastAIMLP,0.986,0.989,0.30000000000000027
46931 (363675),healthcare_insurance_expenses,[73],1338,7,,42.86,✓| ✗,rmse,Default,FastAIMLP,4720.2,4508.4,4.4870980043218545
46931 (363675),healthcare_insurance_expenses,[73],1338,7,,42.86,✓| ✗,rmse,Tuned,FastAIMLP,4633.9,4499.7,2.896048684693235
46931 (363675),healthcare_insurance_expenses,[73],1338,7,,42.86,✓| ✗,rmse,Tuned + Ens.,FastAIMLP,4624.2,4490.4,2.893473465680554
46932 (363676),heloc,[95],10459,24,2.0,4.17,✓| ✓,AUC,Default,FastAIMLP,0.791,0.801,1.0000000000000009
46932 (363676),heloc,[95],10459,24,2.0,4.17,✓| ✓,AUC,Tuned,FastAIMLP,0.794,0.801,0.7000000000000006
46932 (363676),heloc,[95],10459,24,2.0,4.17,✓| ✓,AUC,Tuned + Ens.,FastAIMLP,0.795,0.801,0.6000000000000005
46933 (363677),hiva_agnostic,[85],3845,1618,3.0,100.0,✗| ✗,logloss,Default,FastAIMLP,0.213,0.174,18.30985915492958
46933 (363677),hiva_agnostic,[85],3845,1618,3.0,100.0,✗| ✗,logloss,Tuned,FastAIMLP,0.183,0.174,4.9180327868852505
46933 (363677),hiva_agnostic,[85],3845,1618,3.0,100.0,✗| ✗,logloss,Tuned + Ens.,FastAIMLP,0.183,0.174,4.9180327868852505
46934 (363678),houses,[102],20640,9,,0.0,✗| ✗,rmse,Default,FastAIMLP,0.244,0.204,16.393442622950825
46934 (363678),houses,[102],20640,9,,0.0,✗| ✗,rmse,Tuned,FastAIMLP,0.236,0.203,13.983050847457617
46934 (363678),houses,[102],20640,9,,0.0,✗| ✗,rmse,Tuned + Ens.,FastAIMLP,0.235,0.199,15.319148936170205
46937 (363681),in_vehicle_coupon_recommendation,[99],12684,25,2.0,88.0,✓| ✓,AUC,Default,FastAIMLP,0.81,0.848,3.7999999999999923
46937 (363681),in_vehicle_coupon_recommendation,[99],12684,25,2.0,88.0,✓| ✓,AUC,Tuned,FastAIMLP,0.823,0.851,2.8000000000000025
46937 (363681),in_vehicle_coupon_recommendation,[99],12684,25,2.0,88.0,✓| ✓,AUC,Tuned + Ens.,FastAIMLP,0.826,0.852,2.6000000000000023
46979 (363712),jm1,[96],10885,22,2.0,4.55,✓| ✓,AUC,Default,FastAIMLP,0.728,0.776,4.800000000000004
46979 (363712),jm1,[96],10885,22,2.0,4.55,✓| ✓,AUC,Tuned,FastAIMLP,0.728,0.761,3.300000000000003
46979 (363712),jm1,[96],10885,22,2.0,4.55,✓| ✓,AUC,Tuned + Ens.,FastAIMLP,0.733,0.773,4.0000000000000036
46939 (363683),kddcup09_appetency,[110],50000,213,2.0,18.31,✗| ✓,AUC,Default,FastAIMLP,0.749,0.846,9.699999999999998
46939 (363683),kddcup09_appetency,[110],50000,213,2.0,18.31,✗| ✓,AUC,Tuned,FastAIMLP,0.795,0.845,4.999999999999993
46939 (363683),kddcup09_appetency,[110],50000,213,2.0,18.31,✗| ✓,AUC,Tuned + Ens.,FastAIMLP,0.804,0.846,4.199999999999992
46941 (363685),maternal_health_risk,[70],1014,7,3.0,14.29,✓| ✓,logloss,Default,FastAIMLP,0.65,0.405,37.69230769230769
46941 (363685),maternal_health_risk,[70],1014,7,3.0,14.29,✓| ✓,logloss,Tuned,FastAIMLP,0.617,0.439,28.84927066450567
46941 (363685),maternal_health_risk,[70],1014,7,3.0,14.29,✓| ✓,logloss,Tuned + Ens.,FastAIMLP,0.611,0.428,29.950900163666123
46942 (363686),miami_housing,[100],13776,16,,6.25,✓| ✗,rmse,Default,FastAIMLP,9034.0,7985.0,11.611689174230683
46942 (363686),miami_housing,[100],13776,16,,6.25,✓| ✗,rmse,Tuned,FastAIMLP,8855.0,7829.0,11.586674195369847
46942 (363686),miami_housing,[100],13776,16,,6.25,✓| ✗,rmse,Tuned + Ens.,FastAIMLP,8664.0,7711.0,10.999538319482918
46947 (363691),online_shoppers_intention,[98],12330,18,2.0,44.44,✓| ✓,AUC,Default,FastAIMLP,0.926,0.937,1.100000000000001
46947 (363691),online_shoppers_intention,[98],12330,18,2.0,44.44,✓| ✓,AUC,Tuned,FastAIMLP,0.931,0.937,0.6000000000000005
46947 (363691),online_shoppers_intention,[98],12330,18,2.0,44.44,✓| ✓,AUC,Tuned + Ens.,FastAIMLP,0.932,0.937,0.5000000000000004
46949 (363693),physiochemical_protein,[109],45730,10,,0.0,✗| ✗,rmse,Default,FastAIMLP,4.014,2.912,27.45391131041356
46949 (363693),physiochemical_protein,[109],45730,10,,0.0,✗| ✗,rmse,Tuned,FastAIMLP,3.675,3.056,16.84353741496598
46949 (363693),physiochemical_protein,[109],45730,10,,0.0,✗| ✗,rmse,Tuned + Ens.,FastAIMLP,3.683,2.985,18.951941352158567
46950 (363694),polish_companies_bankruptcy,[89],5910,65,2.0,1.54,✓| ✓,AUC,Default,FastAIMLP,0.841,0.974,13.3
46950 (363694),polish_companies_bankruptcy,[89],5910,65,2.0,1.54,✓| ✓,AUC,Tuned,FastAIMLP,0.852,0.979,12.7
46950 (363694),polish_companies_bankruptcy,[89],5910,65,2.0,1.54,✓| ✓,AUC,Tuned + Ens.,FastAIMLP,0.862,0.981,11.899999999999999
46952 (363696),qsar-biodeg,[72],1054,42,2.0,14.29,✓| ✓,AUC,Default,FastAIMLP,0.932,0.938,0.5999999999999894
46952 (363696),qsar-biodeg,[72],1054,42,2.0,14.29,✓| ✓,AUC,Tuned,FastAIMLP,0.932,0.934,0.20000000000000018
46952 (363696),qsar-biodeg,[72],1054,42,2.0,14.29,✓| ✓,AUC,Tuned + Ens.,FastAIMLP,0.934,0.936,0.20000000000000018
46956 (363700),seismic-bumps,[82],2584,16,2.0,25.0,✓| ✓,AUC,Default,FastAIMLP,0.728,0.783,5.500000000000005
46956 (363700),seismic-bumps,[82],2584,16,2.0,25.0,✓| ✓,AUC,Tuned,FastAIMLP,0.759,0.772,1.3000000000000012
46956 (363700),seismic-bumps,[82],2584,16,2.0,25.0,✓| ✓,AUC,Tuned + Ens.,FastAIMLP,0.761,0.771,1.0000000000000009
46958 (363702),splice,[83],3190,61,3.0,100.0,✓| ✓,logloss,Default,FastAIMLP,0.118,0.107,9.322033898305083
46958 (363702),splice,[83],3190,61,3.0,100.0,✓| ✓,logloss,Tuned,FastAIMLP,0.105,0.103,1.9047619047619067
46958 (363702),splice,[83],3190,61,3.0,100.0,✓| ✓,logloss,Tuned + Ens.,FastAIMLP,0.103,0.099,3.883495145631058
46960 (363704),students_dropout_and_academic_success,[86],4424,37,3.0,48.65,✓| ✓,logloss,Default,FastAIMLP,0.565,0.534,5.4867256637168005
46960 (363704),students_dropout_and_academic_success,[86],4424,37,3.0,48.65,✓| ✓,logloss,Tuned,FastAIMLP,0.549,0.529,3.6429872495446296
46960 (363704),students_dropout_and_academic_success,[86],4424,37,3.0,48.65,✓| ✓,logloss,Tuned + Ens.,FastAIMLP,0.54,0.527,2.4074074074074097
46961 (363705),superconductivity,[103],21263,82,,0.0,✗| ✗,rmse,Default,FastAIMLP,11.51,9.08,21.112076455256297
46961 (363705),superconductivity,[103],21263,82,,0.0,✗| ✗,rmse,Tuned,FastAIMLP,10.59,9.28,12.37016052880076
46961 (363705),superconductivity,[103],21263,82,,0.0,✗| ✗,rmse,Tuned + Ens.,FastAIMLP,10.55,9.22,12.606635071090047
46962 (363706),taiwanese_bankruptcy_prediction,[91],6819,95,2.0,1.05,✓| ✓,AUC,Default,FastAIMLP,0.914,0.944,2.9999999999999916
46962 (363706),taiwanese_bankruptcy_prediction,[91],6819,95,2.0,1.05,✓| ✓,AUC,Tuned,FastAIMLP,0.923,0.944,2.0999999999999908
46962 (363706),taiwanese_bankruptcy_prediction,[91],6819,95,2.0,1.05,✓| ✓,AUC,Tuned + Ens.,FastAIMLP,0.927,0.946,1.8999999999999906
46963 (363707),website_phishing,[74],1353,10,3.0,100.0,✓| ✓,logloss,Default,FastAIMLP,0.334,0.228,31.736526946107784
46963 (363707),website_phishing,[74],1353,10,3.0,100.0,✓| ✓,logloss,Tuned,FastAIMLP,0.245,0.223,8.979591836734691
46963 (363707),website_phishing,[74],1353,10,3.0,100.0,✓| ✓,logloss,Tuned + Ens.,FastAIMLP,0.241,0.222,7.883817427385888
46964 (363708),wine_quality,[90],6497,13,,7.69,✓| ✗,rmse,Default,FastAIMLP,0.669,0.59,11.808669656203298
46964 (363708),wine_quality,[90],6497,13,,7.69,✓| ✗,rmse,Tuned,FastAIMLP,0.668,0.605,9.431137724550906
46964 (363708),wine_quality,[90],6497,13,,7.69,✓| ✗,rmse,Tuned + Ens.,FastAIMLP,0.657,0.599,8.828006088280068
46908 (363616),APSFailure,[113],76000,171,2.0,0.58,✗| ✓,AUC,Default,TorchMLP,0.99,0.993,0.30000000000000027
46908 (363616),APSFailure,[113],76000,171,2.0,0.58,✗| ✓,AUC,Tuned,TorchMLP,0.991,0.992,0.10000000000000009
46908 (363616),APSFailure,[113],76000,171,2.0,0.58,✗| ✓,AUC,Tuned + Ens.,TorchMLP,0.992,0.993,0.10000000000000009
46905 (363613),Amazon_employee_access,[105],32769,10,2.0,100.0,✗| ✓,AUC,Default,TorchMLP,0.835,0.882,4.700000000000005
46905 (363613),Amazon_employee_access,[105],32769,10,2.0,100.0,✗| ✓,AUC,Tuned,TorchMLP,0.838,0.883,4.5000000000000036
46905 (363613),Amazon_employee_access,[105],32769,10,2.0,100.0,✗| ✓,AUC,Tuned + Ens.,TorchMLP,0.849,0.883,3.400000000000003
46907 (363615),Another-Dataset-on-used-Fiat-500,[77],1538,8,,12.5,✓| ✗,rmse,Default,TorchMLP,775.0,724.0,6.580645161290323
46907 (363615),Another-Dataset-on-used-Fiat-500,[77],1538,8,,12.5,✓| ✗,rmse,Tuned,TorchMLP,769.8,733.2,4.754481683554158
46907 (363615),Another-Dataset-on-used-Fiat-500,[77],1538,8,,12.5,✓| ✗,rmse,Tuned + Ens.,TorchMLP,765.0,726.6,5.019607843137252
46911 (363619),Bank_Customer_Churn,[94],10000,11,2.0,45.45,✓| ✓,AUC,Default,TorchMLP,0.86,0.872,1.200000000000001
46911 (363619),Bank_Customer_Churn,[94],10000,11,2.0,45.45,✓| ✓,AUC,Tuned,TorchMLP,0.866,0.874,0.8000000000000007
46911 (363619),Bank_Customer_Churn,[94],10000,11,2.0,45.45,✓| ✓,AUC,Tuned + Ens.,TorchMLP,0.866,0.874,0.8000000000000007
46912 (363620),Bioresponse,[84],3751,1777,2.0,0.06,✗| ✗,AUC,Default,TorchMLP,0.846,0.873,2.7000000000000024
46912 (363620),Bioresponse,[84],3751,1777,2.0,0.06,✗| ✗,AUC,Tuned,TorchMLP,0.856,0.875,1.9000000000000017
46912 (363620),Bioresponse,[84],3751,1777,2.0,0.06,✗| ✗,AUC,Tuned + Ens.,TorchMLP,0.863,0.878,1.5000000000000013
46922 (363630),Diabetes130US,[112],71518,48,2.0,83.33,✗| ✓,AUC,Default,TorchMLP,0.655,0.671,1.6000000000000014
46922 (363630),Diabetes130US,[112],71518,48,2.0,83.33,✗| ✓,AUC,Tuned,TorchMLP,0.663,0.671,0.8000000000000007
46922 (363630),Diabetes130US,[112],71518,48,2.0,83.33,✗| ✓,AUC,Tuned + Ens.,TorchMLP,0.667,0.673,0.6000000000000005
46924 (363632),E-CommereShippingData,[97],10999,11,2.0,45.45,✓| ✓,AUC,Default,TorchMLP,0.737,0.744,0.7000000000000006
46924 (363632),E-CommereShippingData,[97],10999,11,2.0,45.45,✓| ✓,AUC,Tuned,TorchMLP,0.74,0.744,0.40000000000000036
46924 (363632),E-CommereShippingData,[97],10999,11,2.0,45.45,✓| ✓,AUC,Tuned + Ens.,TorchMLP,0.741,0.744,0.30000000000000027
46927 (363671),Fitness_Club,[75],1500,7,2.0,57.14,✓| ✓,AUC,Default,TorchMLP,0.813,0.822,0.9000000000000008
46927 (363671),Fitness_Club,[75],1500,7,2.0,57.14,✓| ✓,AUC,Tuned,TorchMLP,0.813,0.82,0.7000000000000006
46927 (363671),Fitness_Club,[75],1500,7,2.0,57.14,✓| ✓,AUC,Tuned + Ens.,TorchMLP,0.814,0.819,0.5000000000000004
46928 (363672),Food_Delivery_Time,[108],45451,10,,30.0,✗| ✗,rmse,Default,TorchMLP,7.735,7.379,4.602456367162259
46928 (363672),Food_Delivery_Time,[108],45451,10,,30.0,✗| ✗,rmse,Tuned,TorchMLP,7.579,7.367,2.797202797202794
46928 (363672),Food_Delivery_Time,[108],45451,10,,30.0,✗| ✗,rmse,Tuned + Ens.,TorchMLP,7.559,7.362,2.606164836618601
46929 (363673),GiveMeSomeCredit,[116],150000,11,2.0,9.09,✗| ✓,AUC,Default,TorchMLP,0.863,0.866,0.30000000000000027
46929 (363673),GiveMeSomeCredit,[116],150000,11,2.0,9.09,✗| ✓,AUC,Tuned,TorchMLP,0.864,0.867,0.30000000000000027
46929 (363673),GiveMeSomeCredit,[116],150000,11,2.0,9.09,✗| ✓,AUC,Tuned + Ens.,TorchMLP,0.865,0.867,0.20000000000000018
46935 (363679),HR_Analytics_Job_Change,[101],19158,13,2.0,76.92,✗| ✓,AUC,Default,TorchMLP,0.801,0.805,0.40000000000000036
46935 (363679),HR_Analytics_Job_Change,[101],19158,13,2.0,76.92,✗| ✓,AUC,Tuned,TorchMLP,0.801,0.804,0.30000000000000027
46935 (363679),HR_Analytics_Job_Change,[101],19158,13,2.0,76.92,✗| ✓,AUC,Tuned + Ens.,TorchMLP,0.803,0.805,0.20000000000000018
46938 (363682),Is-this-a-good-customer,[79],1723,14,2.0,64.29,✓| ✓,AUC,Default,TorchMLP,0.728,0.751,2.300000000000002
46938 (363682),Is-this-a-good-customer,[79],1723,14,2.0,64.29,✓| ✓,AUC,Tuned,TorchMLP,0.727,0.745,1.8000000000000016
46938 (363682),Is-this-a-good-customer,[79],1723,14,2.0,64.29,✓| ✓,AUC,Tuned + Ens.,TorchMLP,0.733,0.748,1.5000000000000013
46980 (363711),MIC,[78],1699,112,8.0,84.82,✓| ✓,logloss,Default,TorchMLP,0.473,0.432,8.668076109936571
46980 (363711),MIC,[78],1699,112,8.0,84.82,✓| ✓,logloss,Tuned,TorchMLP,0.465,0.431,7.311827956989253
46980 (363711),MIC,[78],1699,112,8.0,84.82,✓| ✓,logloss,Tuned + Ens.,TorchMLP,0.453,0.43,5.0772626931567375
46940 (363684),Marketing_Campaign,[80],2240,26,2.0,34.62,✓| ✓,AUC,Default,TorchMLP,0.898,0.915,1.7000000000000015
46940 (363684),Marketing_Campaign,[80],2240,26,2.0,34.62,✓| ✓,AUC,Tuned,TorchMLP,0.91,0.916,0.6000000000000005
46940 (363684),Marketing_Campaign,[80],2240,26,2.0,34.62,✓| ✓,AUC,Tuned + Ens.,TorchMLP,0.915,0.919,0.40000000000000036
46969 (363689),NATICUSdroid,[92],7491,87,2.0,100.0,✓| ✓,AUC,Default,TorchMLP,0.985,0.987,0.20000000000000018
46969 (363689),NATICUSdroid,[92],7491,87,2.0,100.0,✓| ✓,AUC,Tuned,TorchMLP,0.985,0.986,0.10000000000000009
46969 (363689),NATICUSdroid,[92],7491,87,2.0,100.0,✓| ✓,AUC,Tuned + Ens.,TorchMLP,0.986,0.987,0.10000000000000009
46953 (363697),QSAR-TID-11,[88],5742,1025,,0.0,✗| ✗,rmse,Default,TorchMLP,0.774,0.761,1.6795865633074951
46953 (363697),QSAR-TID-11,[88],5742,1025,,0.0,✗| ✗,rmse,Tuned,TorchMLP,0.762,0.744,2.362204724409451
46953 (363697),QSAR-TID-11,[88],5742,1025,,0.0,✗| ✗,rmse,Tuned + Ens.,TorchMLP,0.748,0.734,1.8716577540106967
46954 (363698),QSAR_fish_toxicity,[68],907,7,,0.0,✓| ✗,rmse,Default,TorchMLP,0.906,0.859,5.1876379690949275
46954 (363698),QSAR_fish_toxicity,[68],907,7,,0.0,✓| ✗,rmse,Tuned,TorchMLP,0.897,0.873,2.6755852842809387
46954 (363698),QSAR_fish_toxicity,[68],907,7,,0.0,✓| ✗,rmse,Tuned + Ens.,TorchMLP,0.89,0.86,3.3707865168539355
46955 (363699),SDSS17,[114],78053,12,3.0,25.0,✗| ✓,logloss,Default,TorchMLP,0.094,0.074,21.276595744680854
46955 (363699),SDSS17,[114],78053,12,3.0,25.0,✗| ✓,logloss,Tuned,TorchMLP,0.081,0.073,9.876543209876552
46955 (363699),SDSS17,[114],78053,12,3.0,25.0,✗| ✓,logloss,Tuned + Ens.,TorchMLP,0.08,0.067,16.249999999999996
46904 (363612),airfoil_self_noise,[76],1503,6,,16.67,✓| ✗,rmse,Default,TorchMLP,1.493,1.119,25.050234427327535
46904 (363612),airfoil_self_noise,[76],1503,6,,16.67,✓| ✗,rmse,Tuned,TorchMLP,1.372,1.112,18.950437317784257
46904 (363612),airfoil_self_noise,[76],1503,6,,16.67,✓| ✗,rmse,Tuned + Ens.,TorchMLP,1.374,1.074,21.83406113537118
46906 (363614),anneal,[67],898,39,5.0,84.62,✓| ✓,logloss,Default,TorchMLP,0.04,0.016,60.0
46906 (363614),anneal,[67],898,39,5.0,84.62,✓| ✓,logloss,Tuned,TorchMLP,0.052,0.022,57.6923076923077
46906 (363614),anneal,[67],898,39,5.0,84.62,✓| ✓,logloss,Tuned + Ens.,TorchMLP,0.04,0.019,52.5
46910 (363618),bank-marketing,[106 | 107],45211,14,2.0,57.14,✗| ✓,AUC,Default,TorchMLP,0.757,0.766,0.9000000000000008
46910 (363618),bank-marketing,[106 | 107],45211,14,2.0,57.14,✗| ✓,AUC,Tuned,TorchMLP,0.758,0.766,0.8000000000000007
46910 (363618),bank-marketing,[106 | 107],45211,14,2.0,57.14,✗| ✓,AUC,Tuned + Ens.,TorchMLP,0.759,0.766,0.7000000000000006
46913 (363621),blood-transfusion-service-center,[65],748,5,2.0,20.0,✓| ✓,AUC,Default,TorchMLP,0.749,0.756,0.7000000000000006
46913 (363621),blood-transfusion-service-center,[65],748,5,2.0,20.0,✓| ✓,AUC,Tuned,TorchMLP,0.747,0.754,0.7000000000000006
46913 (363621),blood-transfusion-service-center,[65],748,5,2.0,20.0,✓| ✓,AUC,Tuned + Ens.,TorchMLP,0.748,0.756,0.8000000000000007
46915 (363623),churn,[87],5000,20,2.0,25.0,✓| ✓,AUC,Default,TorchMLP,0.888,0.928,4.0000000000000036
46915 (363623),churn,[87],5000,20,2.0,25.0,✓| ✓,AUC,Tuned,TorchMLP,0.918,0.932,1.4000000000000012
46915 (363623),churn,[87],5000,20,2.0,25.0,✓| ✓,AUC,Tuned + Ens.,TorchMLP,0.918,0.931,1.3000000000000012
46916 (363624),coil2000_insurance_policies,[93],9822,86,2.0,4.65,✓| ✓,AUC,Default,TorchMLP,0.74,0.761,2.100000000000002
46916 (363624),coil2000_insurance_policies,[93],9822,86,2.0,4.65,✓| ✓,AUC,Tuned,TorchMLP,0.747,0.773,2.6000000000000023
46916 (363624),coil2000_insurance_policies,[93],9822,86,2.0,4.65,✓| ✓,AUC,Tuned + Ens.,TorchMLP,0.752,0.773,2.100000000000002
46917 (363625),concrete_compressive_strength,[71],1030,9,,0.0,✓| ✗,rmse,Default,TorchMLP,4.817,4.214,12.518164832883533
46917 (363625),concrete_compressive_strength,[71],1030,9,,0.0,✓| ✗,rmse,Tuned,TorchMLP,4.715,4.171,11.537645811240713
46917 (363625),concrete_compressive_strength,[71],1030,9,,0.0,✓| ✗,rmse,Tuned + Ens.,TorchMLP,4.654,4.118,11.516974645466258
46918 (363626),credit-g,[69],1000,21,2.0,66.67,✓| ✓,AUC,Default,TorchMLP,0.772,0.793,2.100000000000002
46918 (363626),credit-g,[69],1000,21,2.0,66.67,✓| ✓,AUC,Tuned,TorchMLP,0.782,0.795,1.3000000000000012
46918 (363626),credit-g,[69],1000,21,2.0,66.67,✓| ✓,AUC,Tuned + Ens.,TorchMLP,0.788,0.796,0.8000000000000007
46919 (363627),credit_card_clients_default,[104],30000,24,2.0,16.67,✗| ✓,AUC,Default,TorchMLP,0.779,0.788,0.9000000000000008
46919 (363627),credit_card_clients_default,[104],30000,24,2.0,16.67,✗| ✓,AUC,Tuned,TorchMLP,0.783,0.788,0.5000000000000004
46919 (363627),credit_card_clients_default,[104],30000,24,2.0,16.67,✗| ✓,AUC,Tuned + Ens.,TorchMLP,0.785,0.788,0.30000000000000027
46920 (363628),customer_satisfaction_in_airline,[115],129880,22,2.0,77.27,✗| ✓,AUC,Default,TorchMLP,0.993,0.995,0.20000000000000018
46920 (363628),customer_satisfaction_in_airline,[115],129880,22,2.0,77.27,✗| ✓,AUC,Tuned,TorchMLP,0.995,0.995,0.0
46920 (363628),customer_satisfaction_in_airline,[115],129880,22,2.0,77.27,✗| ✓,AUC,Tuned + Ens.,TorchMLP,0.995,0.996,0.10000000000000009
46921 (363629),diabetes,[66],768,9,2.0,11.11,✓| ✓,AUC,Default,TorchMLP,0.821,0.844,2.300000000000002
46921 (363629),diabetes,[66],768,9,2.0,11.11,✓| ✓,AUC,Tuned,TorchMLP,0.825,0.842,1.7000000000000015
46921 (363629),diabetes,[66],768,9,2.0,11.11,✓| ✓,AUC,Tuned + Ens.,TorchMLP,0.827,0.84,1.3000000000000012
46923 (363631),diamonds,[111],53940,10,,30.0,✗| ✗,rmse,Default,TorchMLP,627.3,520.7,16.993464052287568
46923 (363631),diamonds,[111],53940,10,,30.0,✗| ✗,rmse,Tuned,TorchMLP,550.5,520.7,5.41326067211625
46923 (363631),diamonds,[111],53940,10,,30.0,✗| ✗,rmse,Tuned + Ens.,TorchMLP,542.6,510.3,5.952819756726872
46930 (363674),hazelnut-spread-contaminant-detection,[81],2400,31,2.0,3.23,✓| ✓,AUC,Default,TorchMLP,0.983,0.992,0.9000000000000008
46930 (363674),hazelnut-spread-contaminant-detection,[81],2400,31,2.0,3.23,✓| ✓,AUC,Tuned,TorchMLP,0.987,0.989,0.20000000000000018
46930 (363674),hazelnut-spread-contaminant-detection,[81],2400,31,2.0,3.23,✓| ✓,AUC,Tuned + Ens.,TorchMLP,0.987,0.989,0.20000000000000018
46931 (363675),healthcare_insurance_expenses,[73],1338,7,,42.86,✓| ✗,rmse,Default,TorchMLP,4661.1,4508.4,3.2760507176417737
46931 (363675),healthcare_insurance_expenses,[73],1338,7,,42.86,✓| ✗,rmse,Tuned,TorchMLP,4526.1,4499.7,0.5832836216610446
46931 (363675),healthcare_insurance_expenses,[73],1338,7,,42.86,✓| ✗,rmse,Tuned + Ens.,TorchMLP,4534.0,4490.4,0.9616232906925531
46932 (363676),heloc,[95],10459,24,2.0,4.17,✓| ✓,AUC,Default,TorchMLP,0.791,0.801,1.0000000000000009
46932 (363676),heloc,[95],10459,24,2.0,4.17,✓| ✓,AUC,Tuned,TorchMLP,0.795,0.801,0.6000000000000005
46932 (363676),heloc,[95],10459,24,2.0,4.17,✓| ✓,AUC,Tuned + Ens.,TorchMLP,0.796,0.801,0.5000000000000004
46933 (363677),hiva_agnostic,[85],3845,1618,3.0,100.0,✗| ✗,logloss,Default,TorchMLP,0.183,0.174,4.9180327868852505
46933 (363677),hiva_agnostic,[85],3845,1618,3.0,100.0,✗| ✗,logloss,Tuned,TorchMLP,0.176,0.174,1.1363636363636374
46933 (363677),hiva_agnostic,[85],3845,1618,3.0,100.0,✗| ✗,logloss,Tuned + Ens.,TorchMLP,0.178,0.174,2.247191011235957
46934 (363678),houses,[102],20640,9,,0.0,✗| ✗,rmse,Default,TorchMLP,0.233,0.204,12.446351931330483
46934 (363678),houses,[102],20640,9,,0.0,✗| ✗,rmse,Tuned,TorchMLP,0.228,0.203,10.964912280701752
46934 (363678),houses,[102],20640,9,,0.0,✗| ✗,rmse,Tuned + Ens.,TorchMLP,0.226,0.199,11.946902654867255
46937 (363681),in_vehicle_coupon_recommendation,[99],12684,25,2.0,88.0,✓| ✓,AUC,Default,TorchMLP,0.825,0.848,2.300000000000002
46937 (363681),in_vehicle_coupon_recommendation,[99],12684,25,2.0,88.0,✓| ✓,AUC,Tuned,TorchMLP,0.833,0.851,1.8000000000000016
46937 (363681),in_vehicle_coupon_recommendation,[99],12684,25,2.0,88.0,✓| ✓,AUC,Tuned + Ens.,TorchMLP,0.841,0.852,1.100000000000001
46979 (363712),jm1,[96],10885,22,2.0,4.55,✓| ✓,AUC,Default,TorchMLP,0.728,0.776,4.800000000000004
46979 (363712),jm1,[96],10885,22,2.0,4.55,✓| ✓,AUC,Tuned,TorchMLP,0.734,0.761,2.7000000000000024
46979 (363712),jm1,[96],10885,22,2.0,4.55,✓| ✓,AUC,Tuned + Ens.,TorchMLP,0.736,0.773,3.7000000000000033
46939 (363683),kddcup09_appetency,[110],50000,213,2.0,18.31,✗| ✓,AUC,Default,TorchMLP,0.819,0.846,2.7000000000000024
46939 (363683),kddcup09_appetency,[110],50000,213,2.0,18.31,✗| ✓,AUC,Tuned,TorchMLP,0.826,0.845,1.9000000000000017
46939 (363683),kddcup09_appetency,[110],50000,213,2.0,18.31,✗| ✓,AUC,Tuned + Ens.,TorchMLP,0.831,0.846,1.5000000000000013
46941 (363685),maternal_health_risk,[70],1014,7,3.0,14.29,✓| ✓,logloss,Default,TorchMLP,0.606,0.405,33.168316831683164
46941 (363685),maternal_health_risk,[70],1014,7,3.0,14.29,✓| ✓,logloss,Tuned,TorchMLP,0.566,0.439,22.438162544169604
46941 (363685),maternal_health_risk,[70],1014,7,3.0,14.29,✓| ✓,logloss,Tuned + Ens.,TorchMLP,0.554,0.428,22.743682310469325
46942 (363686),miami_housing,[100],13776,16,,6.25,✓| ✗,rmse,Default,TorchMLP,9265.0,7985.0,13.815434430652996
46942 (363686),miami_housing,[100],13776,16,,6.25,✓| ✗,rmse,Tuned,TorchMLP,8631.0,7829.0,9.292086664349439
46942 (363686),miami_housing,[100],13776,16,,6.25,✓| ✗,rmse,Tuned + Ens.,TorchMLP,8528.0,7711.0,9.580206378986865
46947 (363691),online_shoppers_intention,[98],12330,18,2.0,44.44,✓| ✓,AUC,Default,TorchMLP,0.93,0.937,0.7000000000000006
46947 (363691),online_shoppers_intention,[98],12330,18,2.0,44.44,✓| ✓,AUC,Tuned,TorchMLP,0.935,0.937,0.20000000000000018
46947 (363691),online_shoppers_intention,[98],12330,18,2.0,44.44,✓| ✓,AUC,Tuned + Ens.,TorchMLP,0.936,0.937,0.10000000000000009
46949 (363693),physiochemical_protein,[109],45730,10,,0.0,✗| ✗,rmse,Default,TorchMLP,3.388,2.912,14.049586776859504
46949 (363693),physiochemical_protein,[109],45730,10,,0.0,✗| ✗,rmse,Tuned,TorchMLP,3.289,3.056,7.084220127698392
46949 (363693),physiochemical_protein,[109],45730,10,,0.0,✗| ✗,rmse,Tuned + Ens.,TorchMLP,3.228,2.985,7.527881040892202
46950 (363694),polish_companies_bankruptcy,[89],5910,65,2.0,1.54,✓| ✓,AUC,Default,TorchMLP,0.903,0.974,7.099999999999995
46950 (363694),polish_companies_bankruptcy,[89],5910,65,2.0,1.54,✓| ✓,AUC,Tuned,TorchMLP,0.955,0.979,2.400000000000002
46950 (363694),polish_companies_bankruptcy,[89],5910,65,2.0,1.54,✓| ✓,AUC,Tuned + Ens.,TorchMLP,0.957,0.981,2.400000000000002
46952 (363696),qsar-biodeg,[72],1054,42,2.0,14.29,✓| ✓,AUC,Default,TorchMLP,0.924,0.938,1.3999999999999901
46952 (363696),qsar-biodeg,[72],1054,42,2.0,14.29,✓| ✓,AUC,Tuned,TorchMLP,0.923,0.934,1.100000000000001
46952 (363696),qsar-biodeg,[72],1054,42,2.0,14.29,✓| ✓,AUC,Tuned + Ens.,TorchMLP,0.927,0.936,0.9000000000000008
46956 (363700),seismic-bumps,[82],2584,16,2.0,25.0,✓| ✓,AUC,Default,TorchMLP,0.763,0.783,2.0000000000000018
46956 (363700),seismic-bumps,[82],2584,16,2.0,25.0,✓| ✓,AUC,Tuned,TorchMLP,0.758,0.772,1.4000000000000012
46956 (363700),seismic-bumps,[82],2584,16,2.0,25.0,✓| ✓,AUC,Tuned + Ens.,TorchMLP,0.762,0.771,0.9000000000000008
46958 (363702),splice,[83],3190,61,3.0,100.0,✓| ✓,logloss,Default,TorchMLP,0.157,0.107,31.84713375796179
46958 (363702),splice,[83],3190,61,3.0,100.0,✓| ✓,logloss,Tuned,TorchMLP,0.127,0.103,18.897637795275596
46958 (363702),splice,[83],3190,61,3.0,100.0,✓| ✓,logloss,Tuned + Ens.,TorchMLP,0.116,0.099,14.655172413793105
46960 (363704),students_dropout_and_academic_success,[86],4424,37,3.0,48.65,✓| ✓,logloss,Default,TorchMLP,0.581,0.534,8.089500860585186
46960 (363704),students_dropout_and_academic_success,[86],4424,37,3.0,48.65,✓| ✓,logloss,Tuned,TorchMLP,0.559,0.529,5.366726296958859
46960 (363704),students_dropout_and_academic_success,[86],4424,37,3.0,48.65,✓| ✓,logloss,Tuned + Ens.,TorchMLP,0.552,0.527,4.5289855072463805
46961 (363705),superconductivity,[103],21263,82,,0.0,✗| ✗,rmse,Default,TorchMLP,9.95,9.08,8.743718592964816
46961 (363705),superconductivity,[103],21263,82,,0.0,✗| ✗,rmse,Tuned,TorchMLP,9.66,9.28,3.93374741200829
46961 (363705),superconductivity,[103],21263,82,,0.0,✗| ✗,rmse,Tuned + Ens.,TorchMLP,9.56,9.22,3.5564853556485336
46962 (363706),taiwanese_bankruptcy_prediction,[91],6819,95,2.0,1.05,✓| ✓,AUC,Default,TorchMLP,0.925,0.944,1.8999999999999906
46962 (363706),taiwanese_bankruptcy_prediction,[91],6819,95,2.0,1.05,✓| ✓,AUC,Tuned,TorchMLP,0.94,0.944,0.40000000000000036
46962 (363706),taiwanese_bankruptcy_prediction,[91],6819,95,2.0,1.05,✓| ✓,AUC,Tuned + Ens.,TorchMLP,0.943,0.946,0.30000000000000027
46963 (363707),website_phishing,[74],1353,10,3.0,100.0,✓| ✓,logloss,Default,TorchMLP,0.289,0.228,21.107266435986148
46963 (363707),website_phishing,[74],1353,10,3.0,100.0,✓| ✓,logloss,Tuned,TorchMLP,0.237,0.223,5.907172995780584
46963 (363707),website_phishing,[74],1353,10,3.0,100.0,✓| ✓,logloss,Tuned + Ens.,TorchMLP,0.23,0.222,3.4782608695652204
46964 (363708),wine_quality,[90],6497,13,,7.69,✓| ✗,rmse,Default,TorchMLP,0.691,0.59,14.616497829232994
46964 (363708),wine_quality,[90],6497,13,,7.69,✓| ✗,rmse,Tuned,TorchMLP,0.653,0.605,7.350689127105673
46964 (363708),wine_quality,[90],6497,13,,7.69,✓| ✗,rmse,Tuned + Ens.,TorchMLP,0.65,0.599,7.846153846153853
46908 (363616),APSFailure,[113],76000,171,2.0,0.58,✗| ✓,AUC,Default,RealMLP,0.991,0.993,0.20000000000000018
46908 (363616),APSFailure,[113],76000,171,2.0,0.58,✗| ✓,AUC,Tuned,RealMLP,0.991,0.992,0.10000000000000009
46908 (363616),APSFailure,[113],76000,171,2.0,0.58,✗| ✓,AUC,Tuned + Ens.,RealMLP,0.992,0.993,0.10000000000000009
46905 (363613),Amazon_employee_access,[105],32769,10,2.0,100.0,✗| ✓,AUC,Default,RealMLP,0.844,0.882,3.8000000000000034
46905 (363613),Amazon_employee_access,[105],32769,10,2.0,100.0,✗| ✓,AUC,Tuned,RealMLP,0.846,0.883,3.7000000000000033
46905 (363613),Amazon_employee_access,[105],32769,10,2.0,100.0,✗| ✓,AUC,Tuned + Ens.,RealMLP,0.864,0.883,1.9000000000000017
46907 (363615),Another-Dataset-on-used-Fiat-500,[77],1538,8,,12.5,✓| ✗,rmse,Default,RealMLP,757.4,724.0,4.4098230789543145
46907 (363615),Another-Dataset-on-used-Fiat-500,[77],1538,8,,12.5,✓| ✗,rmse,Tuned,RealMLP,756.0,733.2,3.01587301587301
46907 (363615),Another-Dataset-on-used-Fiat-500,[77],1538,8,,12.5,✓| ✗,rmse,Tuned + Ens.,RealMLP,726.6,726.6,0.0
46911 (363619),Bank_Customer_Churn,[94],10000,11,2.0,45.45,✓| ✓,AUC,Default,RealMLP,0.866,0.872,0.6000000000000005
46911 (363619),Bank_Customer_Churn,[94],10000,11,2.0,45.45,✓| ✓,AUC,Tuned,RealMLP,0.87,0.874,0.40000000000000036
46911 (363619),Bank_Customer_Churn,[94],10000,11,2.0,45.45,✓| ✓,AUC,Tuned + Ens.,RealMLP,0.871,0.874,0.30000000000000027
46912 (363620),Bioresponse,[84],3751,1777,2.0,0.06,✗| ✗,AUC,Default,RealMLP,0.858,0.873,1.5000000000000013
46912 (363620),Bioresponse,[84],3751,1777,2.0,0.06,✗| ✗,AUC,Tuned,RealMLP,0.864,0.875,1.100000000000001
46912 (363620),Bioresponse,[84],3751,1777,2.0,0.06,✗| ✗,AUC,Tuned + Ens.,RealMLP,0.875,0.878,0.30000000000000027
46922 (363630),Diabetes130US,[112],71518,48,2.0,83.33,✗| ✓,AUC,Default,RealMLP,0.659,0.671,1.200000000000001
46922 (363630),Diabetes130US,[112],71518,48,2.0,83.33,✗| ✓,AUC,Tuned,RealMLP,0.662,0.671,0.9000000000000008
46922 (363630),Diabetes130US,[112],71518,48,2.0,83.33,✗| ✓,AUC,Tuned + Ens.,RealMLP,0.669,0.673,0.40000000000000036
46924 (363632),E-CommereShippingData,[97],10999,11,2.0,45.45,✓| ✓,AUC,Default,RealMLP,0.741,0.744,0.30000000000000027
46924 (363632),E-CommereShippingData,[97],10999,11,2.0,45.45,✓| ✓,AUC,Tuned,RealMLP,0.742,0.744,0.20000000000000018
46924 (363632),E-CommereShippingData,[97],10999,11,2.0,45.45,✓| ✓,AUC,Tuned + Ens.,RealMLP,0.742,0.744,0.20000000000000018
46927 (363671),Fitness_Club,[75],1500,7,2.0,57.14,✓| ✓,AUC,Default,RealMLP,0.812,0.822,0.9999999999999898
46927 (363671),Fitness_Club,[75],1500,7,2.0,57.14,✓| ✓,AUC,Tuned,RealMLP,0.814,0.82,0.6000000000000005
46927 (363671),Fitness_Club,[75],1500,7,2.0,57.14,✓| ✓,AUC,Tuned + Ens.,RealMLP,0.816,0.819,0.30000000000000027
46928 (363672),Food_Delivery_Time,[108],45451,10,,30.0,✗| ✗,rmse,Default,RealMLP,7.926,7.379,6.901337370678787
46928 (363672),Food_Delivery_Time,[108],45451,10,,30.0,✗| ✗,rmse,Tuned,RealMLP,7.453,7.367,1.1538977592915645
46928 (363672),Food_Delivery_Time,[108],45451,10,,30.0,✗| ✗,rmse,Tuned + Ens.,RealMLP,7.414,7.362,0.7013757755597465
46929 (363673),GiveMeSomeCredit,[116],150000,11,2.0,9.09,✗| ✓,AUC,Default,RealMLP,0.865,0.866,0.10000000000000009
46929 (363673),GiveMeSomeCredit,[116],150000,11,2.0,9.09,✗| ✓,AUC,Tuned,RealMLP,0.866,0.867,0.10000000000000009
46929 (363673),GiveMeSomeCredit,[116],150000,11,2.0,9.09,✗| ✓,AUC,Tuned + Ens.,RealMLP,0.866,0.867,0.10000000000000009
46935 (363679),HR_Analytics_Job_Change,[101],19158,13,2.0,76.92,✗| ✓,AUC,Default,RealMLP,0.801,0.805,0.40000000000000036
46935 (363679),HR_Analytics_Job_Change,[101],19158,13,2.0,76.92,✗| ✓,AUC,Tuned,RealMLP,0.801,0.804,0.30000000000000027
46935 (363679),HR_Analytics_Job_Change,[101],19158,13,2.0,76.92,✗| ✓,AUC,Tuned + Ens.,RealMLP,0.803,0.805,0.20000000000000018
46938 (363682),Is-this-a-good-customer,[79],1723,14,2.0,64.29,✓| ✓,AUC,Default,RealMLP,0.732,0.751,1.9000000000000017
46938 (363682),Is-this-a-good-customer,[79],1723,14,2.0,64.29,✓| ✓,AUC,Tuned,RealMLP,0.731,0.745,1.4000000000000012
46938 (363682),Is-this-a-good-customer,[79],1723,14,2.0,64.29,✓| ✓,AUC,Tuned + Ens.,RealMLP,0.742,0.748,0.6000000000000005
46980 (363711),MIC,[78],1699,112,8.0,84.82,✓| ✓,logloss,Default,RealMLP,0.492,0.432,12.195121951219512
46980 (363711),MIC,[78],1699,112,8.0,84.82,✓| ✓,logloss,Tuned,RealMLP,0.439,0.431,1.8223234624145803
46980 (363711),MIC,[78],1699,112,8.0,84.82,✓| ✓,logloss,Tuned + Ens.,RealMLP,0.434,0.43,0.9216589861751161
46940 (363684),Marketing_Campaign,[80],2240,26,2.0,34.62,✓| ✓,AUC,Default,RealMLP,0.906,0.915,0.9000000000000008
46940 (363684),Marketing_Campaign,[80],2240,26,2.0,34.62,✓| ✓,AUC,Tuned,RealMLP,0.907,0.916,0.9000000000000008
46940 (363684),Marketing_Campaign,[80],2240,26,2.0,34.62,✓| ✓,AUC,Tuned + Ens.,RealMLP,0.911,0.919,0.8000000000000007
46969 (363689),NATICUSdroid,[92],7491,87,2.0,100.0,✓| ✓,AUC,Default,RealMLP,0.985,0.987,0.20000000000000018
46969 (363689),NATICUSdroid,[92],7491,87,2.0,100.0,✓| ✓,AUC,Tuned,RealMLP,0.986,0.986,0.0
46969 (363689),NATICUSdroid,[92],7491,87,2.0,100.0,✓| ✓,AUC,Tuned + Ens.,RealMLP,0.986,0.987,0.10000000000000009
46953 (363697),QSAR-TID-11,[88],5742,1025,,0.0,✗| ✗,rmse,Default,RealMLP,0.763,0.761,0.26212319790301464
46953 (363697),QSAR-TID-11,[88],5742,1025,,0.0,✗| ✗,rmse,Tuned,RealMLP,0.764,0.744,2.6178010471204214
46953 (363697),QSAR-TID-11,[88],5742,1025,,0.0,✗| ✗,rmse,Tuned + Ens.,RealMLP,0.754,0.734,2.6525198938992065
46954 (363698),QSAR_fish_toxicity,[68],907,7,,0.0,✓| ✗,rmse,Default,RealMLP,0.878,0.859,2.164009111617314
46954 (363698),QSAR_fish_toxicity,[68],907,7,,0.0,✓| ✗,rmse,Tuned,RealMLP,0.884,0.873,1.244343891402716
46954 (363698),QSAR_fish_toxicity,[68],907,7,,0.0,✓| ✗,rmse,Tuned + Ens.,RealMLP,0.865,0.86,0.5780346820809253
46955 (363699),SDSS17,[114],78053,12,3.0,25.0,✗| ✓,logloss,Default,RealMLP,0.103,0.074,28.155339805825243
46955 (363699),SDSS17,[114],78053,12,3.0,25.0,✗| ✓,logloss,Tuned,RealMLP,0.089,0.073,17.97752808988764
46955 (363699),SDSS17,[114],78053,12,3.0,25.0,✗| ✓,logloss,Tuned + Ens.,RealMLP,0.087,0.067,22.98850574712643
46904 (363612),airfoil_self_noise,[76],1503,6,,16.67,✓| ✗,rmse,Default,RealMLP,1.179,1.119,5.089058524173033
46904 (363612),airfoil_self_noise,[76],1503,6,,16.67,✓| ✗,rmse,Tuned,RealMLP,1.146,1.112,2.9668411867364584
46904 (363612),airfoil_self_noise,[76],1503,6,,16.67,✓| ✗,rmse,Tuned + Ens.,RealMLP,1.109,1.074,3.1559963931469723
46906 (363614),anneal,[67],898,39,5.0,84.62,✓| ✓,logloss,Default,RealMLP,0.039,0.016,58.97435897435898
46906 (363614),anneal,[67],898,39,5.0,84.62,✓| ✓,logloss,Tuned,RealMLP,0.029,0.022,24.13793103448277
46906 (363614),anneal,[67],898,39,5.0,84.62,✓| ✓,logloss,Tuned + Ens.,RealMLP,0.024,0.019,20.833333333333336
46910 (363618),bank-marketing,[106 | 107],45211,14,2.0,57.14,✗| ✓,AUC,Default,RealMLP,0.761,0.766,0.5000000000000004
46910 (363618),bank-marketing,[106 | 107],45211,14,2.0,57.14,✗| ✓,AUC,Tuned,RealMLP,0.763,0.766,0.30000000000000027
46910 (363618),bank-marketing,[106 | 107],45211,14,2.0,57.14,✗| ✓,AUC,Tuned + Ens.,RealMLP,0.765,0.766,0.10000000000000009
46913 (363621),blood-transfusion-service-center,[65],748,5,2.0,20.0,✓| ✓,AUC,Default,RealMLP,0.75,0.756,0.6000000000000005
46913 (363621),blood-transfusion-service-center,[65],748,5,2.0,20.0,✓| ✓,AUC,Tuned,RealMLP,0.737,0.754,1.7000000000000015
46913 (363621),blood-transfusion-service-center,[65],748,5,2.0,20.0,✓| ✓,AUC,Tuned + Ens.,RealMLP,0.742,0.756,1.4000000000000012
46915 (363623),churn,[87],5000,20,2.0,25.0,✓| ✓,AUC,Default,RealMLP,0.92,0.928,0.8000000000000007
46915 (363623),churn,[87],5000,20,2.0,25.0,✓| ✓,AUC,Tuned,RealMLP,0.924,0.932,0.8000000000000007
46915 (363623),churn,[87],5000,20,2.0,25.0,✓| ✓,AUC,Tuned + Ens.,RealMLP,0.927,0.931,0.40000000000000036
46916 (363624),coil2000_insurance_policies,[93],9822,86,2.0,4.65,✓| ✓,AUC,Default,RealMLP,0.742,0.761,1.9000000000000017
46916 (363624),coil2000_insurance_policies,[93],9822,86,2.0,4.65,✓| ✓,AUC,Tuned,RealMLP,0.755,0.773,1.8000000000000016
46916 (363624),coil2000_insurance_policies,[93],9822,86,2.0,4.65,✓| ✓,AUC,Tuned + Ens.,RealMLP,0.763,0.773,1.0000000000000009
46917 (363625),concrete_compressive_strength,[71],1030,9,,0.0,✓| ✗,rmse,Default,RealMLP,4.688,4.214,10.11092150170647
46917 (363625),concrete_compressive_strength,[71],1030,9,,0.0,✓| ✗,rmse,Tuned,RealMLP,4.344,4.171,3.982504604051566
46917 (363625),concrete_compressive_strength,[71],1030,9,,0.0,✓| ✗,rmse,Tuned + Ens.,RealMLP,4.133,4.118,0.36293249455600485
46918 (363626),credit-g,[69],1000,21,2.0,66.67,✓| ✓,AUC,Default,RealMLP,0.785,0.793,0.8000000000000007
46918 (363626),credit-g,[69],1000,21,2.0,66.67,✓| ✓,AUC,Tuned,RealMLP,0.784,0.795,1.100000000000001
46918 (363626),credit-g,[69],1000,21,2.0,66.67,✓| ✓,AUC,Tuned + Ens.,RealMLP,0.791,0.796,0.5000000000000004
46919 (363627),credit_card_clients_default,[104],30000,24,2.0,16.67,✗| ✓,AUC,Default,RealMLP,0.785,0.788,0.30000000000000027
46919 (363627),credit_card_clients_default,[104],30000,24,2.0,16.67,✗| ✓,AUC,Tuned,RealMLP,0.785,0.788,0.30000000000000027
46919 (363627),credit_card_clients_default,[104],30000,24,2.0,16.67,✗| ✓,AUC,Tuned + Ens.,RealMLP,0.786,0.788,0.20000000000000018
46920 (363628),customer_satisfaction_in_airline,[115],129880,22,2.0,77.27,✗| ✓,AUC,Default,RealMLP,0.995,0.995,0.0
46920 (363628),customer_satisfaction_in_airline,[115],129880,22,2.0,77.27,✗| ✓,AUC,Tuned,RealMLP,0.995,0.995,0.0
46920 (363628),customer_satisfaction_in_airline,[115],129880,22,2.0,77.27,✗| ✓,AUC,Tuned + Ens.,RealMLP,0.995,0.996,0.10000000000000009
46921 (363629),diabetes,[66],768,9,2.0,11.11,✓| ✓,AUC,Default,RealMLP,0.833,0.844,1.100000000000001
46921 (363629),diabetes,[66],768,9,2.0,11.11,✓| ✓,AUC,Tuned,RealMLP,0.832,0.842,1.0000000000000009
46921 (363629),diabetes,[66],768,9,2.0,11.11,✓| ✓,AUC,Tuned + Ens.,RealMLP,0.836,0.84,0.40000000000000036
46923 (363631),diamonds,[111],53940,10,,30.0,✗| ✗,rmse,Default,RealMLP,529.6,520.7,1.680513595166159
46923 (363631),diamonds,[111],53940,10,,30.0,✗| ✗,rmse,Tuned,RealMLP,521.5,520.7,0.1534036433365205
46923 (363631),diamonds,[111],53940,10,,30.0,✗| ✗,rmse,Tuned + Ens.,RealMLP,513.7,510.3,0.6618649016936021
46930 (363674),hazelnut-spread-contaminant-detection,[81],2400,31,2.0,3.23,✓| ✓,AUC,Default,RealMLP,0.984,0.992,0.8000000000000007
46930 (363674),hazelnut-spread-contaminant-detection,[81],2400,31,2.0,3.23,✓| ✓,AUC,Tuned,RealMLP,0.986,0.989,0.30000000000000027
46930 (363674),hazelnut-spread-contaminant-detection,[81],2400,31,2.0,3.23,✓| ✓,AUC,Tuned + Ens.,RealMLP,0.986,0.989,0.30000000000000027
46931 (363675),healthcare_insurance_expenses,[73],1338,7,,42.86,✓| ✗,rmse,Default,RealMLP,4579.2,4508.4,1.5461215932914087
46931 (363675),healthcare_insurance_expenses,[73],1338,7,,42.86,✓| ✗,rmse,Tuned,RealMLP,4570.6,4499.7,1.5512186583818435
46931 (363675),healthcare_insurance_expenses,[73],1338,7,,42.86,✓| ✗,rmse,Tuned + Ens.,RealMLP,4534.8,4490.4,0.9790949986769106
46932 (363676),heloc,[95],10459,24,2.0,4.17,✓| ✓,AUC,Default,RealMLP,0.798,0.801,0.30000000000000027
46932 (363676),heloc,[95],10459,24,2.0,4.17,✓| ✓,AUC,Tuned,RealMLP,0.798,0.801,0.30000000000000027
46932 (363676),heloc,[95],10459,24,2.0,4.17,✓| ✓,AUC,Tuned + Ens.,RealMLP,0.8,0.801,0.10000000000000009
46933 (363677),hiva_agnostic,[85],3845,1618,3.0,100.0,✗| ✗,logloss,Default,RealMLP,0.196,0.174,11.224489795918377
46933 (363677),hiva_agnostic,[85],3845,1618,3.0,100.0,✗| ✗,logloss,Tuned,RealMLP,0.176,0.174,1.1363636363636374
46933 (363677),hiva_agnostic,[85],3845,1618,3.0,100.0,✗| ✗,logloss,Tuned + Ens.,RealMLP,0.179,0.174,2.7932960893854775
46934 (363678),houses,[102],20640,9,,0.0,✗| ✗,rmse,Default,RealMLP,0.223,0.204,8.520179372197317
46934 (363678),houses,[102],20640,9,,0.0,✗| ✗,rmse,Tuned,RealMLP,0.211,0.203,3.791469194312787
46934 (363678),houses,[102],20640,9,,0.0,✗| ✗,rmse,Tuned + Ens.,RealMLP,0.203,0.199,1.9704433497536964
46937 (363681),in_vehicle_coupon_recommendation,[99],12684,25,2.0,88.0,✓| ✓,AUC,Default,RealMLP,0.837,0.848,1.100000000000001
46937 (363681),in_vehicle_coupon_recommendation,[99],12684,25,2.0,88.0,✓| ✓,AUC,Tuned,RealMLP,0.839,0.851,1.200000000000001
46937 (363681),in_vehicle_coupon_recommendation,[99],12684,25,2.0,88.0,✓| ✓,AUC,Tuned + Ens.,RealMLP,0.849,0.852,0.30000000000000027
46979 (363712),jm1,[96],10885,22,2.0,4.55,✓| ✓,AUC,Default,RealMLP,0.731,0.776,4.5000000000000036
46979 (363712),jm1,[96],10885,22,2.0,4.55,✓| ✓,AUC,Tuned,RealMLP,0.735,0.761,2.6000000000000023
46979 (363712),jm1,[96],10885,22,2.0,4.55,✓| ✓,AUC,Tuned + Ens.,RealMLP,0.749,0.773,2.400000000000002
46939 (363683),kddcup09_appetency,[110],50000,213,2.0,18.31,✗| ✓,AUC,Default,RealMLP,0.82,0.846,2.6000000000000023
46939 (363683),kddcup09_appetency,[110],50000,213,2.0,18.31,✗| ✓,AUC,Tuned,RealMLP,0.822,0.845,2.300000000000002
46939 (363683),kddcup09_appetency,[110],50000,213,2.0,18.31,✗| ✓,AUC,Tuned + Ens.,RealMLP,0.832,0.846,1.4000000000000012
46941 (363685),maternal_health_risk,[70],1014,7,3.0,14.29,✓| ✓,logloss,Default,RealMLP,0.558,0.405,27.41935483870968
46941 (363685),maternal_health_risk,[70],1014,7,3.0,14.29,✓| ✓,logloss,Tuned,RealMLP,0.463,0.439,5.18358531317495
46941 (363685),maternal_health_risk,[70],1014,7,3.0,14.29,✓| ✓,logloss,Tuned + Ens.,RealMLP,0.436,0.428,1.8348623853211024
46942 (363686),miami_housing,[100],13776,16,,6.25,✓| ✗,rmse,Default,RealMLP,8605.0,7985.0,7.205113306217316
46942 (363686),miami_housing,[100],13776,16,,6.25,✓| ✗,rmse,Tuned,RealMLP,8337.0,7829.0,6.093318939666547
46942 (363686),miami_housing,[100],13776,16,,6.25,✓| ✗,rmse,Tuned + Ens.,RealMLP,8018.0,7711.0,3.8288850087303565
46947 (363691),online_shoppers_intention,[98],12330,18,2.0,44.44,✓| ✓,AUC,Default,RealMLP,0.929,0.937,0.8000000000000007
46947 (363691),online_shoppers_intention,[98],12330,18,2.0,44.44,✓| ✓,AUC,Tuned,RealMLP,0.933,0.937,0.40000000000000036
46947 (363691),online_shoppers_intention,[98],12330,18,2.0,44.44,✓| ✓,AUC,Tuned + Ens.,RealMLP,0.934,0.937,0.30000000000000027
46949 (363693),physiochemical_protein,[109],45730,10,,0.0,✗| ✗,rmse,Default,RealMLP,3.466,2.912,15.983843046739764
46949 (363693),physiochemical_protein,[109],45730,10,,0.0,✗| ✗,rmse,Tuned,RealMLP,3.284,3.056,6.942752740560286
46949 (363693),physiochemical_protein,[109],45730,10,,0.0,✗| ✗,rmse,Tuned + Ens.,RealMLP,3.125,2.985,4.480000000000004
46950 (363694),polish_companies_bankruptcy,[89],5910,65,2.0,1.54,✓| ✓,AUC,Default,RealMLP,0.962,0.974,1.200000000000001
46950 (363694),polish_companies_bankruptcy,[89],5910,65,2.0,1.54,✓| ✓,AUC,Tuned,RealMLP,0.957,0.979,2.200000000000002
46950 (363694),polish_companies_bankruptcy,[89],5910,65,2.0,1.54,✓| ✓,AUC,Tuned + Ens.,RealMLP,0.963,0.981,1.8000000000000016
46952 (363696),qsar-biodeg,[72],1054,42,2.0,14.29,✓| ✓,AUC,Default,RealMLP,0.927,0.938,1.0999999999999899
46952 (363696),qsar-biodeg,[72],1054,42,2.0,14.29,✓| ✓,AUC,Tuned,RealMLP,0.926,0.934,0.8000000000000007
46952 (363696),qsar-biodeg,[72],1054,42,2.0,14.29,✓| ✓,AUC,Tuned + Ens.,RealMLP,0.934,0.936,0.20000000000000018
46956 (363700),seismic-bumps,[82],2584,16,2.0,25.0,✓| ✓,AUC,Default,RealMLP,0.76,0.783,2.300000000000002
46956 (363700),seismic-bumps,[82],2584,16,2.0,25.0,✓| ✓,AUC,Tuned,RealMLP,0.761,0.772,1.100000000000001
46956 (363700),seismic-bumps,[82],2584,16,2.0,25.0,✓| ✓,AUC,Tuned + Ens.,RealMLP,0.766,0.771,0.5000000000000004
46958 (363702),splice,[83],3190,61,3.0,100.0,✓| ✓,logloss,Default,RealMLP,0.126,0.107,15.07936507936508
46958 (363702),splice,[83],3190,61,3.0,100.0,✓| ✓,logloss,Tuned,RealMLP,0.11,0.103,6.3636363636363695
46958 (363702),splice,[83],3190,61,3.0,100.0,✓| ✓,logloss,Tuned + Ens.,RealMLP,0.106,0.099,6.603773584905653
46960 (363704),students_dropout_and_academic_success,[86],4424,37,3.0,48.65,✓| ✓,logloss,Default,RealMLP,0.556,0.534,3.9568345323741037
46960 (363704),students_dropout_and_academic_success,[86],4424,37,3.0,48.65,✓| ✓,logloss,Tuned,RealMLP,0.553,0.529,4.339963833634723
46960 (363704),students_dropout_and_academic_success,[86],4424,37,3.0,48.65,✓| ✓,logloss,Tuned + Ens.,RealMLP,0.542,0.527,2.7675276752767553
46961 (363705),superconductivity,[103],21263,82,,0.0,✗| ✗,rmse,Default,RealMLP,9.57,9.08,5.120167189132709
46961 (363705),superconductivity,[103],21263,82,,0.0,✗| ✗,rmse,Tuned,RealMLP,9.44,9.28,1.6949152542372898
46961 (363705),superconductivity,[103],21263,82,,0.0,✗| ✗,rmse,Tuned + Ens.,RealMLP,9.22,9.22,0.0
46962 (363706),taiwanese_bankruptcy_prediction,[91],6819,95,2.0,1.05,✓| ✓,AUC,Default,RealMLP,0.941,0.944,0.30000000000000027
46962 (363706),taiwanese_bankruptcy_prediction,[91],6819,95,2.0,1.05,✓| ✓,AUC,Tuned,RealMLP,0.941,0.944,0.30000000000000027
46962 (363706),taiwanese_bankruptcy_prediction,[91],6819,95,2.0,1.05,✓| ✓,AUC,Tuned + Ens.,RealMLP,0.945,0.946,0.10000000000000009
46963 (363707),website_phishing,[74],1353,10,3.0,100.0,✓| ✓,logloss,Default,RealMLP,0.256,0.228,10.937499999999998
46963 (363707),website_phishing,[74],1353,10,3.0,100.0,✓| ✓,logloss,Tuned,RealMLP,0.236,0.223,5.50847457627118
46963 (363707),website_phishing,[74],1353,10,3.0,100.0,✓| ✓,logloss,Tuned + Ens.,RealMLP,0.232,0.222,4.310344827586211
46964 (363708),wine_quality,[90],6497,13,,7.69,✓| ✗,rmse,Default,RealMLP,0.625,0.59,5.600000000000005
46964 (363708),wine_quality,[90],6497,13,,7.69,✓| ✗,rmse,Tuned,RealMLP,0.618,0.605,2.1035598705501637
46964 (363708),wine_quality,[90],6497,13,,7.69,✓| ✗,rmse,Tuned + Ens.,RealMLP,0.603,0.599,0.663349917081261
46908 (363616),APSFailure,[113],76000,171,2.0,0.58,✗| ✓,AUC,Default,TabM,0.992,0.993,0.10000000000000009
46908 (363616),APSFailure,[113],76000,171,2.0,0.58,✗| ✓,AUC,Tuned,TabM,0.992,0.992,0.0
46908 (363616),APSFailure,[113],76000,171,2.0,0.58,✗| ✓,AUC,Tuned + Ens.,TabM,0.993,0.993,0.0
46905 (363613),Amazon_employee_access,[105],32769,10,2.0,100.0,✗| ✓,AUC,Default,TabM,0.833,0.882,4.900000000000004
46905 (363613),Amazon_employee_access,[105],32769,10,2.0,100.0,✗| ✓,AUC,Tuned,TabM,0.842,0.883,4.100000000000003
46905 (363613),Amazon_employee_access,[105],32769,10,2.0,100.0,✗| ✓,AUC,Tuned + Ens.,TabM,0.849,0.883,3.400000000000003
46907 (363615),Another-Dataset-on-used-Fiat-500,[77],1538,8,,12.5,✓| ✗,rmse,Default,TabM,752.1,724.0,3.7362052918494912
46907 (363615),Another-Dataset-on-used-Fiat-500,[77],1538,8,,12.5,✓| ✗,rmse,Tuned,TabM,755.0,733.2,2.8874172185430402
46907 (363615),Another-Dataset-on-used-Fiat-500,[77],1538,8,,12.5,✓| ✗,rmse,Tuned + Ens.,TabM,748.0,726.6,2.8609625668449166
46911 (363619),Bank_Customer_Churn,[94],10000,11,2.0,45.45,✓| ✓,AUC,Default,TabM,0.869,0.872,0.30000000000000027
46911 (363619),Bank_Customer_Churn,[94],10000,11,2.0,45.45,✓| ✓,AUC,Tuned,TabM,0.871,0.874,0.30000000000000027
46911 (363619),Bank_Customer_Churn,[94],10000,11,2.0,45.45,✓| ✓,AUC,Tuned + Ens.,TabM,0.871,0.874,0.30000000000000027
46912 (363620),Bioresponse,[84],3751,1777,2.0,0.06,✗| ✗,AUC,Default,TabM,0.863,0.873,1.0000000000000009
46912 (363620),Bioresponse,[84],3751,1777,2.0,0.06,✗| ✗,AUC,Tuned,TabM,0.871,0.875,0.40000000000000036
46912 (363620),Bioresponse,[84],3751,1777,2.0,0.06,✗| ✗,AUC,Tuned + Ens.,TabM,0.873,0.878,0.5000000000000004
46922 (363630),Diabetes130US,[112],71518,48,2.0,83.33,✗| ✓,AUC,Default,TabM,0.66,0.671,1.100000000000001
46922 (363630),Diabetes130US,[112],71518,48,2.0,83.33,✗| ✓,AUC,Tuned,TabM,0.662,0.671,0.9000000000000008
46922 (363630),Diabetes130US,[112],71518,48,2.0,83.33,✗| ✓,AUC,Tuned + Ens.,TabM,0.663,0.673,1.0000000000000009
46924 (363632),E-CommereShippingData,[97],10999,11,2.0,45.45,✓| ✓,AUC,Default,TabM,0.744,0.744,0.0
46924 (363632),E-CommereShippingData,[97],10999,11,2.0,45.45,✓| ✓,AUC,Tuned,TabM,0.74,0.744,0.40000000000000036
46924 (363632),E-CommereShippingData,[97],10999,11,2.0,45.45,✓| ✓,AUC,Tuned + Ens.,TabM,0.743,0.744,0.10000000000000009
46927 (363671),Fitness_Club,[75],1500,7,2.0,57.14,✓| ✓,AUC,Default,TabM,0.818,0.822,0.40000000000000036
46927 (363671),Fitness_Club,[75],1500,7,2.0,57.14,✓| ✓,AUC,Tuned,TabM,0.818,0.82,0.20000000000000018
46927 (363671),Fitness_Club,[75],1500,7,2.0,57.14,✓| ✓,AUC,Tuned + Ens.,TabM,0.818,0.819,0.10000000000000009
46928 (363672),Food_Delivery_Time,[108],45451,10,,30.0,✗| ✗,rmse,Default,TabM,7.76,7.379,4.909793814432993
46928 (363672),Food_Delivery_Time,[108],45451,10,,30.0,✗| ✗,rmse,Tuned,TabM,7.651,7.367,3.7119330806430506
46928 (363672),Food_Delivery_Time,[108],45451,10,,30.0,✗| ✗,rmse,Tuned + Ens.,TabM,7.651,7.362,3.7772840151614133
46929 (363673),GiveMeSomeCredit,[116],150000,11,2.0,9.09,✗| ✓,AUC,Default,TabM,0.866,0.866,0.0
46929 (363673),GiveMeSomeCredit,[116],150000,11,2.0,9.09,✗| ✓,AUC,Tuned,TabM,0.867,0.867,0.0
46929 (363673),GiveMeSomeCredit,[116],150000,11,2.0,9.09,✗| ✓,AUC,Tuned + Ens.,TabM,0.867,0.867,0.0
46935 (363679),HR_Analytics_Job_Change,[101],19158,13,2.0,76.92,✗| ✓,AUC,Default,TabM,0.801,0.805,0.40000000000000036
46935 (363679),HR_Analytics_Job_Change,[101],19158,13,2.0,76.92,✗| ✓,AUC,Tuned,TabM,0.803,0.804,0.10000000000000009
46935 (363679),HR_Analytics_Job_Change,[101],19158,13,2.0,76.92,✗| ✓,AUC,Tuned + Ens.,TabM,0.803,0.805,0.20000000000000018
46938 (363682),Is-this-a-good-customer,[79],1723,14,2.0,64.29,✓| ✓,AUC,Default,TabM,0.744,0.751,0.7000000000000006
46938 (363682),Is-this-a-good-customer,[79],1723,14,2.0,64.29,✓| ✓,AUC,Tuned,TabM,0.743,0.745,0.20000000000000018
46938 (363682),Is-this-a-good-customer,[79],1723,14,2.0,64.29,✓| ✓,AUC,Tuned + Ens.,TabM,0.744,0.748,0.40000000000000036
46980 (363711),MIC,[78],1699,112,8.0,84.82,✓| ✓,logloss,Default,TabM,0.432,0.432,0.0
46980 (363711),MIC,[78],1699,112,8.0,84.82,✓| ✓,logloss,Tuned,TabM,0.431,0.431,0.0
46980 (363711),MIC,[78],1699,112,8.0,84.82,✓| ✓,logloss,Tuned + Ens.,TabM,0.43,0.43,0.0
46940 (363684),Marketing_Campaign,[80],2240,26,2.0,34.62,✓| ✓,AUC,Default,TabM,0.901,0.915,1.4000000000000012
46940 (363684),Marketing_Campaign,[80],2240,26,2.0,34.62,✓| ✓,AUC,Tuned,TabM,0.916,0.916,0.0
46940 (363684),Marketing_Campaign,[80],2240,26,2.0,34.62,✓| ✓,AUC,Tuned + Ens.,TabM,0.916,0.919,0.30000000000000027
46969 (363689),NATICUSdroid,[92],7491,87,2.0,100.0,✓| ✓,AUC,Default,TabM,0.986,0.987,0.10000000000000009
46969 (363689),NATICUSdroid,[92],7491,87,2.0,100.0,✓| ✓,AUC,Tuned,TabM,0.986,0.986,0.0
46969 (363689),NATICUSdroid,[92],7491,87,2.0,100.0,✓| ✓,AUC,Tuned + Ens.,TabM,0.986,0.987,0.10000000000000009
46953 (363697),QSAR-TID-11,[88],5742,1025,,0.0,✗| ✗,rmse,Default,TabM,0.761,0.761,0.0
46953 (363697),QSAR-TID-11,[88],5742,1025,,0.0,✗| ✗,rmse,Tuned,TabM,0.758,0.744,1.846965699208445
46953 (363697),QSAR-TID-11,[88],5742,1025,,0.0,✗| ✗,rmse,Tuned + Ens.,TabM,0.755,0.734,2.7814569536423863
46954 (363698),QSAR_fish_toxicity,[68],907,7,,0.0,✓| ✗,rmse,Default,TabM,0.91,0.859,5.604395604395609
46954 (363698),QSAR_fish_toxicity,[68],907,7,,0.0,✓| ✗,rmse,Tuned,TabM,0.898,0.873,2.783964365256127
46954 (363698),QSAR_fish_toxicity,[68],907,7,,0.0,✓| ✗,rmse,Tuned + Ens.,TabM,0.887,0.86,3.0439684329199577
46955 (363699),SDSS17,[114],78053,12,3.0,25.0,✗| ✓,logloss,Default,TabM,0.097,0.074,23.711340206185575
46955 (363699),SDSS17,[114],78053,12,3.0,25.0,✗| ✓,logloss,Tuned,TabM,0.083,0.073,12.048192771084347
46955 (363699),SDSS17,[114],78053,12,3.0,25.0,✗| ✓,logloss,Tuned + Ens.,TabM,0.083,0.067,19.277108433734938
46904 (363612),airfoil_self_noise,[76],1503,6,,16.67,✓| ✗,rmse,Default,TabM,1.249,1.119,10.408326661329072
46904 (363612),airfoil_self_noise,[76],1503,6,,16.67,✓| ✗,rmse,Tuned,TabM,1.149,1.112,3.220191470844205
46904 (363612),airfoil_self_noise,[76],1503,6,,16.67,✓| ✗,rmse,Tuned + Ens.,TabM,1.14,1.074,5.789473684210512
46906 (363614),anneal,[67],898,39,5.0,84.62,✓| ✓,logloss,Default,TabM,0.036,0.016,55.55555555555555
46906 (363614),anneal,[67],898,39,5.0,84.62,✓| ✓,logloss,Tuned,TabM,0.029,0.022,24.13793103448277
46906 (363614),anneal,[67],898,39,5.0,84.62,✓| ✓,logloss,Tuned + Ens.,TabM,0.028,0.019,32.142857142857146
46910 (363618),bank-marketing,[106 | 107],45211,14,2.0,57.14,✗| ✓,AUC,Default,TabM,0.764,0.766,0.20000000000000018
46910 (363618),bank-marketing,[106 | 107],45211,14,2.0,57.14,✗| ✓,AUC,Tuned,TabM,0.764,0.766,0.20000000000000018
46910 (363618),bank-marketing,[106 | 107],45211,14,2.0,57.14,✗| ✓,AUC,Tuned + Ens.,TabM,0.765,0.766,0.10000000000000009
46913 (363621),blood-transfusion-service-center,[65],748,5,2.0,20.0,✓| ✓,AUC,Default,TabM,0.741,0.756,1.5000000000000013
46913 (363621),blood-transfusion-service-center,[65],748,5,2.0,20.0,✓| ✓,AUC,Tuned,TabM,0.737,0.754,1.7000000000000015
46913 (363621),blood-transfusion-service-center,[65],748,5,2.0,20.0,✓| ✓,AUC,Tuned + Ens.,TabM,0.741,0.756,1.5000000000000013
46915 (363623),churn,[87],5000,20,2.0,25.0,✓| ✓,AUC,Default,TabM,0.925,0.928,0.30000000000000027
46915 (363623),churn,[87],5000,20,2.0,25.0,✓| ✓,AUC,Tuned,TabM,0.923,0.932,0.9000000000000008
46915 (363623),churn,[87],5000,20,2.0,25.0,✓| ✓,AUC,Tuned + Ens.,TabM,0.923,0.931,0.8000000000000007
46916 (363624),coil2000_insurance_policies,[93],9822,86,2.0,4.65,✓| ✓,AUC,Default,TabM,0.761,0.761,0.0
46916 (363624),coil2000_insurance_policies,[93],9822,86,2.0,4.65,✓| ✓,AUC,Tuned,TabM,0.763,0.773,1.0000000000000009
46916 (363624),coil2000_insurance_policies,[93],9822,86,2.0,4.65,✓| ✓,AUC,Tuned + Ens.,TabM,0.766,0.773,0.7000000000000006
46917 (363625),concrete_compressive_strength,[71],1030,9,,0.0,✓| ✗,rmse,Default,TabM,4.271,4.214,1.334582065090131
46917 (363625),concrete_compressive_strength,[71],1030,9,,0.0,✓| ✗,rmse,Tuned,TabM,4.269,4.171,2.2956195830405215
46917 (363625),concrete_compressive_strength,[71],1030,9,,0.0,✓| ✗,rmse,Tuned + Ens.,TabM,4.146,4.118,0.6753497346840227
46918 (363626),credit-g,[69],1000,21,2.0,66.67,✓| ✓,AUC,Default,TabM,0.793,0.793,0.0
46918 (363626),credit-g,[69],1000,21,2.0,66.67,✓| ✓,AUC,Tuned,TabM,0.79,0.795,0.5000000000000004
46918 (363626),credit-g,[69],1000,21,2.0,66.67,✓| ✓,AUC,Tuned + Ens.,TabM,0.795,0.796,0.10000000000000009
46919 (363627),credit_card_clients_default,[104],30000,24,2.0,16.67,✗| ✓,AUC,Default,TabM,0.784,0.788,0.40000000000000036
46919 (363627),credit_card_clients_default,[104],30000,24,2.0,16.67,✗| ✓,AUC,Tuned,TabM,0.788,0.788,0.0
46919 (363627),credit_card_clients_default,[104],30000,24,2.0,16.67,✗| ✓,AUC,Tuned + Ens.,TabM,0.788,0.788,0.0
46920 (363628),customer_satisfaction_in_airline,[115],129880,22,2.0,77.27,✗| ✓,AUC,Default,TabM,0.995,0.995,0.0
46920 (363628),customer_satisfaction_in_airline,[115],129880,22,2.0,77.27,✗| ✓,AUC,Tuned,TabM,0.995,0.995,0.0
46920 (363628),customer_satisfaction_in_airline,[115],129880,22,2.0,77.27,✗| ✓,AUC,Tuned + Ens.,TabM,0.995,0.996,0.10000000000000009
46921 (363629),diabetes,[66],768,9,2.0,11.11,✓| ✓,AUC,Default,TabM,0.832,0.844,1.200000000000001
46921 (363629),diabetes,[66],768,9,2.0,11.11,✓| ✓,AUC,Tuned,TabM,0.83,0.842,1.200000000000001
46921 (363629),diabetes,[66],768,9,2.0,11.11,✓| ✓,AUC,Tuned + Ens.,TabM,0.834,0.84,0.6000000000000005
46923 (363631),diamonds,[111],53940,10,,30.0,✗| ✗,rmse,Default,TabM,522.5,520.7,0.3444976076554937
46923 (363631),diamonds,[111],53940,10,,30.0,✗| ✗,rmse,Tuned,TabM,521.5,520.7,0.1534036433365205
46923 (363631),diamonds,[111],53940,10,,30.0,✗| ✗,rmse,Tuned + Ens.,TabM,518.9,510.3,1.6573520909616433
46930 (363674),hazelnut-spread-contaminant-detection,[81],2400,31,2.0,3.23,✓| ✓,AUC,Default,TabM,0.967,0.992,2.500000000000002
46930 (363674),hazelnut-spread-contaminant-detection,[81],2400,31,2.0,3.23,✓| ✓,AUC,Tuned,TabM,0.984,0.989,0.5000000000000004
46930 (363674),hazelnut-spread-contaminant-detection,[81],2400,31,2.0,3.23,✓| ✓,AUC,Tuned + Ens.,TabM,0.985,0.989,0.40000000000000036
46931 (363675),healthcare_insurance_expenses,[73],1338,7,,42.86,✓| ✗,rmse,Default,TabM,4513.7,4508.4,0.11742029820325192
46931 (363675),healthcare_insurance_expenses,[73],1338,7,,42.86,✓| ✗,rmse,Tuned,TabM,4530.0,4499.7,0.6688741721854345
46931 (363675),healthcare_insurance_expenses,[73],1338,7,,42.86,✓| ✗,rmse,Tuned + Ens.,TabM,4510.9,4490.4,0.45445476512447636
46932 (363676),heloc,[95],10459,24,2.0,4.17,✓| ✓,AUC,Default,TabM,0.797,0.801,0.40000000000000036
46932 (363676),heloc,[95],10459,24,2.0,4.17,✓| ✓,AUC,Tuned,TabM,0.799,0.801,0.20000000000000018
46932 (363676),heloc,[95],10459,24,2.0,4.17,✓| ✓,AUC,Tuned + Ens.,TabM,0.799,0.801,0.20000000000000018
46933 (363677),hiva_agnostic,[85],3845,1618,3.0,100.0,✗| ✗,logloss,Default,TabM,0.177,0.174,1.6949152542372898
46933 (363677),hiva_agnostic,[85],3845,1618,3.0,100.0,✗| ✗,logloss,Tuned,TabM,0.175,0.174,0.571428571428572
46933 (363677),hiva_agnostic,[85],3845,1618,3.0,100.0,✗| ✗,logloss,Tuned + Ens.,TabM,0.175,0.174,0.571428571428572
46934 (363678),houses,[102],20640,9,,0.0,✗| ✗,rmse,Default,TabM,0.212,0.204,3.7735849056603805
46934 (363678),houses,[102],20640,9,,0.0,✗| ✗,rmse,Tuned,TabM,0.208,0.203,2.403846153846143
46934 (363678),houses,[102],20640,9,,0.0,✗| ✗,rmse,Tuned + Ens.,TabM,0.205,0.199,2.926829268292672
46937 (363681),in_vehicle_coupon_recommendation,[99],12684,25,2.0,88.0,✓| ✓,AUC,Default,TabM,0.848,0.848,0.0
46937 (363681),in_vehicle_coupon_recommendation,[99],12684,25,2.0,88.0,✓| ✓,AUC,Tuned,TabM,0.851,0.851,0.0
46937 (363681),in_vehicle_coupon_recommendation,[99],12684,25,2.0,88.0,✓| ✓,AUC,Tuned + Ens.,TabM,0.852,0.852,0.0
46979 (363712),jm1,[96],10885,22,2.0,4.55,✓| ✓,AUC,Default,TabM,0.733,0.776,4.300000000000004
46979 (363712),jm1,[96],10885,22,2.0,4.55,✓| ✓,AUC,Tuned,TabM,0.738,0.761,2.300000000000002
46979 (363712),jm1,[96],10885,22,2.0,4.55,✓| ✓,AUC,Tuned + Ens.,TabM,0.746,0.773,2.7000000000000024
46939 (363683),kddcup09_appetency,[110],50000,213,2.0,18.31,✗| ✓,AUC,Default,TabM,0.806,0.846,3.9999999999999925
46939 (363683),kddcup09_appetency,[110],50000,213,2.0,18.31,✗| ✓,AUC,Tuned,TabM,0.821,0.845,2.400000000000002
46939 (363683),kddcup09_appetency,[110],50000,213,2.0,18.31,✗| ✓,AUC,Tuned + Ens.,TabM,0.821,0.846,2.500000000000002
46941 (363685),maternal_health_risk,[70],1014,7,3.0,14.29,✓| ✓,logloss,Default,TabM,0.513,0.405,21.052631578947363
46941 (363685),maternal_health_risk,[70],1014,7,3.0,14.29,✓| ✓,logloss,Tuned,TabM,0.484,0.439,9.297520661157021
46941 (363685),maternal_health_risk,[70],1014,7,3.0,14.29,✓| ✓,logloss,Tuned + Ens.,TabM,0.469,0.428,8.742004264392321
46942 (363686),miami_housing,[100],13776,16,,6.25,✓| ✗,rmse,Default,TabM,8307.0,7985.0,3.8762489466714816
46942 (363686),miami_housing,[100],13776,16,,6.25,✓| ✗,rmse,Tuned,TabM,8115.0,7829.0,3.524337646333949
46942 (363686),miami_housing,[100],13776,16,,6.25,✓| ✗,rmse,Tuned + Ens.,TabM,8023.0,7711.0,3.8888196435248665
46947 (363691),online_shoppers_intention,[98],12330,18,2.0,44.44,✓| ✓,AUC,Default,TabM,0.935,0.937,0.20000000000000018
46947 (363691),online_shoppers_intention,[98],12330,18,2.0,44.44,✓| ✓,AUC,Tuned,TabM,0.936,0.937,0.10000000000000009
46947 (363691),online_shoppers_intention,[98],12330,18,2.0,44.44,✓| ✓,AUC,Tuned + Ens.,TabM,0.936,0.937,0.10000000000000009
46949 (363693),physiochemical_protein,[109],45730,10,,0.0,✗| ✗,rmse,Default,TabM,3.426,2.912,15.002918855808527
46949 (363693),physiochemical_protein,[109],45730,10,,0.0,✗| ✗,rmse,Tuned,TabM,3.273,3.056,6.63000305530095
46949 (363693),physiochemical_protein,[109],45730,10,,0.0,✗| ✗,rmse,Tuned + Ens.,TabM,3.212,2.985,7.067247820672487
46950 (363694),polish_companies_bankruptcy,[89],5910,65,2.0,1.54,✓| ✓,AUC,Default,TabM,0.951,0.974,2.300000000000002
46950 (363694),polish_companies_bankruptcy,[89],5910,65,2.0,1.54,✓| ✓,AUC,Tuned,TabM,0.969,0.979,1.0000000000000009
46950 (363694),polish_companies_bankruptcy,[89],5910,65,2.0,1.54,✓| ✓,AUC,Tuned + Ens.,TabM,0.97,0.981,1.100000000000001
46952 (363696),qsar-biodeg,[72],1054,42,2.0,14.29,✓| ✓,AUC,Default,TabM,0.931,0.938,0.6999999999999895
46952 (363696),qsar-biodeg,[72],1054,42,2.0,14.29,✓| ✓,AUC,Tuned,TabM,0.934,0.934,0.0
46952 (363696),qsar-biodeg,[72],1054,42,2.0,14.29,✓| ✓,AUC,Tuned + Ens.,TabM,0.936,0.936,0.0
46956 (363700),seismic-bumps,[82],2584,16,2.0,25.0,✓| ✓,AUC,Default,TabM,0.769,0.783,1.4000000000000012
46956 (363700),seismic-bumps,[82],2584,16,2.0,25.0,✓| ✓,AUC,Tuned,TabM,0.768,0.772,0.40000000000000036
46956 (363700),seismic-bumps,[82],2584,16,2.0,25.0,✓| ✓,AUC,Tuned + Ens.,TabM,0.77,0.771,0.10000000000000009
46958 (363702),splice,[83],3190,61,3.0,100.0,✓| ✓,logloss,Default,TabM,0.11,0.107,2.7272727272727297
46958 (363702),splice,[83],3190,61,3.0,100.0,✓| ✓,logloss,Tuned,TabM,0.112,0.103,8.035714285714294
46958 (363702),splice,[83],3190,61,3.0,100.0,✓| ✓,logloss,Tuned + Ens.,TabM,0.11,0.099,9.999999999999996
46960 (363704),students_dropout_and_academic_success,[86],4424,37,3.0,48.65,✓| ✓,logloss,Default,TabM,0.543,0.534,1.657458563535913
46960 (363704),students_dropout_and_academic_success,[86],4424,37,3.0,48.65,✓| ✓,logloss,Tuned,TabM,0.541,0.529,2.2181146025878022
46960 (363704),students_dropout_and_academic_success,[86],4424,37,3.0,48.65,✓| ✓,logloss,Tuned + Ens.,TabM,0.538,0.527,2.044609665427511
46961 (363705),superconductivity,[103],21263,82,,0.0,✗| ✗,rmse,Default,TabM,9.51,9.08,4.521556256572026
46961 (363705),superconductivity,[103],21263,82,,0.0,✗| ✗,rmse,Tuned,TabM,9.31,9.28,0.32223415682063516
46961 (363705),superconductivity,[103],21263,82,,0.0,✗| ✗,rmse,Tuned + Ens.,TabM,9.24,9.22,0.2164502164502118
46962 (363706),taiwanese_bankruptcy_prediction,[91],6819,95,2.0,1.05,✓| ✓,AUC,Default,TabM,0.941,0.944,0.30000000000000027
46962 (363706),taiwanese_bankruptcy_prediction,[91],6819,95,2.0,1.05,✓| ✓,AUC,Tuned,TabM,0.942,0.944,0.20000000000000018
46962 (363706),taiwanese_bankruptcy_prediction,[91],6819,95,2.0,1.05,✓| ✓,AUC,Tuned + Ens.,TabM,0.943,0.946,0.30000000000000027
46963 (363707),website_phishing,[74],1353,10,3.0,100.0,✓| ✓,logloss,Default,TabM,0.246,0.228,7.317073170731703
46963 (363707),website_phishing,[74],1353,10,3.0,100.0,✓| ✓,logloss,Tuned,TabM,0.238,0.223,6.302521008403356
46963 (363707),website_phishing,[74],1353,10,3.0,100.0,✓| ✓,logloss,Tuned + Ens.,TabM,0.236,0.222,5.932203389830502
46964 (363708),wine_quality,[90],6497,13,,7.69,✓| ✗,rmse,Default,TabM,0.637,0.59,7.378335949764528
46964 (363708),wine_quality,[90],6497,13,,7.69,✓| ✗,rmse,Tuned,TabM,0.62,0.605,2.4193548387096793
46964 (363708),wine_quality,[90],6497,13,,7.69,✓| ✗,rmse,Tuned + Ens.,TabM,0.612,0.599,2.1241830065359495
46908 (363616),APSFailure,[113],76000,171,2.0,0.58,✗| ✓,AUC,Default,MNCA,0.991,0.993,0.20000000000000018
46908 (363616),APSFailure,[113],76000,171,2.0,0.58,✗| ✓,AUC,Tuned,MNCA,0.991,0.992,0.10000000000000009
46908 (363616),APSFailure,[113],76000,171,2.0,0.58,✗| ✓,AUC,Tuned + Ens.,MNCA,0.993,0.993,0.0
46905 (363613),Amazon_employee_access,[105],32769,10,2.0,100.0,✗| ✓,AUC,Default,MNCA,0.846,0.882,3.600000000000003
46905 (363613),Amazon_employee_access,[105],32769,10,2.0,100.0,✗| ✓,AUC,Tuned,MNCA,0.86,0.883,2.300000000000002
46905 (363613),Amazon_employee_access,[105],32769,10,2.0,100.0,✗| ✓,AUC,Tuned + Ens.,MNCA,0.869,0.883,1.4000000000000012
46907 (363615),Another-Dataset-on-used-Fiat-500,[77],1538,8,,12.5,✓| ✗,rmse,Default,MNCA,753.7,724.0,3.940559904471281
46907 (363615),Another-Dataset-on-used-Fiat-500,[77],1538,8,,12.5,✓| ✗,rmse,Tuned,MNCA,748.2,733.2,2.0048115477145148
46907 (363615),Another-Dataset-on-used-Fiat-500,[77],1538,8,,12.5,✓| ✗,rmse,Tuned + Ens.,MNCA,731.1,726.6,0.6155108740254411
46911 (363619),Bank_Customer_Churn,[94],10000,11,2.0,45.45,✓| ✓,AUC,Default,MNCA,0.864,0.872,0.8000000000000007
46911 (363619),Bank_Customer_Churn,[94],10000,11,2.0,45.45,✓| ✓,AUC,Tuned,MNCA,0.869,0.874,0.5000000000000004
46911 (363619),Bank_Customer_Churn,[94],10000,11,2.0,45.45,✓| ✓,AUC,Tuned + Ens.,MNCA,0.869,0.874,0.5000000000000004
46912 (363620),Bioresponse,[84],3751,1777,2.0,0.06,✗| ✗,AUC,Default,MNCA,0.86,0.873,1.3000000000000012
46912 (363620),Bioresponse,[84],3751,1777,2.0,0.06,✗| ✗,AUC,Tuned,MNCA,0.865,0.875,1.0000000000000009
46912 (363620),Bioresponse,[84],3751,1777,2.0,0.06,✗| ✗,AUC,Tuned + Ens.,MNCA,0.874,0.878,0.40000000000000036
46922 (363630),Diabetes130US,[112],71518,48,2.0,83.33,✗| ✓,AUC,Default,MNCA,0.658,0.671,1.3000000000000012
46922 (363630),Diabetes130US,[112],71518,48,2.0,83.33,✗| ✓,AUC,Tuned,MNCA,0.662,0.671,0.9000000000000008
46922 (363630),Diabetes130US,[112],71518,48,2.0,83.33,✗| ✓,AUC,Tuned + Ens.,MNCA,0.666,0.673,0.7000000000000006
46924 (363632),E-CommereShippingData,[97],10999,11,2.0,45.45,✓| ✓,AUC,Default,MNCA,0.741,0.744,0.30000000000000027
46924 (363632),E-CommereShippingData,[97],10999,11,2.0,45.45,✓| ✓,AUC,Tuned,MNCA,0.741,0.744,0.30000000000000027
46924 (363632),E-CommereShippingData,[97],10999,11,2.0,45.45,✓| ✓,AUC,Tuned + Ens.,MNCA,0.741,0.744,0.30000000000000027
46927 (363671),Fitness_Club,[75],1500,7,2.0,57.14,✓| ✓,AUC,Default,MNCA,0.817,0.822,0.5000000000000004
46927 (363671),Fitness_Club,[75],1500,7,2.0,57.14,✓| ✓,AUC,Tuned,MNCA,0.814,0.82,0.6000000000000005
46927 (363671),Fitness_Club,[75],1500,7,2.0,57.14,✓| ✓,AUC,Tuned + Ens.,MNCA,0.801,0.819,1.7999999999999905
46928 (363672),Food_Delivery_Time,[108],45451,10,,30.0,✗| ✗,rmse,Default,MNCA,7.486,7.379,1.4293347582153382
46928 (363672),Food_Delivery_Time,[108],45451,10,,30.0,✗| ✗,rmse,Tuned,MNCA,7.421,7.367,0.7276647352108917
46928 (363672),Food_Delivery_Time,[108],45451,10,,30.0,✗| ✗,rmse,Tuned + Ens.,MNCA,7.379,7.362,0.23038352080226943
46929 (363673),GiveMeSomeCredit,[116],150000,11,2.0,9.09,✗| ✓,AUC,Default,MNCA,0.866,0.866,0.0
46929 (363673),GiveMeSomeCredit,[116],150000,11,2.0,9.09,✗| ✓,AUC,Tuned,MNCA,0.866,0.867,0.10000000000000009
46929 (363673),GiveMeSomeCredit,[116],150000,11,2.0,9.09,✗| ✓,AUC,Tuned + Ens.,MNCA,0.867,0.867,0.0
46935 (363679),HR_Analytics_Job_Change,[101],19158,13,2.0,76.92,✗| ✓,AUC,Default,MNCA,0.801,0.805,0.40000000000000036
46935 (363679),HR_Analytics_Job_Change,[101],19158,13,2.0,76.92,✗| ✓,AUC,Tuned,MNCA,0.802,0.804,0.20000000000000018
46935 (363679),HR_Analytics_Job_Change,[101],19158,13,2.0,76.92,✗| ✓,AUC,Tuned + Ens.,MNCA,0.803,0.805,0.20000000000000018
46938 (363682),Is-this-a-good-customer,[79],1723,14,2.0,64.29,✓| ✓,AUC,Default,MNCA,0.738,0.751,1.3000000000000012
46938 (363682),Is-this-a-good-customer,[79],1723,14,2.0,64.29,✓| ✓,AUC,Tuned,MNCA,0.732,0.745,1.3000000000000012
46938 (363682),Is-this-a-good-customer,[79],1723,14,2.0,64.29,✓| ✓,AUC,Tuned + Ens.,MNCA,0.705,0.748,4.300000000000004
46980 (363711),MIC,[78],1699,112,8.0,84.82,✓| ✓,logloss,Default,MNCA,0.465,0.432,7.096774193548392
46980 (363711),MIC,[78],1699,112,8.0,84.82,✓| ✓,logloss,Tuned,MNCA,0.455,0.431,5.274725274725279
46980 (363711),MIC,[78],1699,112,8.0,84.82,✓| ✓,logloss,Tuned + Ens.,MNCA,0.451,0.43,4.656319290465636
46940 (363684),Marketing_Campaign,[80],2240,26,2.0,34.62,✓| ✓,AUC,Default,MNCA,0.909,0.915,0.6000000000000005
46940 (363684),Marketing_Campaign,[80],2240,26,2.0,34.62,✓| ✓,AUC,Tuned,MNCA,0.912,0.916,0.40000000000000036
46940 (363684),Marketing_Campaign,[80],2240,26,2.0,34.62,✓| ✓,AUC,Tuned + Ens.,MNCA,0.909,0.919,1.0000000000000009
46969 (363689),NATICUSdroid,[92],7491,87,2.0,100.0,✓| ✓,AUC,Default,MNCA,0.983,0.987,0.40000000000000036
46969 (363689),NATICUSdroid,[92],7491,87,2.0,100.0,✓| ✓,AUC,Tuned,MNCA,0.984,0.986,0.20000000000000018
46969 (363689),NATICUSdroid,[92],7491,87,2.0,100.0,✓| ✓,AUC,Tuned + Ens.,MNCA,0.985,0.987,0.20000000000000018
46953 (363697),QSAR-TID-11,[88],5742,1025,,0.0,✗| ✗,rmse,Default,MNCA,0.771,0.761,1.297016861219197
46953 (363697),QSAR-TID-11,[88],5742,1025,,0.0,✗| ✗,rmse,Tuned,MNCA,0.744,0.744,0.0
46953 (363697),QSAR-TID-11,[88],5742,1025,,0.0,✗| ✗,rmse,Tuned + Ens.,MNCA,0.734,0.734,0.0
46954 (363698),QSAR_fish_toxicity,[68],907,7,,0.0,✓| ✗,rmse,Default,MNCA,0.882,0.859,2.607709750566896
46954 (363698),QSAR_fish_toxicity,[68],907,7,,0.0,✓| ✗,rmse,Tuned,MNCA,0.882,0.873,1.020408163265307
46954 (363698),QSAR_fish_toxicity,[68],907,7,,0.0,✓| ✗,rmse,Tuned + Ens.,MNCA,0.873,0.86,1.4891179839633462
46955 (363699),SDSS17,[114],78053,12,3.0,25.0,✗| ✓,logloss,Default,MNCA,0.082,0.074,9.756097560975618
46955 (363699),SDSS17,[114],78053,12,3.0,25.0,✗| ✓,logloss,Tuned,MNCA,0.076,0.073,3.9473684210526354
46955 (363699),SDSS17,[114],78053,12,3.0,25.0,✗| ✓,logloss,Tuned + Ens.,MNCA,0.075,0.067,10.666666666666657
46904 (363612),airfoil_self_noise,[76],1503,6,,16.67,✓| ✗,rmse,Default,MNCA,1.539,1.119,27.29044834307992
46904 (363612),airfoil_self_noise,[76],1503,6,,16.67,✓| ✗,rmse,Tuned,MNCA,1.523,1.112,26.986211424819423
46904 (363612),airfoil_self_noise,[76],1503,6,,16.67,✓| ✗,rmse,Tuned + Ens.,MNCA,1.452,1.074,26.03305785123966
46906 (363614),anneal,[67],898,39,5.0,84.62,✓| ✓,logloss,Default,MNCA,0.043,0.016,62.7906976744186
46906 (363614),anneal,[67],898,39,5.0,84.62,✓| ✓,logloss,Tuned,MNCA,0.032,0.022,31.250000000000007
46906 (363614),anneal,[67],898,39,5.0,84.62,✓| ✓,logloss,Tuned + Ens.,MNCA,0.033,0.019,42.42424242424243
46910 (363618),bank-marketing,[106 | 107],45211,14,2.0,57.14,✗| ✓,AUC,Default,MNCA,0.762,0.766,0.40000000000000036
46910 (363618),bank-marketing,[106 | 107],45211,14,2.0,57.14,✗| ✓,AUC,Tuned,MNCA,0.764,0.766,0.20000000000000018
46910 (363618),bank-marketing,[106 | 107],45211,14,2.0,57.14,✗| ✓,AUC,Tuned + Ens.,MNCA,0.764,0.766,0.20000000000000018
46913 (363621),blood-transfusion-service-center,[65],748,5,2.0,20.0,✓| ✓,AUC,Default,MNCA,0.756,0.756,0.0
46913 (363621),blood-transfusion-service-center,[65],748,5,2.0,20.0,✓| ✓,AUC,Tuned,MNCA,0.737,0.754,1.7000000000000015
46913 (363621),blood-transfusion-service-center,[65],748,5,2.0,20.0,✓| ✓,AUC,Tuned + Ens.,MNCA,0.715,0.756,4.100000000000003
46915 (363623),churn,[87],5000,20,2.0,25.0,✓| ✓,AUC,Default,MNCA,0.903,0.928,2.500000000000002
46915 (363623),churn,[87],5000,20,2.0,25.0,✓| ✓,AUC,Tuned,MNCA,0.932,0.932,0.0
46915 (363623),churn,[87],5000,20,2.0,25.0,✓| ✓,AUC,Tuned + Ens.,MNCA,0.931,0.931,0.0
46916 (363624),coil2000_insurance_policies,[93],9822,86,2.0,4.65,✓| ✓,AUC,Default,MNCA,0.753,0.761,0.8000000000000007
46916 (363624),coil2000_insurance_policies,[93],9822,86,2.0,4.65,✓| ✓,AUC,Tuned,MNCA,0.757,0.773,1.6000000000000014
46916 (363624),coil2000_insurance_policies,[93],9822,86,2.0,4.65,✓| ✓,AUC,Tuned + Ens.,MNCA,0.767,0.773,0.6000000000000005
46917 (363625),concrete_compressive_strength,[71],1030,9,,0.0,✓| ✗,rmse,Default,MNCA,4.94,4.214,14.696356275303643
46917 (363625),concrete_compressive_strength,[71],1030,9,,0.0,✓| ✗,rmse,Tuned,MNCA,4.749,4.171,12.17098336491892
46917 (363625),concrete_compressive_strength,[71],1030,9,,0.0,✓| ✗,rmse,Tuned + Ens.,MNCA,4.487,4.118,8.223757521729436
46918 (363626),credit-g,[69],1000,21,2.0,66.67,✓| ✓,AUC,Default,MNCA,0.783,0.793,1.0000000000000009
46918 (363626),credit-g,[69],1000,21,2.0,66.67,✓| ✓,AUC,Tuned,MNCA,0.783,0.795,1.200000000000001
46918 (363626),credit-g,[69],1000,21,2.0,66.67,✓| ✓,AUC,Tuned + Ens.,MNCA,0.775,0.796,2.100000000000002
46919 (363627),credit_card_clients_default,[104],30000,24,2.0,16.67,✗| ✓,AUC,Default,MNCA,0.781,0.788,0.7000000000000006
46919 (363627),credit_card_clients_default,[104],30000,24,2.0,16.67,✗| ✓,AUC,Tuned,MNCA,0.787,0.788,0.10000000000000009
46919 (363627),credit_card_clients_default,[104],30000,24,2.0,16.67,✗| ✓,AUC,Tuned + Ens.,MNCA,0.787,0.788,0.10000000000000009
46920 (363628),customer_satisfaction_in_airline,[115],129880,22,2.0,77.27,✗| ✓,AUC,Default,MNCA,0.993,0.995,0.20000000000000018
46920 (363628),customer_satisfaction_in_airline,[115],129880,22,2.0,77.27,✗| ✓,AUC,Tuned,MNCA,0.995,0.995,0.0
46920 (363628),customer_satisfaction_in_airline,[115],129880,22,2.0,77.27,✗| ✓,AUC,Tuned + Ens.,MNCA,0.995,0.996,0.10000000000000009
46921 (363629),diabetes,[66],768,9,2.0,11.11,✓| ✓,AUC,Default,MNCA,0.839,0.844,0.5000000000000004
46921 (363629),diabetes,[66],768,9,2.0,11.11,✓| ✓,AUC,Tuned,MNCA,0.834,0.842,0.8000000000000007
46921 (363629),diabetes,[66],768,9,2.0,11.11,✓| ✓,AUC,Tuned + Ens.,MNCA,0.813,0.84,2.7000000000000024
46923 (363631),diamonds,[111],53940,10,,30.0,✗| ✗,rmse,Default,MNCA,524.7,520.7,0.7623403849818944
46923 (363631),diamonds,[111],53940,10,,30.0,✗| ✗,rmse,Tuned,MNCA,521.1,520.7,0.07676069852235219
46923 (363631),diamonds,[111],53940,10,,30.0,✗| ✗,rmse,Tuned + Ens.,MNCA,510.3,510.3,0.0
46930 (363674),hazelnut-spread-contaminant-detection,[81],2400,31,2.0,3.23,✓| ✓,AUC,Default,MNCA,0.986,0.992,0.6000000000000005
46930 (363674),hazelnut-spread-contaminant-detection,[81],2400,31,2.0,3.23,✓| ✓,AUC,Tuned,MNCA,0.988,0.989,0.10000000000000009
46930 (363674),hazelnut-spread-contaminant-detection,[81],2400,31,2.0,3.23,✓| ✓,AUC,Tuned + Ens.,MNCA,0.988,0.989,0.10000000000000009
46931 (363675),healthcare_insurance_expenses,[73],1338,7,,42.86,✓| ✗,rmse,Default,MNCA,4605.4,4508.4,2.1062231293698703
46931 (363675),healthcare_insurance_expenses,[73],1338,7,,42.86,✓| ✗,rmse,Tuned,MNCA,4614.4,4499.7,2.485696948682382
46931 (363675),healthcare_insurance_expenses,[73],1338,7,,42.86,✓| ✗,rmse,Tuned + Ens.,MNCA,4589.2,4490.4,2.1528806763706134
46932 (363676),heloc,[95],10459,24,2.0,4.17,✓| ✓,AUC,Default,MNCA,0.799,0.801,0.20000000000000018
46932 (363676),heloc,[95],10459,24,2.0,4.17,✓| ✓,AUC,Tuned,MNCA,0.801,0.801,0.0
46932 (363676),heloc,[95],10459,24,2.0,4.17,✓| ✓,AUC,Tuned + Ens.,MNCA,0.799,0.801,0.20000000000000018
46933 (363677),hiva_agnostic,[85],3845,1618,3.0,100.0,✗| ✗,logloss,Default,MNCA,0.224,0.174,22.321428571428577
46933 (363677),hiva_agnostic,[85],3845,1618,3.0,100.0,✗| ✗,logloss,Tuned,MNCA,0.176,0.174,1.1363636363636374
46933 (363677),hiva_agnostic,[85],3845,1618,3.0,100.0,✗| ✗,logloss,Tuned + Ens.,MNCA,0.179,0.174,2.7932960893854775
46934 (363678),houses,[102],20640,9,,0.0,✗| ✗,rmse,Default,MNCA,0.204,0.204,0.0
46934 (363678),houses,[102],20640,9,,0.0,✗| ✗,rmse,Tuned,MNCA,0.203,0.203,0.0
46934 (363678),houses,[102],20640,9,,0.0,✗| ✗,rmse,Tuned + Ens.,MNCA,0.199,0.199,0.0
46937 (363681),in_vehicle_coupon_recommendation,[99],12684,25,2.0,88.0,✓| ✓,AUC,Default,MNCA,0.812,0.848,3.599999999999992
46937 (363681),in_vehicle_coupon_recommendation,[99],12684,25,2.0,88.0,✓| ✓,AUC,Tuned,MNCA,0.842,0.851,0.9000000000000008
46937 (363681),in_vehicle_coupon_recommendation,[99],12684,25,2.0,88.0,✓| ✓,AUC,Tuned + Ens.,MNCA,0.849,0.852,0.30000000000000027
46979 (363712),jm1,[96],10885,22,2.0,4.55,✓| ✓,AUC,Default,MNCA,0.762,0.776,1.4000000000000012
46979 (363712),jm1,[96],10885,22,2.0,4.55,✓| ✓,AUC,Tuned,MNCA,0.761,0.761,0.0
46979 (363712),jm1,[96],10885,22,2.0,4.55,✓| ✓,AUC,Tuned + Ens.,MNCA,0.769,0.773,0.40000000000000036
46939 (363683),kddcup09_appetency,[110],50000,213,2.0,18.31,✗| ✓,AUC,Default,MNCA,0.797,0.846,4.899999999999993
46939 (363683),kddcup09_appetency,[110],50000,213,2.0,18.31,✗| ✓,AUC,Tuned,MNCA,0.814,0.845,3.1000000000000028
46939 (363683),kddcup09_appetency,[110],50000,213,2.0,18.31,✗| ✓,AUC,Tuned + Ens.,MNCA,0.803,0.846,4.299999999999993
46941 (363685),maternal_health_risk,[70],1014,7,3.0,14.29,✓| ✓,logloss,Default,MNCA,0.453,0.405,10.596026490066222
46941 (363685),maternal_health_risk,[70],1014,7,3.0,14.29,✓| ✓,logloss,Tuned,MNCA,0.442,0.439,0.6787330316742087
46941 (363685),maternal_health_risk,[70],1014,7,3.0,14.29,✓| ✓,logloss,Tuned + Ens.,MNCA,0.428,0.428,0.0
46942 (363686),miami_housing,[100],13776,16,,6.25,✓| ✗,rmse,Default,MNCA,8813.0,7985.0,9.39521161919891
46942 (363686),miami_housing,[100],13776,16,,6.25,✓| ✗,rmse,Tuned,MNCA,8307.0,7829.0,5.754183218971951
46942 (363686),miami_housing,[100],13776,16,,6.25,✓| ✗,rmse,Tuned + Ens.,MNCA,8015.0,7711.0,3.7928883343730506
46947 (363691),online_shoppers_intention,[98],12330,18,2.0,44.44,✓| ✓,AUC,Default,MNCA,0.934,0.937,0.30000000000000027
46947 (363691),online_shoppers_intention,[98],12330,18,2.0,44.44,✓| ✓,AUC,Tuned,MNCA,0.935,0.937,0.20000000000000018
46947 (363691),online_shoppers_intention,[98],12330,18,2.0,44.44,✓| ✓,AUC,Tuned + Ens.,MNCA,0.936,0.937,0.10000000000000009
46949 (363693),physiochemical_protein,[109],45730,10,,0.0,✗| ✗,rmse,Default,MNCA,3.17,2.912,8.138801261829654
46949 (363693),physiochemical_protein,[109],45730,10,,0.0,✗| ✗,rmse,Tuned,MNCA,3.056,3.056,0.0
46949 (363693),physiochemical_protein,[109],45730,10,,0.0,✗| ✗,rmse,Tuned + Ens.,MNCA,2.985,2.985,0.0
46950 (363694),polish_companies_bankruptcy,[89],5910,65,2.0,1.54,✓| ✓,AUC,Default,MNCA,0.962,0.974,1.200000000000001
46950 (363694),polish_companies_bankruptcy,[89],5910,65,2.0,1.54,✓| ✓,AUC,Tuned,MNCA,0.965,0.979,1.4000000000000012
46950 (363694),polish_companies_bankruptcy,[89],5910,65,2.0,1.54,✓| ✓,AUC,Tuned + Ens.,MNCA,0.968,0.981,1.3000000000000012
46952 (363696),qsar-biodeg,[72],1054,42,2.0,14.29,✓| ✓,AUC,Default,MNCA,0.928,0.938,0.9999999999999898
46952 (363696),qsar-biodeg,[72],1054,42,2.0,14.29,✓| ✓,AUC,Tuned,MNCA,0.928,0.934,0.6000000000000005
46952 (363696),qsar-biodeg,[72],1054,42,2.0,14.29,✓| ✓,AUC,Tuned + Ens.,MNCA,0.931,0.936,0.5000000000000004
46956 (363700),seismic-bumps,[82],2584,16,2.0,25.0,✓| ✓,AUC,Default,MNCA,0.771,0.783,1.200000000000001
46956 (363700),seismic-bumps,[82],2584,16,2.0,25.0,✓| ✓,AUC,Tuned,MNCA,0.763,0.772,0.9000000000000008
46956 (363700),seismic-bumps,[82],2584,16,2.0,25.0,✓| ✓,AUC,Tuned + Ens.,MNCA,0.734,0.771,3.7000000000000033
46958 (363702),splice,[83],3190,61,3.0,100.0,✓| ✓,logloss,Default,MNCA,0.144,0.107,25.694444444444443
46958 (363702),splice,[83],3190,61,3.0,100.0,✓| ✓,logloss,Tuned,MNCA,0.12,0.103,14.16666666666667
46958 (363702),splice,[83],3190,61,3.0,100.0,✓| ✓,logloss,Tuned + Ens.,MNCA,0.122,0.099,18.852459016393436
46960 (363704),students_dropout_and_academic_success,[86],4424,37,3.0,48.65,✓| ✓,logloss,Default,MNCA,0.555,0.534,3.783783783783787
46960 (363704),students_dropout_and_academic_success,[86],4424,37,3.0,48.65,✓| ✓,logloss,Tuned,MNCA,0.554,0.529,4.512635379061376
46960 (363704),students_dropout_and_academic_success,[86],4424,37,3.0,48.65,✓| ✓,logloss,Tuned + Ens.,MNCA,0.546,0.527,3.4798534798534826
46961 (363705),superconductivity,[103],21263,82,,0.0,✗| ✗,rmse,Default,MNCA,9.56,9.08,5.020920502092054
46961 (363705),superconductivity,[103],21263,82,,0.0,✗| ✗,rmse,Tuned,MNCA,9.5,9.28,2.3157894736842173
46961 (363705),superconductivity,[103],21263,82,,0.0,✗| ✗,rmse,Tuned + Ens.,MNCA,9.28,9.22,0.6465517241379173
46962 (363706),taiwanese_bankruptcy_prediction,[91],6819,95,2.0,1.05,✓| ✓,AUC,Default,MNCA,0.94,0.944,0.40000000000000036
46962 (363706),taiwanese_bankruptcy_prediction,[91],6819,95,2.0,1.05,✓| ✓,AUC,Tuned,MNCA,0.939,0.944,0.5000000000000004
46962 (363706),taiwanese_bankruptcy_prediction,[91],6819,95,2.0,1.05,✓| ✓,AUC,Tuned + Ens.,MNCA,0.932,0.946,1.3999999999999901
46963 (363707),website_phishing,[74],1353,10,3.0,100.0,✓| ✓,logloss,Default,MNCA,0.261,0.228,12.643678160919542
46963 (363707),website_phishing,[74],1353,10,3.0,100.0,✓| ✓,logloss,Tuned,MNCA,0.243,0.223,8.230452674897116
46963 (363707),website_phishing,[74],1353,10,3.0,100.0,✓| ✓,logloss,Tuned + Ens.,MNCA,0.239,0.222,7.112970711297066
46964 (363708),wine_quality,[90],6497,13,,7.69,✓| ✗,rmse,Default,MNCA,0.61,0.59,3.2786885245901667
46964 (363708),wine_quality,[90],6497,13,,7.69,✓| ✗,rmse,Tuned,MNCA,0.606,0.605,0.16501650165016518
46964 (363708),wine_quality,[90],6497,13,,7.69,✓| ✗,rmse,Tuned + Ens.,MNCA,0.601,0.599,0.3327787021630619
46908 (363616),APSFailure,[113],76000,171,2.0,0.58,✗| ✓,AUC,Default,TabPFNv2,,0.993,
46908 (363616),APSFailure,[113],76000,171,2.0,0.58,✗| ✓,AUC,Tuned,TabPFNv2,,0.992,
46908 (363616),APSFailure,[113],76000,171,2.0,0.58,✗| ✓,AUC,Tuned + Ens.,TabPFNv2,,0.993,
46905 (363613),Amazon_employee_access,[105],32769,10,2.0,100.0,✗| ✓,AUC,Default,TabPFNv2,,0.882,
46905 (363613),Amazon_employee_access,[105],32769,10,2.0,100.0,✗| ✓,AUC,Tuned,TabPFNv2,,0.883,
46905 (363613),Amazon_employee_access,[105],32769,10,2.0,100.0,✗| ✓,AUC,Tuned + Ens.,TabPFNv2,,0.883,
46907 (363615),Another-Dataset-on-used-Fiat-500,[77],1538,8,,12.5,✓| ✗,rmse,Default,TabPFNv2,727.7,724.0,0.508451284870145
46907 (363615),Another-Dataset-on-used-Fiat-500,[77],1538,8,,12.5,✓| ✗,rmse,Tuned,TabPFNv2,733.2,733.2,0.0
46907 (363615),Another-Dataset-on-used-Fiat-500,[77],1538,8,,12.5,✓| ✗,rmse,Tuned + Ens.,TabPFNv2,727.4,726.6,0.10998075336815431
46911 (363619),Bank_Customer_Churn,[94],10000,11,2.0,45.45,✓| ✓,AUC,Default,TabPFNv2,0.872,0.872,0.0
46911 (363619),Bank_Customer_Churn,[94],10000,11,2.0,45.45,✓| ✓,AUC,Tuned,TabPFNv2,0.874,0.874,0.0
46911 (363619),Bank_Customer_Churn,[94],10000,11,2.0,45.45,✓| ✓,AUC,Tuned + Ens.,TabPFNv2,0.874,0.874,0.0
46912 (363620),Bioresponse,[84],3751,1777,2.0,0.06,✗| ✗,AUC,Default,TabPFNv2,,0.873,
46912 (363620),Bioresponse,[84],3751,1777,2.0,0.06,✗| ✗,AUC,Tuned,TabPFNv2,,0.875,
46912 (363620),Bioresponse,[84],3751,1777,2.0,0.06,✗| ✗,AUC,Tuned + Ens.,TabPFNv2,,0.878,
46922 (363630),Diabetes130US,[112],71518,48,2.0,83.33,✗| ✓,AUC,Default,TabPFNv2,,0.671,
46922 (363630),Diabetes130US,[112],71518,48,2.0,83.33,✗| ✓,AUC,Tuned,TabPFNv2,,0.671,
46922 (363630),Diabetes130US,[112],71518,48,2.0,83.33,✗| ✓,AUC,Tuned + Ens.,TabPFNv2,,0.673,
46924 (363632),E-CommereShippingData,[97],10999,11,2.0,45.45,✓| ✓,AUC,Default,TabPFNv2,0.744,0.744,0.0
46924 (363632),E-CommereShippingData,[97],10999,11,2.0,45.45,✓| ✓,AUC,Tuned,TabPFNv2,0.744,0.744,0.0
46924 (363632),E-CommereShippingData,[97],10999,11,2.0,45.45,✓| ✓,AUC,Tuned + Ens.,TabPFNv2,0.744,0.744,0.0
46927 (363671),Fitness_Club,[75],1500,7,2.0,57.14,✓| ✓,AUC,Default,TabPFNv2,0.822,0.822,0.0
46927 (363671),Fitness_Club,[75],1500,7,2.0,57.14,✓| ✓,AUC,Tuned,TabPFNv2,0.82,0.82,0.0
46927 (363671),Fitness_Club,[75],1500,7,2.0,57.14,✓| ✓,AUC,Tuned + Ens.,TabPFNv2,0.817,0.819,0.20000000000000018
46928 (363672),Food_Delivery_Time,[108],45451,10,,30.0,✗| ✗,rmse,Default,TabPFNv2,,7.379,
46928 (363672),Food_Delivery_Time,[108],45451,10,,30.0,✗| ✗,rmse,Tuned,TabPFNv2,,7.367,
46928 (363672),Food_Delivery_Time,[108],45451,10,,30.0,✗| ✗,rmse,Tuned + Ens.,TabPFNv2,,7.362,
46929 (363673),GiveMeSomeCredit,[116],150000,11,2.0,9.09,✗| ✓,AUC,Default,TabPFNv2,,0.866,
46929 (363673),GiveMeSomeCredit,[116],150000,11,2.0,9.09,✗| ✓,AUC,Tuned,TabPFNv2,,0.867,
46929 (363673),GiveMeSomeCredit,[116],150000,11,2.0,9.09,✗| ✓,AUC,Tuned + Ens.,TabPFNv2,,0.867,
46935 (363679),HR_Analytics_Job_Change,[101],19158,13,2.0,76.92,✗| ✓,AUC,Default,TabPFNv2,,0.805,
46935 (363679),HR_Analytics_Job_Change,[101],19158,13,2.0,76.92,✗| ✓,AUC,Tuned,TabPFNv2,,0.804,
46935 (363679),HR_Analytics_Job_Change,[101],19158,13,2.0,76.92,✗| ✓,AUC,Tuned + Ens.,TabPFNv2,,0.805,
46938 (363682),Is-this-a-good-customer,[79],1723,14,2.0,64.29,✓| ✓,AUC,Default,TabPFNv2,0.746,0.751,0.5000000000000004
46938 (363682),Is-this-a-good-customer,[79],1723,14,2.0,64.29,✓| ✓,AUC,Tuned,TabPFNv2,0.735,0.745,1.0000000000000009
46938 (363682),Is-this-a-good-customer,[79],1723,14,2.0,64.29,✓| ✓,AUC,Tuned + Ens.,TabPFNv2,0.743,0.748,0.5000000000000004
46980 (363711),MIC,[78],1699,112,8.0,84.82,✓| ✓,logloss,Default,TabPFNv2,0.468,0.432,7.692307692307699
46980 (363711),MIC,[78],1699,112,8.0,84.82,✓| ✓,logloss,Tuned,TabPFNv2,0.44,0.431,2.045454545454547
46980 (363711),MIC,[78],1699,112,8.0,84.82,✓| ✓,logloss,Tuned + Ens.,TabPFNv2,0.433,0.43,0.6928406466512709
46940 (363684),Marketing_Campaign,[80],2240,26,2.0,34.62,✓| ✓,AUC,Default,TabPFNv2,0.915,0.915,0.0
46940 (363684),Marketing_Campaign,[80],2240,26,2.0,34.62,✓| ✓,AUC,Tuned,TabPFNv2,0.915,0.916,0.10000000000000009
46940 (363684),Marketing_Campaign,[80],2240,26,2.0,34.62,✓| ✓,AUC,Tuned + Ens.,TabPFNv2,0.919,0.919,0.0
46969 (363689),NATICUSdroid,[92],7491,87,2.0,100.0,✓| ✓,AUC,Default,TabPFNv2,0.983,0.987,0.40000000000000036
46969 (363689),NATICUSdroid,[92],7491,87,2.0,100.0,✓| ✓,AUC,Tuned,TabPFNv2,0.984,0.986,0.20000000000000018
46969 (363689),NATICUSdroid,[92],7491,87,2.0,100.0,✓| ✓,AUC,Tuned + Ens.,TabPFNv2,0.985,0.987,0.20000000000000018
46953 (363697),QSAR-TID-11,[88],5742,1025,,0.0,✗| ✗,rmse,Default,TabPFNv2,,0.761,
46953 (363697),QSAR-TID-11,[88],5742,1025,,0.0,✗| ✗,rmse,Tuned,TabPFNv2,,0.744,
46953 (363697),QSAR-TID-11,[88],5742,1025,,0.0,✗| ✗,rmse,Tuned + Ens.,TabPFNv2,,0.734,
46954 (363698),QSAR_fish_toxicity,[68],907,7,,0.0,✓| ✗,rmse,Default,TabPFNv2,0.868,0.859,1.0368663594470056
46954 (363698),QSAR_fish_toxicity,[68],907,7,,0.0,✓| ✗,rmse,Tuned,TabPFNv2,0.873,0.873,0.0
46954 (363698),QSAR_fish_toxicity,[68],907,7,,0.0,✓| ✗,rmse,Tuned + Ens.,TabPFNv2,0.86,0.86,0.0
46955 (363699),SDSS17,[114],78053,12,3.0,25.0,✗| ✓,logloss,Default,TabPFNv2,,0.074,
46955 (363699),SDSS17,[114],78053,12,3.0,25.0,✗| ✓,logloss,Tuned,TabPFNv2,,0.073,
46955 (363699),SDSS17,[114],78053,12,3.0,25.0,✗| ✓,logloss,Tuned + Ens.,TabPFNv2,,0.067,
46904 (363612),airfoil_self_noise,[76],1503,6,,16.67,✓| ✗,rmse,Default,TabPFNv2,1.119,1.119,0.0
46904 (363612),airfoil_self_noise,[76],1503,6,,16.67,✓| ✗,rmse,Tuned,TabPFNv2,1.112,1.112,0.0
46904 (363612),airfoil_self_noise,[76],1503,6,,16.67,✓| ✗,rmse,Tuned + Ens.,TabPFNv2,1.074,1.074,0.0
46906 (363614),anneal,[67],898,39,5.0,84.62,✓| ✓,logloss,Default,TabPFNv2,0.016,0.016,0.0
46906 (363614),anneal,[67],898,39,5.0,84.62,✓| ✓,logloss,Tuned,TabPFNv2,0.023,0.022,4.347826086956526
46906 (363614),anneal,[67],898,39,5.0,84.62,✓| ✓,logloss,Tuned + Ens.,TabPFNv2,0.019,0.019,0.0
46910 (363618),bank-marketing,[106 | 107],45211,14,2.0,57.14,✗| ✓,AUC,Default,TabPFNv2,,0.766,
46910 (363618),bank-marketing,[106 | 107],45211,14,2.0,57.14,✗| ✓,AUC,Tuned,TabPFNv2,,0.766,
46910 (363618),bank-marketing,[106 | 107],45211,14,2.0,57.14,✗| ✓,AUC,Tuned + Ens.,TabPFNv2,,0.766,
46913 (363621),blood-transfusion-service-center,[65],748,5,2.0,20.0,✓| ✓,AUC,Default,TabPFNv2,0.755,0.756,0.10000000000000009
46913 (363621),blood-transfusion-service-center,[65],748,5,2.0,20.0,✓| ✓,AUC,Tuned,TabPFNv2,0.748,0.754,0.6000000000000005
46913 (363621),blood-transfusion-service-center,[65],748,5,2.0,20.0,✓| ✓,AUC,Tuned + Ens.,TabPFNv2,0.746,0.756,1.0000000000000009
46915 (363623),churn,[87],5000,20,2.0,25.0,✓| ✓,AUC,Default,TabPFNv2,0.928,0.928,0.0
46915 (363623),churn,[87],5000,20,2.0,25.0,✓| ✓,AUC,Tuned,TabPFNv2,0.925,0.932,0.7000000000000006
46915 (363623),churn,[87],5000,20,2.0,25.0,✓| ✓,AUC,Tuned + Ens.,TabPFNv2,0.924,0.931,0.7000000000000006
46916 (363624),coil2000_insurance_policies,[93],9822,86,2.0,4.65,✓| ✓,AUC,Default,TabPFNv2,0.753,0.761,0.8000000000000007
46916 (363624),coil2000_insurance_policies,[93],9822,86,2.0,4.65,✓| ✓,AUC,Tuned,TabPFNv2,0.773,0.773,0.0
46916 (363624),coil2000_insurance_policies,[93],9822,86,2.0,4.65,✓| ✓,AUC,Tuned + Ens.,TabPFNv2,0.773,0.773,0.0
46917 (363625),concrete_compressive_strength,[71],1030,9,,0.0,✓| ✗,rmse,Default,TabPFNv2,4.259,4.214,1.0565860530640978
46917 (363625),concrete_compressive_strength,[71],1030,9,,0.0,✓| ✗,rmse,Tuned,TabPFNv2,4.171,4.171,0.0
46917 (363625),concrete_compressive_strength,[71],1030,9,,0.0,✓| ✗,rmse,Tuned + Ens.,TabPFNv2,4.118,4.118,0.0
46918 (363626),credit-g,[69],1000,21,2.0,66.67,✓| ✓,AUC,Default,TabPFNv2,0.776,0.793,1.7000000000000015
46918 (363626),credit-g,[69],1000,21,2.0,66.67,✓| ✓,AUC,Tuned,TabPFNv2,0.773,0.795,2.200000000000002
46918 (363626),credit-g,[69],1000,21,2.0,66.67,✓| ✓,AUC,Tuned + Ens.,TabPFNv2,0.792,0.796,0.40000000000000036
46919 (363627),credit_card_clients_default,[104],30000,24,2.0,16.67,✗| ✓,AUC,Default,TabPFNv2,,0.788,
46919 (363627),credit_card_clients_default,[104],30000,24,2.0,16.67,✗| ✓,AUC,Tuned,TabPFNv2,,0.788,
46919 (363627),credit_card_clients_default,[104],30000,24,2.0,16.67,✗| ✓,AUC,Tuned + Ens.,TabPFNv2,,0.788,
46920 (363628),customer_satisfaction_in_airline,[115],129880,22,2.0,77.27,✗| ✓,AUC,Default,TabPFNv2,,0.995,
46920 (363628),customer_satisfaction_in_airline,[115],129880,22,2.0,77.27,✗| ✓,AUC,Tuned,TabPFNv2,,0.995,
46920 (363628),customer_satisfaction_in_airline,[115],129880,22,2.0,77.27,✗| ✓,AUC,Tuned + Ens.,TabPFNv2,,0.996,
46921 (363629),diabetes,[66],768,9,2.0,11.11,✓| ✓,AUC,Default,TabPFNv2,0.844,0.844,0.0
46921 (363629),diabetes,[66],768,9,2.0,11.11,✓| ✓,AUC,Tuned,TabPFNv2,0.842,0.842,0.0
46921 (363629),diabetes,[66],768,9,2.0,11.11,✓| ✓,AUC,Tuned + Ens.,TabPFNv2,0.839,0.84,0.10000000000000009
46923 (363631),diamonds,[111],53940,10,,30.0,✗| ✗,rmse,Default,TabPFNv2,,520.7,
46923 (363631),diamonds,[111],53940,10,,30.0,✗| ✗,rmse,Tuned,TabPFNv2,,520.7,
46923 (363631),diamonds,[111],53940,10,,30.0,✗| ✗,rmse,Tuned + Ens.,TabPFNv2,,510.3,
46930 (363674),hazelnut-spread-contaminant-detection,[81],2400,31,2.0,3.23,✓| ✓,AUC,Default,TabPFNv2,0.988,0.992,0.40000000000000036
46930 (363674),hazelnut-spread-contaminant-detection,[81],2400,31,2.0,3.23,✓| ✓,AUC,Tuned,TabPFNv2,0.989,0.989,0.0
46930 (363674),hazelnut-spread-contaminant-detection,[81],2400,31,2.0,3.23,✓| ✓,AUC,Tuned + Ens.,TabPFNv2,0.989,0.989,0.0
46931 (363675),healthcare_insurance_expenses,[73],1338,7,,42.86,✓| ✗,rmse,Default,TabPFNv2,4694.7,4508.4,3.968304684005372
46931 (363675),healthcare_insurance_expenses,[73],1338,7,,42.86,✓| ✗,rmse,Tuned,TabPFNv2,4650.3,4499.7,3.238500741887628
46931 (363675),healthcare_insurance_expenses,[73],1338,7,,42.86,✓| ✗,rmse,Tuned + Ens.,TabPFNv2,4567.7,4490.4,1.69231779670294
46932 (363676),heloc,[95],10459,24,2.0,4.17,✓| ✓,AUC,Default,TabPFNv2,0.801,0.801,0.0
46932 (363676),heloc,[95],10459,24,2.0,4.17,✓| ✓,AUC,Tuned,TabPFNv2,0.801,0.801,0.0
46932 (363676),heloc,[95],10459,24,2.0,4.17,✓| ✓,AUC,Tuned + Ens.,TabPFNv2,0.801,0.801,0.0
46933 (363677),hiva_agnostic,[85],3845,1618,3.0,100.0,✗| ✗,logloss,Default,TabPFNv2,,0.174,
46933 (363677),hiva_agnostic,[85],3845,1618,3.0,100.0,✗| ✗,logloss,Tuned,TabPFNv2,,0.174,
46933 (363677),hiva_agnostic,[85],3845,1618,3.0,100.0,✗| ✗,logloss,Tuned + Ens.,TabPFNv2,,0.174,
46934 (363678),houses,[102],20640,9,,0.0,✗| ✗,rmse,Default,TabPFNv2,,0.204,
46934 (363678),houses,[102],20640,9,,0.0,✗| ✗,rmse,Tuned,TabPFNv2,,0.203,
46934 (363678),houses,[102],20640,9,,0.0,✗| ✗,rmse,Tuned + Ens.,TabPFNv2,,0.199,
46937 (363681),in_vehicle_coupon_recommendation,[99],12684,25,2.0,88.0,✓| ✓,AUC,Default,TabPFNv2,0.789,0.848,5.899999999999994
46937 (363681),in_vehicle_coupon_recommendation,[99],12684,25,2.0,88.0,✓| ✓,AUC,Tuned,TabPFNv2,0.806,0.851,4.499999999999993
46937 (363681),in_vehicle_coupon_recommendation,[99],12684,25,2.0,88.0,✓| ✓,AUC,Tuned + Ens.,TabPFNv2,0.837,0.852,1.5000000000000013
46979 (363712),jm1,[96],10885,22,2.0,4.55,✓| ✓,AUC,Default,TabPFNv2,0.732,0.776,4.400000000000004
46979 (363712),jm1,[96],10885,22,2.0,4.55,✓| ✓,AUC,Tuned,TabPFNv2,0.755,0.761,0.6000000000000005
46979 (363712),jm1,[96],10885,22,2.0,4.55,✓| ✓,AUC,Tuned + Ens.,TabPFNv2,0.773,0.773,0.0
46939 (363683),kddcup09_appetency,[110],50000,213,2.0,18.31,✗| ✓,AUC,Default,TabPFNv2,,0.846,
46939 (363683),kddcup09_appetency,[110],50000,213,2.0,18.31,✗| ✓,AUC,Tuned,TabPFNv2,,0.845,
46939 (363683),kddcup09_appetency,[110],50000,213,2.0,18.31,✗| ✓,AUC,Tuned + Ens.,TabPFNv2,,0.846,
46941 (363685),maternal_health_risk,[70],1014,7,3.0,14.29,✓| ✓,logloss,Default,TabPFNv2,0.451,0.405,10.199556541019952
46941 (363685),maternal_health_risk,[70],1014,7,3.0,14.29,✓| ✓,logloss,Tuned,TabPFNv2,0.439,0.439,0.0
46941 (363685),maternal_health_risk,[70],1014,7,3.0,14.29,✓| ✓,logloss,Tuned + Ens.,TabPFNv2,0.437,0.428,2.0594965675057226
46942 (363686),miami_housing,[100],13776,16,,6.25,✓| ✗,rmse,Default,TabPFNv2,8579.0,7985.0,6.923883902552745
46942 (363686),miami_housing,[100],13776,16,,6.25,✓| ✗,rmse,Tuned,TabPFNv2,7829.0,7829.0,0.0
46942 (363686),miami_housing,[100],13776,16,,6.25,✓| ✗,rmse,Tuned + Ens.,TabPFNv2,7711.0,7711.0,0.0
46947 (363691),online_shoppers_intention,[98],12330,18,2.0,44.44,✓| ✓,AUC,Default,TabPFNv2,0.934,0.937,0.30000000000000027
46947 (363691),online_shoppers_intention,[98],12330,18,2.0,44.44,✓| ✓,AUC,Tuned,TabPFNv2,0.937,0.937,0.0
46947 (363691),online_shoppers_intention,[98],12330,18,2.0,44.44,✓| ✓,AUC,Tuned + Ens.,TabPFNv2,0.937,0.937,0.0
46949 (363693),physiochemical_protein,[109],45730,10,,0.0,✗| ✗,rmse,Default,TabPFNv2,,2.912,
46949 (363693),physiochemical_protein,[109],45730,10,,0.0,✗| ✗,rmse,Tuned,TabPFNv2,,3.056,
46949 (363693),physiochemical_protein,[109],45730,10,,0.0,✗| ✗,rmse,Tuned + Ens.,TabPFNv2,,2.985,
46950 (363694),polish_companies_bankruptcy,[89],5910,65,2.0,1.54,✓| ✓,AUC,Default,TabPFNv2,0.959,0.974,1.5000000000000013
46950 (363694),polish_companies_bankruptcy,[89],5910,65,2.0,1.54,✓| ✓,AUC,Tuned,TabPFNv2,0.979,0.979,0.0
46950 (363694),polish_companies_bankruptcy,[89],5910,65,2.0,1.54,✓| ✓,AUC,Tuned + Ens.,TabPFNv2,0.981,0.981,0.0
46952 (363696),qsar-biodeg,[72],1054,42,2.0,14.29,✓| ✓,AUC,Default,TabPFNv2,0.936,0.938,0.19999999999998908
46952 (363696),qsar-biodeg,[72],1054,42,2.0,14.29,✓| ✓,AUC,Tuned,TabPFNv2,0.932,0.934,0.20000000000000018
46952 (363696),qsar-biodeg,[72],1054,42,2.0,14.29,✓| ✓,AUC,Tuned + Ens.,TabPFNv2,0.936,0.936,0.0
46956 (363700),seismic-bumps,[82],2584,16,2.0,25.0,✓| ✓,AUC,Default,TabPFNv2,0.772,0.783,1.100000000000001
46956 (363700),seismic-bumps,[82],2584,16,2.0,25.0,✓| ✓,AUC,Tuned,TabPFNv2,0.766,0.772,0.6000000000000005
46956 (363700),seismic-bumps,[82],2584,16,2.0,25.0,✓| ✓,AUC,Tuned + Ens.,TabPFNv2,0.769,0.771,0.20000000000000018
46958 (363702),splice,[83],3190,61,3.0,100.0,✓| ✓,logloss,Default,TabPFNv2,0.107,0.107,0.0
46958 (363702),splice,[83],3190,61,3.0,100.0,✓| ✓,logloss,Tuned,TabPFNv2,0.113,0.103,8.849557522123902
46958 (363702),splice,[83],3190,61,3.0,100.0,✓| ✓,logloss,Tuned + Ens.,TabPFNv2,0.099,0.099,0.0
46960 (363704),students_dropout_and_academic_success,[86],4424,37,3.0,48.65,✓| ✓,logloss,Default,TabPFNv2,0.534,0.534,0.0
46960 (363704),students_dropout_and_academic_success,[86],4424,37,3.0,48.65,✓| ✓,logloss,Tuned,TabPFNv2,0.529,0.529,0.0
46960 (363704),students_dropout_and_academic_success,[86],4424,37,3.0,48.65,✓| ✓,logloss,Tuned + Ens.,TabPFNv2,0.527,0.527,0.0
46961 (363705),superconductivity,[103],21263,82,,0.0,✗| ✗,rmse,Default,TabPFNv2,,9.08,
46961 (363705),superconductivity,[103],21263,82,,0.0,✗| ✗,rmse,Tuned,TabPFNv2,,9.28,
46961 (363705),superconductivity,[103],21263,82,,0.0,✗| ✗,rmse,Tuned + Ens.,TabPFNv2,,9.22,
46962 (363706),taiwanese_bankruptcy_prediction,[91],6819,95,2.0,1.05,✓| ✓,AUC,Default,TabPFNv2,0.942,0.944,0.20000000000000018
46962 (363706),taiwanese_bankruptcy_prediction,[91],6819,95,2.0,1.05,✓| ✓,AUC,Tuned,TabPFNv2,0.943,0.944,0.10000000000000009
46962 (363706),taiwanese_bankruptcy_prediction,[91],6819,95,2.0,1.05,✓| ✓,AUC,Tuned + Ens.,TabPFNv2,0.945,0.946,0.10000000000000009
46963 (363707),website_phishing,[74],1353,10,3.0,100.0,✓| ✓,logloss,Default,TabPFNv2,0.229,0.228,0.436681222707424
46963 (363707),website_phishing,[74],1353,10,3.0,100.0,✓| ✓,logloss,Tuned,TabPFNv2,0.223,0.223,0.0
46963 (363707),website_phishing,[74],1353,10,3.0,100.0,✓| ✓,logloss,Tuned + Ens.,TabPFNv2,0.222,0.222,0.0
46964 (363708),wine_quality,[90],6497,13,,7.69,✓| ✗,rmse,Default,TabPFNv2,0.692,0.59,14.739884393063582
46964 (363708),wine_quality,[90],6497,13,,7.69,✓| ✗,rmse,Tuned,TabPFNv2,0.639,0.605,5.320813771518002
46964 (363708),wine_quality,[90],6497,13,,7.69,✓| ✗,rmse,Tuned + Ens.,TabPFNv2,0.61,0.599,1.8032786885245917
46908 (363616),APSFailure,[113],76000,171,2.0,0.58,✗| ✓,AUC,Default,TabDPT,0.99,0.993,0.30000000000000027
46908 (363616),APSFailure,[113],76000,171,2.0,0.58,✗| ✓,AUC,Tuned,TabDPT,,0.992,
46908 (363616),APSFailure,[113],76000,171,2.0,0.58,✗| ✓,AUC,Tuned + Ens.,TabDPT,,0.993,
46905 (363613),Amazon_employee_access,[105],32769,10,2.0,100.0,✗| ✓,AUC,Default,TabDPT,0.841,0.882,4.100000000000003
46905 (363613),Amazon_employee_access,[105],32769,10,2.0,100.0,✗| ✓,AUC,Tuned,TabDPT,,0.883,
46905 (363613),Amazon_employee_access,[105],32769,10,2.0,100.0,✗| ✓,AUC,Tuned + Ens.,TabDPT,,0.883,
46907 (363615),Another-Dataset-on-used-Fiat-500,[77],1538,8,,12.5,✓| ✗,rmse,Default,TabDPT,724.0,724.0,0.0
46907 (363615),Another-Dataset-on-used-Fiat-500,[77],1538,8,,12.5,✓| ✗,rmse,Tuned,TabDPT,,733.2,
46907 (363615),Another-Dataset-on-used-Fiat-500,[77],1538,8,,12.5,✓| ✗,rmse,Tuned + Ens.,TabDPT,,726.6,
46911 (363619),Bank_Customer_Churn,[94],10000,11,2.0,45.45,✓| ✓,AUC,Default,TabDPT,0.859,0.872,1.3000000000000012
46911 (363619),Bank_Customer_Churn,[94],10000,11,2.0,45.45,✓| ✓,AUC,Tuned,TabDPT,,0.874,
46911 (363619),Bank_Customer_Churn,[94],10000,11,2.0,45.45,✓| ✓,AUC,Tuned + Ens.,TabDPT,,0.874,
46912 (363620),Bioresponse,[84],3751,1777,2.0,0.06,✗| ✗,AUC,Default,TabDPT,0.862,0.873,1.100000000000001
46912 (363620),Bioresponse,[84],3751,1777,2.0,0.06,✗| ✗,AUC,Tuned,TabDPT,,0.875,
46912 (363620),Bioresponse,[84],3751,1777,2.0,0.06,✗| ✗,AUC,Tuned + Ens.,TabDPT,,0.878,
46922 (363630),Diabetes130US,[112],71518,48,2.0,83.33,✗| ✓,AUC,Default,TabDPT,0.609,0.671,6.2000000000000055
46922 (363630),Diabetes130US,[112],71518,48,2.0,83.33,✗| ✓,AUC,Tuned,TabDPT,,0.671,
46922 (363630),Diabetes130US,[112],71518,48,2.0,83.33,✗| ✓,AUC,Tuned + Ens.,TabDPT,,0.673,
46924 (363632),E-CommereShippingData,[97],10999,11,2.0,45.45,✓| ✓,AUC,Default,TabDPT,0.735,0.744,0.9000000000000008
46924 (363632),E-CommereShippingData,[97],10999,11,2.0,45.45,✓| ✓,AUC,Tuned,TabDPT,,0.744,
46924 (363632),E-CommereShippingData,[97],10999,11,2.0,45.45,✓| ✓,AUC,Tuned + Ens.,TabDPT,,0.744,
46927 (363671),Fitness_Club,[75],1500,7,2.0,57.14,✓| ✓,AUC,Default,TabDPT,0.818,0.822,0.40000000000000036
46927 (363671),Fitness_Club,[75],1500,7,2.0,57.14,✓| ✓,AUC,Tuned,TabDPT,,0.82,
46927 (363671),Fitness_Club,[75],1500,7,2.0,57.14,✓| ✓,AUC,Tuned + Ens.,TabDPT,,0.819,
46928 (363672),Food_Delivery_Time,[108],45451,10,,30.0,✗| ✗,rmse,Default,TabDPT,7.551,7.379,2.277843994172965
46928 (363672),Food_Delivery_Time,[108],45451,10,,30.0,✗| ✗,rmse,Tuned,TabDPT,,7.367,
46928 (363672),Food_Delivery_Time,[108],45451,10,,30.0,✗| ✗,rmse,Tuned + Ens.,TabDPT,,7.362,
46929 (363673),GiveMeSomeCredit,[116],150000,11,2.0,9.09,✗| ✓,AUC,Default,TabDPT,0.842,0.866,2.400000000000002
46929 (363673),GiveMeSomeCredit,[116],150000,11,2.0,9.09,✗| ✓,AUC,Tuned,TabDPT,,0.867,
46929 (363673),GiveMeSomeCredit,[116],150000,11,2.0,9.09,✗| ✓,AUC,Tuned + Ens.,TabDPT,,0.867,
46935 (363679),HR_Analytics_Job_Change,[101],19158,13,2.0,76.92,✗| ✓,AUC,Default,TabDPT,0.801,0.805,0.40000000000000036
46935 (363679),HR_Analytics_Job_Change,[101],19158,13,2.0,76.92,✗| ✓,AUC,Tuned,TabDPT,,0.804,
46935 (363679),HR_Analytics_Job_Change,[101],19158,13,2.0,76.92,✗| ✓,AUC,Tuned + Ens.,TabDPT,,0.805,
46938 (363682),Is-this-a-good-customer,[79],1723,14,2.0,64.29,✓| ✓,AUC,Default,TabDPT,0.742,0.751,0.9000000000000008
46938 (363682),Is-this-a-good-customer,[79],1723,14,2.0,64.29,✓| ✓,AUC,Tuned,TabDPT,,0.745,
46938 (363682),Is-this-a-good-customer,[79],1723,14,2.0,64.29,✓| ✓,AUC,Tuned + Ens.,TabDPT,,0.748,
46980 (363711),MIC,[78],1699,112,8.0,84.82,✓| ✓,logloss,Default,TabDPT,0.481,0.432,10.187110187110186
46980 (363711),MIC,[78],1699,112,8.0,84.82,✓| ✓,logloss,Tuned,TabDPT,,0.431,
46980 (363711),MIC,[78],1699,112,8.0,84.82,✓| ✓,logloss,Tuned + Ens.,TabDPT,,0.43,
46940 (363684),Marketing_Campaign,[80],2240,26,2.0,34.62,✓| ✓,AUC,Default,TabDPT,0.896,0.915,1.9000000000000017
46940 (363684),Marketing_Campaign,[80],2240,26,2.0,34.62,✓| ✓,AUC,Tuned,TabDPT,,0.916,
46940 (363684),Marketing_Campaign,[80],2240,26,2.0,34.62,✓| ✓,AUC,Tuned + Ens.,TabDPT,,0.919,
46969 (363689),NATICUSdroid,[92],7491,87,2.0,100.0,✓| ✓,AUC,Default,TabDPT,0.985,0.987,0.20000000000000018
46969 (363689),NATICUSdroid,[92],7491,87,2.0,100.0,✓| ✓,AUC,Tuned,TabDPT,,0.986,
46969 (363689),NATICUSdroid,[92],7491,87,2.0,100.0,✓| ✓,AUC,Tuned + Ens.,TabDPT,,0.987,
46953 (363697),QSAR-TID-11,[88],5742,1025,,0.0,✗| ✗,rmse,Default,TabDPT,0.773,0.761,1.552393272962485
46953 (363697),QSAR-TID-11,[88],5742,1025,,0.0,✗| ✗,rmse,Tuned,TabDPT,,0.744,
46953 (363697),QSAR-TID-11,[88],5742,1025,,0.0,✗| ✗,rmse,Tuned + Ens.,TabDPT,,0.734,
46954 (363698),QSAR_fish_toxicity,[68],907,7,,0.0,✓| ✗,rmse,Default,TabDPT,0.859,0.859,0.0
46954 (363698),QSAR_fish_toxicity,[68],907,7,,0.0,✓| ✗,rmse,Tuned,TabDPT,,0.873,
46954 (363698),QSAR_fish_toxicity,[68],907,7,,0.0,✓| ✗,rmse,Tuned + Ens.,TabDPT,,0.86,
46955 (363699),SDSS17,[114],78053,12,3.0,25.0,✗| ✓,logloss,Default,TabDPT,0.088,0.074,15.909090909090908
46955 (363699),SDSS17,[114],78053,12,3.0,25.0,✗| ✓,logloss,Tuned,TabDPT,,0.073,
46955 (363699),SDSS17,[114],78053,12,3.0,25.0,✗| ✓,logloss,Tuned + Ens.,TabDPT,,0.067,
46904 (363612),airfoil_self_noise,[76],1503,6,,16.67,✓| ✗,rmse,Default,TabDPT,1.203,1.119,6.982543640897762
46904 (363612),airfoil_self_noise,[76],1503,6,,16.67,✓| ✗,rmse,Tuned,TabDPT,,1.112,
46904 (363612),airfoil_self_noise,[76],1503,6,,16.67,✓| ✗,rmse,Tuned + Ens.,TabDPT,,1.074,
46906 (363614),anneal,[67],898,39,5.0,84.62,✓| ✓,logloss,Default,TabDPT,0.058,0.016,72.41379310344827
46906 (363614),anneal,[67],898,39,5.0,84.62,✓| ✓,logloss,Tuned,TabDPT,,0.022,
46906 (363614),anneal,[67],898,39,5.0,84.62,✓| ✓,logloss,Tuned + Ens.,TabDPT,,0.019,
46910 (363618),bank-marketing,[106 | 107],45211,14,2.0,57.14,✗| ✓,AUC,Default,TabDPT,0.761,0.766,0.5000000000000004
46910 (363618),bank-marketing,[106 | 107],45211,14,2.0,57.14,✗| ✓,AUC,Tuned,TabDPT,,0.766,
46910 (363618),bank-marketing,[106 | 107],45211,14,2.0,57.14,✗| ✓,AUC,Tuned + Ens.,TabDPT,,0.766,
46913 (363621),blood-transfusion-service-center,[65],748,5,2.0,20.0,✓| ✓,AUC,Default,TabDPT,0.751,0.756,0.5000000000000004
46913 (363621),blood-transfusion-service-center,[65],748,5,2.0,20.0,✓| ✓,AUC,Tuned,TabDPT,,0.754,
46913 (363621),blood-transfusion-service-center,[65],748,5,2.0,20.0,✓| ✓,AUC,Tuned + Ens.,TabDPT,,0.756,
46915 (363623),churn,[87],5000,20,2.0,25.0,✓| ✓,AUC,Default,TabDPT,0.923,0.928,0.5000000000000004
46915 (363623),churn,[87],5000,20,2.0,25.0,✓| ✓,AUC,Tuned,TabDPT,,0.932,
46915 (363623),churn,[87],5000,20,2.0,25.0,✓| ✓,AUC,Tuned + Ens.,TabDPT,,0.931,
46916 (363624),coil2000_insurance_policies,[93],9822,86,2.0,4.65,✓| ✓,AUC,Default,TabDPT,0.725,0.761,3.600000000000003
46916 (363624),coil2000_insurance_policies,[93],9822,86,2.0,4.65,✓| ✓,AUC,Tuned,TabDPT,,0.773,
46916 (363624),coil2000_insurance_policies,[93],9822,86,2.0,4.65,✓| ✓,AUC,Tuned + Ens.,TabDPT,,0.773,
46917 (363625),concrete_compressive_strength,[71],1030,9,,0.0,✓| ✗,rmse,Default,TabDPT,4.267,4.214,1.2420904616826793
46917 (363625),concrete_compressive_strength,[71],1030,9,,0.0,✓| ✗,rmse,Tuned,TabDPT,,4.171,
46917 (363625),concrete_compressive_strength,[71],1030,9,,0.0,✓| ✗,rmse,Tuned + Ens.,TabDPT,,4.118,
46918 (363626),credit-g,[69],1000,21,2.0,66.67,✓| ✓,AUC,Default,TabDPT,0.78,0.793,1.3000000000000012
46918 (363626),credit-g,[69],1000,21,2.0,66.67,✓| ✓,AUC,Tuned,TabDPT,,0.795,
46918 (363626),credit-g,[69],1000,21,2.0,66.67,✓| ✓,AUC,Tuned + Ens.,TabDPT,,0.796,
46919 (363627),credit_card_clients_default,[104],30000,24,2.0,16.67,✗| ✓,AUC,Default,TabDPT,0.78,0.788,0.8000000000000007
46919 (363627),credit_card_clients_default,[104],30000,24,2.0,16.67,✗| ✓,AUC,Tuned,TabDPT,,0.788,
46919 (363627),credit_card_clients_default,[104],30000,24,2.0,16.67,✗| ✓,AUC,Tuned + Ens.,TabDPT,,0.788,
46920 (363628),customer_satisfaction_in_airline,[115],129880,22,2.0,77.27,✗| ✓,AUC,Default,TabDPT,0.994,0.995,0.10000000000000009
46920 (363628),customer_satisfaction_in_airline,[115],129880,22,2.0,77.27,✗| ✓,AUC,Tuned,TabDPT,,0.995,
46920 (363628),customer_satisfaction_in_airline,[115],129880,22,2.0,77.27,✗| ✓,AUC,Tuned + Ens.,TabDPT,,0.996,
46921 (363629),diabetes,[66],768,9,2.0,11.11,✓| ✓,AUC,Default,TabDPT,0.84,0.844,0.40000000000000036
46921 (363629),diabetes,[66],768,9,2.0,11.11,✓| ✓,AUC,Tuned,TabDPT,,0.842,
46921 (363629),diabetes,[66],768,9,2.0,11.11,✓| ✓,AUC,Tuned + Ens.,TabDPT,,0.84,
46923 (363631),diamonds,[111],53940,10,,30.0,✗| ✗,rmse,Default,TabDPT,535.4,520.7,2.74561075831153
46923 (363631),diamonds,[111],53940,10,,30.0,✗| ✗,rmse,Tuned,TabDPT,,520.7,
46923 (363631),diamonds,[111],53940,10,,30.0,✗| ✗,rmse,Tuned + Ens.,TabDPT,,510.3,
46930 (363674),hazelnut-spread-contaminant-detection,[81],2400,31,2.0,3.23,✓| ✓,AUC,Default,TabDPT,0.992,0.992,0.0
46930 (363674),hazelnut-spread-contaminant-detection,[81],2400,31,2.0,3.23,✓| ✓,AUC,Tuned,TabDPT,,0.989,
46930 (363674),hazelnut-spread-contaminant-detection,[81],2400,31,2.0,3.23,✓| ✓,AUC,Tuned + Ens.,TabDPT,,0.989,
46931 (363675),healthcare_insurance_expenses,[73],1338,7,,42.86,✓| ✗,rmse,Default,TabDPT,4508.4,4508.4,0.0
46931 (363675),healthcare_insurance_expenses,[73],1338,7,,42.86,✓| ✗,rmse,Tuned,TabDPT,,4499.7,
46931 (363675),healthcare_insurance_expenses,[73],1338,7,,42.86,✓| ✗,rmse,Tuned + Ens.,TabDPT,,4490.4,
46932 (363676),heloc,[95],10459,24,2.0,4.17,✓| ✓,AUC,Default,TabDPT,0.794,0.801,0.7000000000000006
46932 (363676),heloc,[95],10459,24,2.0,4.17,✓| ✓,AUC,Tuned,TabDPT,,0.801,
46932 (363676),heloc,[95],10459,24,2.0,4.17,✓| ✓,AUC,Tuned + Ens.,TabDPT,,0.801,
46933 (363677),hiva_agnostic,[85],3845,1618,3.0,100.0,✗| ✗,logloss,Default,TabDPT,0.181,0.174,3.8674033149171305
46933 (363677),hiva_agnostic,[85],3845,1618,3.0,100.0,✗| ✗,logloss,Tuned,TabDPT,,0.174,
46933 (363677),hiva_agnostic,[85],3845,1618,3.0,100.0,✗| ✗,logloss,Tuned + Ens.,TabDPT,,0.174,
46934 (363678),houses,[102],20640,9,,0.0,✗| ✗,rmse,Default,TabDPT,0.209,0.204,2.3923444976076578
46934 (363678),houses,[102],20640,9,,0.0,✗| ✗,rmse,Tuned,TabDPT,,0.203,
46934 (363678),houses,[102],20640,9,,0.0,✗| ✗,rmse,Tuned + Ens.,TabDPT,,0.199,
46937 (363681),in_vehicle_coupon_recommendation,[99],12684,25,2.0,88.0,✓| ✓,AUC,Default,TabDPT,0.798,0.848,4.999999999999993
46937 (363681),in_vehicle_coupon_recommendation,[99],12684,25,2.0,88.0,✓| ✓,AUC,Tuned,TabDPT,,0.851,
46937 (363681),in_vehicle_coupon_recommendation,[99],12684,25,2.0,88.0,✓| ✓,AUC,Tuned + Ens.,TabDPT,,0.852,
46979 (363712),jm1,[96],10885,22,2.0,4.55,✓| ✓,AUC,Default,TabDPT,0.771,0.776,0.5000000000000004
46979 (363712),jm1,[96],10885,22,2.0,4.55,✓| ✓,AUC,Tuned,TabDPT,,0.761,
46979 (363712),jm1,[96],10885,22,2.0,4.55,✓| ✓,AUC,Tuned + Ens.,TabDPT,,0.773,
46939 (363683),kddcup09_appetency,[110],50000,213,2.0,18.31,✗| ✓,AUC,Default,TabDPT,0.742,0.846,10.399999999999999
46939 (363683),kddcup09_appetency,[110],50000,213,2.0,18.31,✗| ✓,AUC,Tuned,TabDPT,,0.845,
46939 (363683),kddcup09_appetency,[110],50000,213,2.0,18.31,✗| ✓,AUC,Tuned + Ens.,TabDPT,,0.846,
46941 (363685),maternal_health_risk,[70],1014,7,3.0,14.29,✓| ✓,logloss,Default,TabDPT,0.405,0.405,0.0
46941 (363685),maternal_health_risk,[70],1014,7,3.0,14.29,✓| ✓,logloss,Tuned,TabDPT,,0.439,
46941 (363685),maternal_health_risk,[70],1014,7,3.0,14.29,✓| ✓,logloss,Tuned + Ens.,TabDPT,,0.428,
46942 (363686),miami_housing,[100],13776,16,,6.25,✓| ✗,rmse,Default,TabDPT,8213.0,7985.0,2.7760866918300255
46942 (363686),miami_housing,[100],13776,16,,6.25,✓| ✗,rmse,Tuned,TabDPT,,7829.0,
46942 (363686),miami_housing,[100],13776,16,,6.25,✓| ✗,rmse,Tuned + Ens.,TabDPT,,7711.0,
46947 (363691),online_shoppers_intention,[98],12330,18,2.0,44.44,✓| ✓,AUC,Default,TabDPT,0.926,0.937,1.100000000000001
46947 (363691),online_shoppers_intention,[98],12330,18,2.0,44.44,✓| ✓,AUC,Tuned,TabDPT,,0.937,
46947 (363691),online_shoppers_intention,[98],12330,18,2.0,44.44,✓| ✓,AUC,Tuned + Ens.,TabDPT,,0.937,
46949 (363693),physiochemical_protein,[109],45730,10,,0.0,✗| ✗,rmse,Default,TabDPT,2.912,2.912,0.0
46949 (363693),physiochemical_protein,[109],45730,10,,0.0,✗| ✗,rmse,Tuned,TabDPT,,3.056,
46949 (363693),physiochemical_protein,[109],45730,10,,0.0,✗| ✗,rmse,Tuned + Ens.,TabDPT,,2.985,
46950 (363694),polish_companies_bankruptcy,[89],5910,65,2.0,1.54,✓| ✓,AUC,Default,TabDPT,0.958,0.974,1.6000000000000014
46950 (363694),polish_companies_bankruptcy,[89],5910,65,2.0,1.54,✓| ✓,AUC,Tuned,TabDPT,,0.979,
46950 (363694),polish_companies_bankruptcy,[89],5910,65,2.0,1.54,✓| ✓,AUC,Tuned + Ens.,TabDPT,,0.981,
46952 (363696),qsar-biodeg,[72],1054,42,2.0,14.29,✓| ✓,AUC,Default,TabDPT,0.934,0.938,0.39999999999998925
46952 (363696),qsar-biodeg,[72],1054,42,2.0,14.29,✓| ✓,AUC,Tuned,TabDPT,,0.934,
46952 (363696),qsar-biodeg,[72],1054,42,2.0,14.29,✓| ✓,AUC,Tuned + Ens.,TabDPT,,0.936,
46956 (363700),seismic-bumps,[82],2584,16,2.0,25.0,✓| ✓,AUC,Default,TabDPT,0.774,0.783,0.9000000000000008
46956 (363700),seismic-bumps,[82],2584,16,2.0,25.0,✓| ✓,AUC,Tuned,TabDPT,,0.772,
46956 (363700),seismic-bumps,[82],2584,16,2.0,25.0,✓| ✓,AUC,Tuned + Ens.,TabDPT,,0.771,
46958 (363702),splice,[83],3190,61,3.0,100.0,✓| ✓,logloss,Default,TabDPT,0.267,0.107,59.92509363295881
46958 (363702),splice,[83],3190,61,3.0,100.0,✓| ✓,logloss,Tuned,TabDPT,,0.103,
46958 (363702),splice,[83],3190,61,3.0,100.0,✓| ✓,logloss,Tuned + Ens.,TabDPT,,0.099,
46960 (363704),students_dropout_and_academic_success,[86],4424,37,3.0,48.65,✓| ✓,logloss,Default,TabDPT,0.561,0.534,4.812834224598935
46960 (363704),students_dropout_and_academic_success,[86],4424,37,3.0,48.65,✓| ✓,logloss,Tuned,TabDPT,,0.529,
46960 (363704),students_dropout_and_academic_success,[86],4424,37,3.0,48.65,✓| ✓,logloss,Tuned + Ens.,TabDPT,,0.527,
46961 (363705),superconductivity,[103],21263,82,,0.0,✗| ✗,rmse,Default,TabDPT,9.08,9.08,0.0
46961 (363705),superconductivity,[103],21263,82,,0.0,✗| ✗,rmse,Tuned,TabDPT,,9.28,
46961 (363705),superconductivity,[103],21263,82,,0.0,✗| ✗,rmse,Tuned + Ens.,TabDPT,,9.22,
46962 (363706),taiwanese_bankruptcy_prediction,[91],6819,95,2.0,1.05,✓| ✓,AUC,Default,TabDPT,0.937,0.944,0.6999999999999895
46962 (363706),taiwanese_bankruptcy_prediction,[91],6819,95,2.0,1.05,✓| ✓,AUC,Tuned,TabDPT,,0.944,
46962 (363706),taiwanese_bankruptcy_prediction,[91],6819,95,2.0,1.05,✓| ✓,AUC,Tuned + Ens.,TabDPT,,0.946,
46963 (363707),website_phishing,[74],1353,10,3.0,100.0,✓| ✓,logloss,Default,TabDPT,0.228,0.228,0.0
46963 (363707),website_phishing,[74],1353,10,3.0,100.0,✓| ✓,logloss,Tuned,TabDPT,,0.223,
46963 (363707),website_phishing,[74],1353,10,3.0,100.0,✓| ✓,logloss,Tuned + Ens.,TabDPT,,0.222,
46964 (363708),wine_quality,[90],6497,13,,7.69,✓| ✗,rmse,Default,TabDPT,0.59,0.59,0.0
46964 (363708),wine_quality,[90],6497,13,,7.69,✓| ✗,rmse,Tuned,TabDPT,,0.605,
46964 (363708),wine_quality,[90],6497,13,,7.69,✓| ✗,rmse,Tuned + Ens.,TabDPT,,0.599,
46908 (363616),APSFailure,[113],76000,171,2.0,0.58,✗| ✓,AUC,Default,TabICL,0.993,0.993,0.0
46908 (363616),APSFailure,[113],76000,171,2.0,0.58,✗| ✓,AUC,Tuned,TabICL,,0.992,
46908 (363616),APSFailure,[113],76000,171,2.0,0.58,✗| ✓,AUC,Tuned + Ens.,TabICL,,0.993,
46905 (363613),Amazon_employee_access,[105],32769,10,2.0,100.0,✗| ✓,AUC,Default,TabICL,0.854,0.882,2.8000000000000025
46905 (363613),Amazon_employee_access,[105],32769,10,2.0,100.0,✗| ✓,AUC,Tuned,TabICL,,0.883,
46905 (363613),Amazon_employee_access,[105],32769,10,2.0,100.0,✗| ✓,AUC,Tuned + Ens.,TabICL,,0.883,
46907 (363615),Another-Dataset-on-used-Fiat-500,[77],1538,8,,12.5,✓| ✗,rmse,Default,TabICL,,724.0,
46907 (363615),Another-Dataset-on-used-Fiat-500,[77],1538,8,,12.5,✓| ✗,rmse,Tuned,TabICL,,733.2,
46907 (363615),Another-Dataset-on-used-Fiat-500,[77],1538,8,,12.5,✓| ✗,rmse,Tuned + Ens.,TabICL,,726.6,
46911 (363619),Bank_Customer_Churn,[94],10000,11,2.0,45.45,✓| ✓,AUC,Default,TabICL,0.868,0.872,0.40000000000000036
46911 (363619),Bank_Customer_Churn,[94],10000,11,2.0,45.45,✓| ✓,AUC,Tuned,TabICL,,0.874,
46911 (363619),Bank_Customer_Churn,[94],10000,11,2.0,45.45,✓| ✓,AUC,Tuned + Ens.,TabICL,,0.874,
46912 (363620),Bioresponse,[84],3751,1777,2.0,0.06,✗| ✗,AUC,Default,TabICL,,0.873,
46912 (363620),Bioresponse,[84],3751,1777,2.0,0.06,✗| ✗,AUC,Tuned,TabICL,,0.875,
46912 (363620),Bioresponse,[84],3751,1777,2.0,0.06,✗| ✗,AUC,Tuned + Ens.,TabICL,,0.878,
46922 (363630),Diabetes130US,[112],71518,48,2.0,83.33,✗| ✓,AUC,Default,TabICL,0.647,0.671,2.400000000000002
46922 (363630),Diabetes130US,[112],71518,48,2.0,83.33,✗| ✓,AUC,Tuned,TabICL,,0.671,
46922 (363630),Diabetes130US,[112],71518,48,2.0,83.33,✗| ✓,AUC,Tuned + Ens.,TabICL,,0.673,
46924 (363632),E-CommereShippingData,[97],10999,11,2.0,45.45,✓| ✓,AUC,Default,TabICL,0.743,0.744,0.10000000000000009
46924 (363632),E-CommereShippingData,[97],10999,11,2.0,45.45,✓| ✓,AUC,Tuned,TabICL,,0.744,
46924 (363632),E-CommereShippingData,[97],10999,11,2.0,45.45,✓| ✓,AUC,Tuned + Ens.,TabICL,,0.744,
46927 (363671),Fitness_Club,[75],1500,7,2.0,57.14,✓| ✓,AUC,Default,TabICL,0.819,0.822,0.30000000000000027
46927 (363671),Fitness_Club,[75],1500,7,2.0,57.14,✓| ✓,AUC,Tuned,TabICL,,0.82,
46927 (363671),Fitness_Club,[75],1500,7,2.0,57.14,✓| ✓,AUC,Tuned + Ens.,TabICL,,0.819,
46928 (363672),Food_Delivery_Time,[108],45451,10,,30.0,✗| ✗,rmse,Default,TabICL,,7.379,
46928 (363672),Food_Delivery_Time,[108],45451,10,,30.0,✗| ✗,rmse,Tuned,TabICL,,7.367,
46928 (363672),Food_Delivery_Time,[108],45451,10,,30.0,✗| ✗,rmse,Tuned + Ens.,TabICL,,7.362,
46929 (363673),GiveMeSomeCredit,[116],150000,11,2.0,9.09,✗| ✓,AUC,Default,TabICL,0.866,0.866,0.0
46929 (363673),GiveMeSomeCredit,[116],150000,11,2.0,9.09,✗| ✓,AUC,Tuned,TabICL,,0.867,
46929 (363673),GiveMeSomeCredit,[116],150000,11,2.0,9.09,✗| ✓,AUC,Tuned + Ens.,TabICL,,0.867,
46935 (363679),HR_Analytics_Job_Change,[101],19158,13,2.0,76.92,✗| ✓,AUC,Default,TabICL,0.805,0.805,0.0
46935 (363679),HR_Analytics_Job_Change,[101],19158,13,2.0,76.92,✗| ✓,AUC,Tuned,TabICL,,0.804,
46935 (363679),HR_Analytics_Job_Change,[101],19158,13,2.0,76.92,✗| ✓,AUC,Tuned + Ens.,TabICL,,0.805,
46938 (363682),Is-this-a-good-customer,[79],1723,14,2.0,64.29,✓| ✓,AUC,Default,TabICL,0.744,0.751,0.7000000000000006
46938 (363682),Is-this-a-good-customer,[79],1723,14,2.0,64.29,✓| ✓,AUC,Tuned,TabICL,,0.745,
46938 (363682),Is-this-a-good-customer,[79],1723,14,2.0,64.29,✓| ✓,AUC,Tuned + Ens.,TabICL,,0.748,
46980 (363711),MIC,[78],1699,112,8.0,84.82,✓| ✓,logloss,Default,TabICL,0.465,0.432,7.096774193548392
46980 (363711),MIC,[78],1699,112,8.0,84.82,✓| ✓,logloss,Tuned,TabICL,,0.431,
46980 (363711),MIC,[78],1699,112,8.0,84.82,✓| ✓,logloss,Tuned + Ens.,TabICL,,0.43,
46940 (363684),Marketing_Campaign,[80],2240,26,2.0,34.62,✓| ✓,AUC,Default,TabICL,0.911,0.915,0.40000000000000036
46940 (363684),Marketing_Campaign,[80],2240,26,2.0,34.62,✓| ✓,AUC,Tuned,TabICL,,0.916,
46940 (363684),Marketing_Campaign,[80],2240,26,2.0,34.62,✓| ✓,AUC,Tuned + Ens.,TabICL,,0.919,
46969 (363689),NATICUSdroid,[92],7491,87,2.0,100.0,✓| ✓,AUC,Default,TabICL,0.987,0.987,0.0
46969 (363689),NATICUSdroid,[92],7491,87,2.0,100.0,✓| ✓,AUC,Tuned,TabICL,,0.986,
46969 (363689),NATICUSdroid,[92],7491,87,2.0,100.0,✓| ✓,AUC,Tuned + Ens.,TabICL,,0.987,
46953 (363697),QSAR-TID-11,[88],5742,1025,,0.0,✗| ✗,rmse,Default,TabICL,,0.761,
46953 (363697),QSAR-TID-11,[88],5742,1025,,0.0,✗| ✗,rmse,Tuned,TabICL,,0.744,
46953 (363697),QSAR-TID-11,[88],5742,1025,,0.0,✗| ✗,rmse,Tuned + Ens.,TabICL,,0.734,
46954 (363698),QSAR_fish_toxicity,[68],907,7,,0.0,✓| ✗,rmse,Default,TabICL,,0.859,
46954 (363698),QSAR_fish_toxicity,[68],907,7,,0.0,✓| ✗,rmse,Tuned,TabICL,,0.873,
46954 (363698),QSAR_fish_toxicity,[68],907,7,,0.0,✓| ✗,rmse,Tuned + Ens.,TabICL,,0.86,
46955 (363699),SDSS17,[114],78053,12,3.0,25.0,✗| ✓,logloss,Default,TabICL,0.076,0.074,2.6315789473684235
46955 (363699),SDSS17,[114],78053,12,3.0,25.0,✗| ✓,logloss,Tuned,TabICL,,0.073,
46955 (363699),SDSS17,[114],78053,12,3.0,25.0,✗| ✓,logloss,Tuned + Ens.,TabICL,,0.067,
46904 (363612),airfoil_self_noise,[76],1503,6,,16.67,✓| ✗,rmse,Default,TabICL,,1.119,
46904 (363612),airfoil_self_noise,[76],1503,6,,16.67,✓| ✗,rmse,Tuned,TabICL,,1.112,
46904 (363612),airfoil_self_noise,[76],1503,6,,16.67,✓| ✗,rmse,Tuned + Ens.,TabICL,,1.074,
46906 (363614),anneal,[67],898,39,5.0,84.62,✓| ✓,logloss,Default,TabICL,0.028,0.016,42.857142857142854
46906 (363614),anneal,[67],898,39,5.0,84.62,✓| ✓,logloss,Tuned,TabICL,,0.022,
46906 (363614),anneal,[67],898,39,5.0,84.62,✓| ✓,logloss,Tuned + Ens.,TabICL,,0.019,
46910 (363618),bank-marketing,[106 | 107],45211,14,2.0,57.14,✗| ✓,AUC,Default,TabICL,0.764,0.766,0.20000000000000018
46910 (363618),bank-marketing,[106 | 107],45211,14,2.0,57.14,✗| ✓,AUC,Tuned,TabICL,,0.766,
46910 (363618),bank-marketing,[106 | 107],45211,14,2.0,57.14,✗| ✓,AUC,Tuned + Ens.,TabICL,,0.766,
46913 (363621),blood-transfusion-service-center,[65],748,5,2.0,20.0,✓| ✓,AUC,Default,TabICL,0.737,0.756,1.9000000000000017
46913 (363621),blood-transfusion-service-center,[65],748,5,2.0,20.0,✓| ✓,AUC,Tuned,TabICL,,0.754,
46913 (363621),blood-transfusion-service-center,[65],748,5,2.0,20.0,✓| ✓,AUC,Tuned + Ens.,TabICL,,0.756,
46915 (363623),churn,[87],5000,20,2.0,25.0,✓| ✓,AUC,Default,TabICL,0.924,0.928,0.40000000000000036
46915 (363623),churn,[87],5000,20,2.0,25.0,✓| ✓,AUC,Tuned,TabICL,,0.932,
46915 (363623),churn,[87],5000,20,2.0,25.0,✓| ✓,AUC,Tuned + Ens.,TabICL,,0.931,
46916 (363624),coil2000_insurance_policies,[93],9822,86,2.0,4.65,✓| ✓,AUC,Default,TabICL,0.756,0.761,0.5000000000000004
46916 (363624),coil2000_insurance_policies,[93],9822,86,2.0,4.65,✓| ✓,AUC,Tuned,TabICL,,0.773,
46916 (363624),coil2000_insurance_policies,[93],9822,86,2.0,4.65,✓| ✓,AUC,Tuned + Ens.,TabICL,,0.773,
46917 (363625),concrete_compressive_strength,[71],1030,9,,0.0,✓| ✗,rmse,Default,TabICL,,4.214,
46917 (363625),concrete_compressive_strength,[71],1030,9,,0.0,✓| ✗,rmse,Tuned,TabICL,,4.171,
46917 (363625),concrete_compressive_strength,[71],1030,9,,0.0,✓| ✗,rmse,Tuned + Ens.,TabICL,,4.118,
46918 (363626),credit-g,[69],1000,21,2.0,66.67,✓| ✓,AUC,Default,TabICL,0.79,0.793,0.30000000000000027
46918 (363626),credit-g,[69],1000,21,2.0,66.67,✓| ✓,AUC,Tuned,TabICL,,0.795,
46918 (363626),credit-g,[69],1000,21,2.0,66.67,✓| ✓,AUC,Tuned + Ens.,TabICL,,0.796,
46919 (363627),credit_card_clients_default,[104],30000,24,2.0,16.67,✗| ✓,AUC,Default,TabICL,0.788,0.788,0.0
46919 (363627),credit_card_clients_default,[104],30000,24,2.0,16.67,✗| ✓,AUC,Tuned,TabICL,,0.788,
46919 (363627),credit_card_clients_default,[104],30000,24,2.0,16.67,✗| ✓,AUC,Tuned + Ens.,TabICL,,0.788,
46920 (363628),customer_satisfaction_in_airline,[115],129880,22,2.0,77.27,✗| ✓,AUC,Default,TabICL,0.995,0.995,0.0
46920 (363628),customer_satisfaction_in_airline,[115],129880,22,2.0,77.27,✗| ✓,AUC,Tuned,TabICL,,0.995,
46920 (363628),customer_satisfaction_in_airline,[115],129880,22,2.0,77.27,✗| ✓,AUC,Tuned + Ens.,TabICL,,0.996,
46921 (363629),diabetes,[66],768,9,2.0,11.11,✓| ✓,AUC,Default,TabICL,0.837,0.844,0.7000000000000006
46921 (363629),diabetes,[66],768,9,2.0,11.11,✓| ✓,AUC,Tuned,TabICL,,0.842,
46921 (363629),diabetes,[66],768,9,2.0,11.11,✓| ✓,AUC,Tuned + Ens.,TabICL,,0.84,
46923 (363631),diamonds,[111],53940,10,,30.0,✗| ✗,rmse,Default,TabICL,,520.7,
46923 (363631),diamonds,[111],53940,10,,30.0,✗| ✗,rmse,Tuned,TabICL,,520.7,
46923 (363631),diamonds,[111],53940,10,,30.0,✗| ✗,rmse,Tuned + Ens.,TabICL,,510.3,
46930 (363674),hazelnut-spread-contaminant-detection,[81],2400,31,2.0,3.23,✓| ✓,AUC,Default,TabICL,0.992,0.992,0.0
46930 (363674),hazelnut-spread-contaminant-detection,[81],2400,31,2.0,3.23,✓| ✓,AUC,Tuned,TabICL,,0.989,
46930 (363674),hazelnut-spread-contaminant-detection,[81],2400,31,2.0,3.23,✓| ✓,AUC,Tuned + Ens.,TabICL,,0.989,
46931 (363675),healthcare_insurance_expenses,[73],1338,7,,42.86,✓| ✗,rmse,Default,TabICL,,4508.4,
46931 (363675),healthcare_insurance_expenses,[73],1338,7,,42.86,✓| ✗,rmse,Tuned,TabICL,,4499.7,
46931 (363675),healthcare_insurance_expenses,[73],1338,7,,42.86,✓| ✗,rmse,Tuned + Ens.,TabICL,,4490.4,
46932 (363676),heloc,[95],10459,24,2.0,4.17,✓| ✓,AUC,Default,TabICL,0.8,0.801,0.10000000000000009
46932 (363676),heloc,[95],10459,24,2.0,4.17,✓| ✓,AUC,Tuned,TabICL,,0.801,
46932 (363676),heloc,[95],10459,24,2.0,4.17,✓| ✓,AUC,Tuned + Ens.,TabICL,,0.801,
46933 (363677),hiva_agnostic,[85],3845,1618,3.0,100.0,✗| ✗,logloss,Default,TabICL,,0.174,
46933 (363677),hiva_agnostic,[85],3845,1618,3.0,100.0,✗| ✗,logloss,Tuned,TabICL,,0.174,
46933 (363677),hiva_agnostic,[85],3845,1618,3.0,100.0,✗| ✗,logloss,Tuned + Ens.,TabICL,,0.174,
46934 (363678),houses,[102],20640,9,,0.0,✗| ✗,rmse,Default,TabICL,,0.204,
46934 (363678),houses,[102],20640,9,,0.0,✗| ✗,rmse,Tuned,TabICL,,0.203,
46934 (363678),houses,[102],20640,9,,0.0,✗| ✗,rmse,Tuned + Ens.,TabICL,,0.199,
46937 (363681),in_vehicle_coupon_recommendation,[99],12684,25,2.0,88.0,✓| ✓,AUC,Default,TabICL,0.846,0.848,0.20000000000000018
46937 (363681),in_vehicle_coupon_recommendation,[99],12684,25,2.0,88.0,✓| ✓,AUC,Tuned,TabICL,,0.851,
46937 (363681),in_vehicle_coupon_recommendation,[99],12684,25,2.0,88.0,✓| ✓,AUC,Tuned + Ens.,TabICL,,0.852,
46979 (363712),jm1,[96],10885,22,2.0,4.55,✓| ✓,AUC,Default,TabICL,0.776,0.776,0.0
46979 (363712),jm1,[96],10885,22,2.0,4.55,✓| ✓,AUC,Tuned,TabICL,,0.761,
46979 (363712),jm1,[96],10885,22,2.0,4.55,✓| ✓,AUC,Tuned + Ens.,TabICL,,0.773,
46939 (363683),kddcup09_appetency,[110],50000,213,2.0,18.31,✗| ✓,AUC,Default,TabICL,0.811,0.846,3.499999999999992
46939 (363683),kddcup09_appetency,[110],50000,213,2.0,18.31,✗| ✓,AUC,Tuned,TabICL,,0.845,
46939 (363683),kddcup09_appetency,[110],50000,213,2.0,18.31,✗| ✓,AUC,Tuned + Ens.,TabICL,,0.846,
46941 (363685),maternal_health_risk,[70],1014,7,3.0,14.29,✓| ✓,logloss,Default,TabICL,0.41,0.405,1.2195121951219388
46941 (363685),maternal_health_risk,[70],1014,7,3.0,14.29,✓| ✓,logloss,Tuned,TabICL,,0.439,
46941 (363685),maternal_health_risk,[70],1014,7,3.0,14.29,✓| ✓,logloss,Tuned + Ens.,TabICL,,0.428,
46942 (363686),miami_housing,[100],13776,16,,6.25,✓| ✗,rmse,Default,TabICL,,7985.0,
46942 (363686),miami_housing,[100],13776,16,,6.25,✓| ✗,rmse,Tuned,TabICL,,7829.0,
46942 (363686),miami_housing,[100],13776,16,,6.25,✓| ✗,rmse,Tuned + Ens.,TabICL,,7711.0,
46947 (363691),online_shoppers_intention,[98],12330,18,2.0,44.44,✓| ✓,AUC,Default,TabICL,0.937,0.937,0.0
46947 (363691),online_shoppers_intention,[98],12330,18,2.0,44.44,✓| ✓,AUC,Tuned,TabICL,,0.937,
46947 (363691),online_shoppers_intention,[98],12330,18,2.0,44.44,✓| ✓,AUC,Tuned + Ens.,TabICL,,0.937,
46949 (363693),physiochemical_protein,[109],45730,10,,0.0,✗| ✗,rmse,Default,TabICL,,2.912,
46949 (363693),physiochemical_protein,[109],45730,10,,0.0,✗| ✗,rmse,Tuned,TabICL,,3.056,
46949 (363693),physiochemical_protein,[109],45730,10,,0.0,✗| ✗,rmse,Tuned + Ens.,TabICL,,2.985,
46950 (363694),polish_companies_bankruptcy,[89],5910,65,2.0,1.54,✓| ✓,AUC,Default,TabICL,0.974,0.974,0.0
46950 (363694),polish_companies_bankruptcy,[89],5910,65,2.0,1.54,✓| ✓,AUC,Tuned,TabICL,,0.979,
46950 (363694),polish_companies_bankruptcy,[89],5910,65,2.0,1.54,✓| ✓,AUC,Tuned + Ens.,TabICL,,0.981,
46952 (363696),qsar-biodeg,[72],1054,42,2.0,14.29,✓| ✓,AUC,Default,TabICL,0.938,0.938,0.0
46952 (363696),qsar-biodeg,[72],1054,42,2.0,14.29,✓| ✓,AUC,Tuned,TabICL,,0.934,
46952 (363696),qsar-biodeg,[72],1054,42,2.0,14.29,✓| ✓,AUC,Tuned + Ens.,TabICL,,0.936,
46956 (363700),seismic-bumps,[82],2584,16,2.0,25.0,✓| ✓,AUC,Default,TabICL,0.783,0.783,0.0
46956 (363700),seismic-bumps,[82],2584,16,2.0,25.0,✓| ✓,AUC,Tuned,TabICL,,0.772,
46956 (363700),seismic-bumps,[82],2584,16,2.0,25.0,✓| ✓,AUC,Tuned + Ens.,TabICL,,0.771,
46958 (363702),splice,[83],3190,61,3.0,100.0,✓| ✓,logloss,Default,TabICL,0.148,0.107,27.7027027027027
46958 (363702),splice,[83],3190,61,3.0,100.0,✓| ✓,logloss,Tuned,TabICL,,0.103,
46958 (363702),splice,[83],3190,61,3.0,100.0,✓| ✓,logloss,Tuned + Ens.,TabICL,,0.099,
46960 (363704),students_dropout_and_academic_success,[86],4424,37,3.0,48.65,✓| ✓,logloss,Default,TabICL,0.55,0.534,2.9090909090909114
46960 (363704),students_dropout_and_academic_success,[86],4424,37,3.0,48.65,✓| ✓,logloss,Tuned,TabICL,,0.529,
46960 (363704),students_dropout_and_academic_success,[86],4424,37,3.0,48.65,✓| ✓,logloss,Tuned + Ens.,TabICL,,0.527,
46961 (363705),superconductivity,[103],21263,82,,0.0,✗| ✗,rmse,Default,TabICL,,9.08,
46961 (363705),superconductivity,[103],21263,82,,0.0,✗| ✗,rmse,Tuned,TabICL,,9.28,
46961 (363705),superconductivity,[103],21263,82,,0.0,✗| ✗,rmse,Tuned + Ens.,TabICL,,9.22,
46962 (363706),taiwanese_bankruptcy_prediction,[91],6819,95,2.0,1.05,✓| ✓,AUC,Default,TabICL,0.944,0.944,0.0
46962 (363706),taiwanese_bankruptcy_prediction,[91],6819,95,2.0,1.05,✓| ✓,AUC,Tuned,TabICL,,0.944,
46962 (363706),taiwanese_bankruptcy_prediction,[91],6819,95,2.0,1.05,✓| ✓,AUC,Tuned + Ens.,TabICL,,0.946,
46963 (363707),website_phishing,[74],1353,10,3.0,100.0,✓| ✓,logloss,Default,TabICL,0.228,0.228,0.0
46963 (363707),website_phishing,[74],1353,10,3.0,100.0,✓| ✓,logloss,Tuned,TabICL,,0.223,
46963 (363707),website_phishing,[74],1353,10,3.0,100.0,✓| ✓,logloss,Tuned + Ens.,TabICL,,0.222,
46964 (363708),wine_quality,[90],6497,13,,7.69,✓| ✗,rmse,Default,TabICL,,0.59,
46964 (363708),wine_quality,[90],6497,13,,7.69,✓| ✗,rmse,Tuned,TabICL,,0.605,
46964 (363708),wine_quality,[90],6497,13,,7.69,✓| ✗,rmse,Tuned + Ens.,TabICL,,0.599,
46908 (363616),APSFailure,[113],76000,171,2.0,0.58,✗| ✓,AUC,Default,Linear,0.988,0.993,0.5000000000000004
46908 (363616),APSFailure,[113],76000,171,2.0,0.58,✗| ✓,AUC,Tuned,Linear,0.988,0.992,0.40000000000000036
46908 (363616),APSFailure,[113],76000,171,2.0,0.58,✗| ✓,AUC,Tuned + Ens.,Linear,0.99,0.993,0.30000000000000027
46905 (363613),Amazon_employee_access,[105],32769,10,2.0,100.0,✗| ✓,AUC,Default,Linear,0.848,0.882,3.400000000000003
46905 (363613),Amazon_employee_access,[105],32769,10,2.0,100.0,✗| ✓,AUC,Tuned,Linear,0.85,0.883,3.300000000000003
46905 (363613),Amazon_employee_access,[105],32769,10,2.0,100.0,✗| ✓,AUC,Tuned + Ens.,Linear,0.851,0.883,3.200000000000003
46907 (363615),Another-Dataset-on-used-Fiat-500,[77],1538,8,,12.5,✓| ✗,rmse,Default,Linear,793.8,724.0,8.793146888384978
46907 (363615),Another-Dataset-on-used-Fiat-500,[77],1538,8,,12.5,✓| ✗,rmse,Tuned,Linear,764.2,733.2,4.056529704265898
46907 (363615),Another-Dataset-on-used-Fiat-500,[77],1538,8,,12.5,✓| ✗,rmse,Tuned + Ens.,Linear,764.4,726.6,4.945054945054939
46911 (363619),Bank_Customer_Churn,[94],10000,11,2.0,45.45,✓| ✓,AUC,Default,Linear,0.772,0.872,9.999999999999998
46911 (363619),Bank_Customer_Churn,[94],10000,11,2.0,45.45,✓| ✓,AUC,Tuned,Linear,0.773,0.874,10.099999999999998
46911 (363619),Bank_Customer_Churn,[94],10000,11,2.0,45.45,✓| ✓,AUC,Tuned + Ens.,Linear,0.773,0.874,10.099999999999998
46912 (363620),Bioresponse,[84],3751,1777,2.0,0.06,✗| ✗,AUC,Default,Linear,0.789,0.873,8.399999999999997
46912 (363620),Bioresponse,[84],3751,1777,2.0,0.06,✗| ✗,AUC,Tuned,Linear,0.81,0.875,6.499999999999995
46912 (363620),Bioresponse,[84],3751,1777,2.0,0.06,✗| ✗,AUC,Tuned + Ens.,Linear,0.817,0.878,6.100000000000005
46922 (363630),Diabetes130US,[112],71518,48,2.0,83.33,✗| ✓,AUC,Default,Linear,0.648,0.671,2.300000000000002
46922 (363630),Diabetes130US,[112],71518,48,2.0,83.33,✗| ✓,AUC,Tuned,Linear,0.658,0.671,1.3000000000000012
46922 (363630),Diabetes130US,[112],71518,48,2.0,83.33,✗| ✓,AUC,Tuned + Ens.,Linear,0.659,0.673,1.4000000000000012
46924 (363632),E-CommereShippingData,[97],10999,11,2.0,45.45,✓| ✓,AUC,Default,Linear,0.704,0.744,4.0000000000000036
46924 (363632),E-CommereShippingData,[97],10999,11,2.0,45.45,✓| ✓,AUC,Tuned,Linear,0.722,0.744,2.200000000000002
46924 (363632),E-CommereShippingData,[97],10999,11,2.0,45.45,✓| ✓,AUC,Tuned + Ens.,Linear,0.722,0.744,2.200000000000002
46927 (363671),Fitness_Club,[75],1500,7,2.0,57.14,✓| ✓,AUC,Default,Linear,0.819,0.822,0.30000000000000027
46927 (363671),Fitness_Club,[75],1500,7,2.0,57.14,✓| ✓,AUC,Tuned,Linear,0.819,0.82,0.10000000000000009
46927 (363671),Fitness_Club,[75],1500,7,2.0,57.14,✓| ✓,AUC,Tuned + Ens.,Linear,0.819,0.819,0.0
46928 (363672),Food_Delivery_Time,[108],45451,10,,30.0,✗| ✗,rmse,Default,Linear,8.564,7.379,13.836992059785153
46928 (363672),Food_Delivery_Time,[108],45451,10,,30.0,✗| ✗,rmse,Tuned,Linear,8.34,7.367,11.666666666666666
46928 (363672),Food_Delivery_Time,[108],45451,10,,30.0,✗| ✗,rmse,Tuned + Ens.,Linear,8.277,7.362,11.05472997462848
46929 (363673),GiveMeSomeCredit,[116],150000,11,2.0,9.09,✗| ✓,AUC,Default,Linear,0.841,0.866,2.500000000000002
46929 (363673),GiveMeSomeCredit,[116],150000,11,2.0,9.09,✗| ✓,AUC,Tuned,Linear,0.841,0.867,2.6000000000000023
46929 (363673),GiveMeSomeCredit,[116],150000,11,2.0,9.09,✗| ✓,AUC,Tuned + Ens.,Linear,0.841,0.867,2.6000000000000023
46935 (363679),HR_Analytics_Job_Change,[101],19158,13,2.0,76.92,✗| ✓,AUC,Default,Linear,0.796,0.805,0.9000000000000008
46935 (363679),HR_Analytics_Job_Change,[101],19158,13,2.0,76.92,✗| ✓,AUC,Tuned,Linear,0.798,0.804,0.6000000000000005
46935 (363679),HR_Analytics_Job_Change,[101],19158,13,2.0,76.92,✗| ✓,AUC,Tuned + Ens.,Linear,0.797,0.805,0.8000000000000007
46938 (363682),Is-this-a-good-customer,[79],1723,14,2.0,64.29,✓| ✓,AUC,Default,Linear,0.738,0.751,1.3000000000000012
46938 (363682),Is-this-a-good-customer,[79],1723,14,2.0,64.29,✓| ✓,AUC,Tuned,Linear,0.735,0.745,1.0000000000000009
46938 (363682),Is-this-a-good-customer,[79],1723,14,2.0,64.29,✓| ✓,AUC,Tuned + Ens.,Linear,0.738,0.748,1.0000000000000009
46980 (363711),MIC,[78],1699,112,8.0,84.82,✓| ✓,logloss,Default,Linear,0.589,0.432,26.655348047538197
46980 (363711),MIC,[78],1699,112,8.0,84.82,✓| ✓,logloss,Tuned,Linear,0.469,0.431,8.102345415778247
46980 (363711),MIC,[78],1699,112,8.0,84.82,✓| ✓,logloss,Tuned + Ens.,Linear,0.468,0.43,8.119658119658126
46940 (363684),Marketing_Campaign,[80],2240,26,2.0,34.62,✓| ✓,AUC,Default,Linear,0.906,0.915,0.9000000000000008
46940 (363684),Marketing_Campaign,[80],2240,26,2.0,34.62,✓| ✓,AUC,Tuned,Linear,0.905,0.916,1.100000000000001
46940 (363684),Marketing_Campaign,[80],2240,26,2.0,34.62,✓| ✓,AUC,Tuned + Ens.,Linear,0.905,0.919,1.4000000000000012
46969 (363689),NATICUSdroid,[92],7491,87,2.0,100.0,✓| ✓,AUC,Default,Linear,0.981,0.987,0.6000000000000005
46969 (363689),NATICUSdroid,[92],7491,87,2.0,100.0,✓| ✓,AUC,Tuned,Linear,0.981,0.986,0.5000000000000004
46969 (363689),NATICUSdroid,[92],7491,87,2.0,100.0,✓| ✓,AUC,Tuned + Ens.,Linear,0.981,0.987,0.6000000000000005
46953 (363697),QSAR-TID-11,[88],5742,1025,,0.0,✗| ✗,rmse,Default,Linear,1.02,0.761,25.392156862745097
46953 (363697),QSAR-TID-11,[88],5742,1025,,0.0,✗| ✗,rmse,Tuned,Linear,0.94,0.744,20.85106382978723
46953 (363697),QSAR-TID-11,[88],5742,1025,,0.0,✗| ✗,rmse,Tuned + Ens.,Linear,0.938,0.734,21.74840085287846
46954 (363698),QSAR_fish_toxicity,[68],907,7,,0.0,✓| ✗,rmse,Default,Linear,0.95,0.859,9.57894736842105
46954 (363698),QSAR_fish_toxicity,[68],907,7,,0.0,✓| ✗,rmse,Tuned,Linear,0.949,0.873,8.00842992623814
46954 (363698),QSAR_fish_toxicity,[68],907,7,,0.0,✓| ✗,rmse,Tuned + Ens.,Linear,0.95,0.86,9.473684210526313
46955 (363699),SDSS17,[114],78053,12,3.0,25.0,✗| ✓,logloss,Default,Linear,0.146,0.074,49.31506849315068
46955 (363699),SDSS17,[114],78053,12,3.0,25.0,✗| ✓,logloss,Tuned,Linear,0.145,0.073,49.6551724137931
46955 (363699),SDSS17,[114],78053,12,3.0,25.0,✗| ✓,logloss,Tuned + Ens.,Linear,0.135,0.067,50.37037037037037
46904 (363612),airfoil_self_noise,[76],1503,6,,16.67,✓| ✗,rmse,Default,Linear,5.344,1.119,79.06062874251496
46904 (363612),airfoil_self_noise,[76],1503,6,,16.67,✓| ✗,rmse,Tuned,Linear,4.752,1.112,76.5993265993266
46904 (363612),airfoil_self_noise,[76],1503,6,,16.67,✓| ✗,rmse,Tuned + Ens.,Linear,4.732,1.074,77.30346576500423
46906 (363614),anneal,[67],898,39,5.0,84.62,✓| ✓,logloss,Default,Linear,0.09,0.016,82.22222222222221
46906 (363614),anneal,[67],898,39,5.0,84.62,✓| ✓,logloss,Tuned,Linear,0.046,0.022,52.17391304347826
46906 (363614),anneal,[67],898,39,5.0,84.62,✓| ✓,logloss,Tuned + Ens.,Linear,0.037,0.019,48.648648648648646
46910 (363618),bank-marketing,[106 | 107],45211,14,2.0,57.14,✗| ✓,AUC,Default,Linear,0.748,0.766,1.8000000000000016
46910 (363618),bank-marketing,[106 | 107],45211,14,2.0,57.14,✗| ✓,AUC,Tuned,Linear,0.748,0.766,1.8000000000000016
46910 (363618),bank-marketing,[106 | 107],45211,14,2.0,57.14,✗| ✓,AUC,Tuned + Ens.,Linear,0.748,0.766,1.8000000000000016
46913 (363621),blood-transfusion-service-center,[65],748,5,2.0,20.0,✓| ✓,AUC,Default,Linear,0.731,0.756,2.500000000000002
46913 (363621),blood-transfusion-service-center,[65],748,5,2.0,20.0,✓| ✓,AUC,Tuned,Linear,0.749,0.754,0.5000000000000004
46913 (363621),blood-transfusion-service-center,[65],748,5,2.0,20.0,✓| ✓,AUC,Tuned + Ens.,Linear,0.754,0.756,0.20000000000000018
46915 (363623),churn,[87],5000,20,2.0,25.0,✓| ✓,AUC,Default,Linear,0.777,0.928,15.100000000000001
46915 (363623),churn,[87],5000,20,2.0,25.0,✓| ✓,AUC,Tuned,Linear,0.825,0.932,10.70000000000001
46915 (363623),churn,[87],5000,20,2.0,25.0,✓| ✓,AUC,Tuned + Ens.,Linear,0.825,0.931,10.600000000000009
46916 (363624),coil2000_insurance_policies,[93],9822,86,2.0,4.65,✓| ✓,AUC,Default,Linear,0.737,0.761,2.400000000000002
46916 (363624),coil2000_insurance_policies,[93],9822,86,2.0,4.65,✓| ✓,AUC,Tuned,Linear,0.739,0.773,3.400000000000003
46916 (363624),coil2000_insurance_policies,[93],9822,86,2.0,4.65,✓| ✓,AUC,Tuned + Ens.,Linear,0.74,0.773,3.300000000000003
46917 (363625),concrete_compressive_strength,[71],1030,9,,0.0,✓| ✗,rmse,Default,Linear,8.228,4.214,48.78463782207097
46917 (363625),concrete_compressive_strength,[71],1030,9,,0.0,✓| ✗,rmse,Tuned,Linear,8.16,4.171,48.884803921568626
46917 (363625),concrete_compressive_strength,[71],1030,9,,0.0,✓| ✗,rmse,Tuned + Ens.,Linear,8.153,4.118,49.49098491352876
46918 (363626),credit-g,[69],1000,21,2.0,66.67,✓| ✓,AUC,Default,Linear,0.781,0.793,1.200000000000001
46918 (363626),credit-g,[69],1000,21,2.0,66.67,✓| ✓,AUC,Tuned,Linear,0.787,0.795,0.8000000000000007
46918 (363626),credit-g,[69],1000,21,2.0,66.67,✓| ✓,AUC,Tuned + Ens.,Linear,0.787,0.796,0.9000000000000008
46919 (363627),credit_card_clients_default,[104],30000,24,2.0,16.67,✗| ✓,AUC,Default,Linear,0.745,0.788,4.300000000000004
46919 (363627),credit_card_clients_default,[104],30000,24,2.0,16.67,✗| ✓,AUC,Tuned,Linear,0.745,0.788,4.300000000000004
46919 (363627),credit_card_clients_default,[104],30000,24,2.0,16.67,✗| ✓,AUC,Tuned + Ens.,Linear,0.745,0.788,4.300000000000004
46920 (363628),customer_satisfaction_in_airline,[115],129880,22,2.0,77.27,✗| ✓,AUC,Default,Linear,0.964,0.995,3.1000000000000028
46920 (363628),customer_satisfaction_in_airline,[115],129880,22,2.0,77.27,✗| ✓,AUC,Tuned,Linear,0.964,0.995,3.1000000000000028
46920 (363628),customer_satisfaction_in_airline,[115],129880,22,2.0,77.27,✗| ✓,AUC,Tuned + Ens.,Linear,0.965,0.996,3.1000000000000028
46921 (363629),diabetes,[66],768,9,2.0,11.11,✓| ✓,AUC,Default,Linear,0.832,0.844,1.200000000000001
46921 (363629),diabetes,[66],768,9,2.0,11.11,✓| ✓,AUC,Tuned,Linear,0.83,0.842,1.200000000000001
46921 (363629),diabetes,[66],768,9,2.0,11.11,✓| ✓,AUC,Tuned + Ens.,Linear,0.831,0.84,0.9000000000000008
46923 (363631),diamonds,[111],53940,10,,30.0,✗| ✗,rmse,Default,Linear,1652.8,520.7,68.49588576960309
46923 (363631),diamonds,[111],53940,10,,30.0,✗| ✗,rmse,Tuned,Linear,1139.6,520.7,54.308529308529295
46923 (363631),diamonds,[111],53940,10,,30.0,✗| ✗,rmse,Tuned + Ens.,Linear,1140.3,510.3,55.24861878453039
46930 (363674),hazelnut-spread-contaminant-detection,[81],2400,31,2.0,3.23,✓| ✓,AUC,Default,Linear,0.948,0.992,4.400000000000004
46930 (363674),hazelnut-spread-contaminant-detection,[81],2400,31,2.0,3.23,✓| ✓,AUC,Tuned,Linear,0.952,0.989,3.7000000000000033
46930 (363674),hazelnut-spread-contaminant-detection,[81],2400,31,2.0,3.23,✓| ✓,AUC,Tuned + Ens.,Linear,0.953,0.989,3.600000000000003
46931 (363675),healthcare_insurance_expenses,[73],1338,7,,42.86,✓| ✗,rmse,Default,Linear,6083.4,4508.4,25.890127231482396
46931 (363675),healthcare_insurance_expenses,[73],1338,7,,42.86,✓| ✗,rmse,Tuned,Linear,6085.5,4499.7,26.058664037466112
46931 (363675),healthcare_insurance_expenses,[73],1338,7,,42.86,✓| ✗,rmse,Tuned + Ens.,Linear,6084.5,4490.4,26.199359027035918
46932 (363676),heloc,[95],10459,24,2.0,4.17,✓| ✓,AUC,Default,Linear,0.786,0.801,1.5000000000000013
46932 (363676),heloc,[95],10459,24,2.0,4.17,✓| ✓,AUC,Tuned,Linear,0.786,0.801,1.5000000000000013
46932 (363676),heloc,[95],10459,24,2.0,4.17,✓| ✓,AUC,Tuned + Ens.,Linear,0.786,0.801,1.5000000000000013
46933 (363677),hiva_agnostic,[85],3845,1618,3.0,100.0,✗| ✗,logloss,Default,Linear,0.448,0.174,61.16071428571429
46933 (363677),hiva_agnostic,[85],3845,1618,3.0,100.0,✗| ✗,logloss,Tuned,Linear,0.335,0.174,48.05970149253732
46933 (363677),hiva_agnostic,[85],3845,1618,3.0,100.0,✗| ✗,logloss,Tuned + Ens.,Linear,0.335,0.174,48.05970149253732
46934 (363678),houses,[102],20640,9,,0.0,✗| ✗,rmse,Default,Linear,0.325,0.204,37.23076923076924
46934 (363678),houses,[102],20640,9,,0.0,✗| ✗,rmse,Tuned,Linear,0.325,0.203,37.53846153846154
46934 (363678),houses,[102],20640,9,,0.0,✗| ✗,rmse,Tuned + Ens.,Linear,0.323,0.199,38.39009287925697
46937 (363681),in_vehicle_coupon_recommendation,[99],12684,25,2.0,88.0,✓| ✓,AUC,Default,Linear,0.735,0.848,11.299999999999999
46937 (363681),in_vehicle_coupon_recommendation,[99],12684,25,2.0,88.0,✓| ✓,AUC,Tuned,Linear,0.735,0.851,11.6
46937 (363681),in_vehicle_coupon_recommendation,[99],12684,25,2.0,88.0,✓| ✓,AUC,Tuned + Ens.,Linear,0.735,0.852,11.7
46979 (363712),jm1,[96],10885,22,2.0,4.55,✓| ✓,AUC,Default,Linear,0.724,0.776,5.200000000000005
46979 (363712),jm1,[96],10885,22,2.0,4.55,✓| ✓,AUC,Tuned,Linear,0.723,0.761,3.8000000000000034
46979 (363712),jm1,[96],10885,22,2.0,4.55,✓| ✓,AUC,Tuned + Ens.,Linear,0.724,0.773,4.900000000000004
46939 (363683),kddcup09_appetency,[110],50000,213,2.0,18.31,✗| ✓,AUC,Default,Linear,0.797,0.846,4.899999999999993
46939 (363683),kddcup09_appetency,[110],50000,213,2.0,18.31,✗| ✓,AUC,Tuned,Linear,0.82,0.845,2.500000000000002
46939 (363683),kddcup09_appetency,[110],50000,213,2.0,18.31,✗| ✓,AUC,Tuned + Ens.,Linear,0.821,0.846,2.500000000000002
46941 (363685),maternal_health_risk,[70],1014,7,3.0,14.29,✓| ✓,logloss,Default,Linear,0.796,0.405,49.120603015075375
46941 (363685),maternal_health_risk,[70],1014,7,3.0,14.29,✓| ✓,logloss,Tuned,Linear,0.793,0.439,44.640605296343004
46941 (363685),maternal_health_risk,[70],1014,7,3.0,14.29,✓| ✓,logloss,Tuned + Ens.,Linear,0.784,0.428,45.40816326530612
46942 (363686),miami_housing,[100],13776,16,,6.25,✓| ✗,rmse,Default,Linear,19126.0,7985.0,58.25054899090244
46942 (363686),miami_housing,[100],13776,16,,6.25,✓| ✗,rmse,Tuned,Linear,17557.0,7829.0,55.40809933359914
46942 (363686),miami_housing,[100],13776,16,,6.25,✓| ✗,rmse,Tuned + Ens.,Linear,17556.0,7711.0,56.07769423558897
46947 (363691),online_shoppers_intention,[98],12330,18,2.0,44.44,✓| ✓,AUC,Default,Linear,0.913,0.937,2.400000000000002
46947 (363691),online_shoppers_intention,[98],12330,18,2.0,44.44,✓| ✓,AUC,Tuned,Linear,0.913,0.937,2.400000000000002
46947 (363691),online_shoppers_intention,[98],12330,18,2.0,44.44,✓| ✓,AUC,Tuned + Ens.,Linear,0.918,0.937,1.9000000000000017
46949 (363693),physiochemical_protein,[109],45730,10,,0.0,✗| ✗,rmse,Default,Linear,5.194,2.912,43.93530997304582
46949 (363693),physiochemical_protein,[109],45730,10,,0.0,✗| ✗,rmse,Tuned,Linear,5.188,3.056,41.094834232845024
46949 (363693),physiochemical_protein,[109],45730,10,,0.0,✗| ✗,rmse,Tuned + Ens.,Linear,5.142,2.985,41.948658109684956
46950 (363694),polish_companies_bankruptcy,[89],5910,65,2.0,1.54,✓| ✓,AUC,Default,Linear,0.867,0.974,10.7
46950 (363694),polish_companies_bankruptcy,[89],5910,65,2.0,1.54,✓| ✓,AUC,Tuned,Linear,0.887,0.979,9.199999999999998
46950 (363694),polish_companies_bankruptcy,[89],5910,65,2.0,1.54,✓| ✓,AUC,Tuned + Ens.,Linear,0.896,0.981,8.499999999999996
46952 (363696),qsar-biodeg,[72],1054,42,2.0,14.29,✓| ✓,AUC,Default,Linear,0.91,0.938,2.7999999999999914
46952 (363696),qsar-biodeg,[72],1054,42,2.0,14.29,✓| ✓,AUC,Tuned,Linear,0.923,0.934,1.100000000000001
46952 (363696),qsar-biodeg,[72],1054,42,2.0,14.29,✓| ✓,AUC,Tuned + Ens.,Linear,0.923,0.936,1.3000000000000012
46956 (363700),seismic-bumps,[82],2584,16,2.0,25.0,✓| ✓,AUC,Default,Linear,0.759,0.783,2.400000000000002
46956 (363700),seismic-bumps,[82],2584,16,2.0,25.0,✓| ✓,AUC,Tuned,Linear,0.761,0.772,1.100000000000001
46956 (363700),seismic-bumps,[82],2584,16,2.0,25.0,✓| ✓,AUC,Tuned + Ens.,Linear,0.763,0.771,0.8000000000000007
46958 (363702),splice,[83],3190,61,3.0,100.0,✓| ✓,logloss,Default,Linear,0.167,0.107,35.92814371257486
46958 (363702),splice,[83],3190,61,3.0,100.0,✓| ✓,logloss,Tuned,Linear,0.148,0.103,30.405405405405407
46958 (363702),splice,[83],3190,61,3.0,100.0,✓| ✓,logloss,Tuned + Ens.,Linear,0.148,0.099,33.108108108108105
46960 (363704),students_dropout_and_academic_success,[86],4424,37,3.0,48.65,✓| ✓,logloss,Default,Linear,0.571,0.534,6.479859894921177
46960 (363704),students_dropout_and_academic_success,[86],4424,37,3.0,48.65,✓| ✓,logloss,Tuned,Linear,0.562,0.529,5.871886120996446
46960 (363704),students_dropout_and_academic_success,[86],4424,37,3.0,48.65,✓| ✓,logloss,Tuned + Ens.,Linear,0.561,0.527,6.060606060606066
46961 (363705),superconductivity,[103],21263,82,,0.0,✗| ✗,rmse,Default,Linear,17.43,9.08,47.905909351692486
46961 (363705),superconductivity,[103],21263,82,,0.0,✗| ✗,rmse,Tuned,Linear,17.42,9.28,46.72789896670494
46961 (363705),superconductivity,[103],21263,82,,0.0,✗| ✗,rmse,Tuned + Ens.,Linear,17.26,9.22,46.581691772885286
46962 (363706),taiwanese_bankruptcy_prediction,[91],6819,95,2.0,1.05,✓| ✓,AUC,Default,Linear,0.936,0.944,0.7999999999999896
46962 (363706),taiwanese_bankruptcy_prediction,[91],6819,95,2.0,1.05,✓| ✓,AUC,Tuned,Linear,0.938,0.944,0.6000000000000005
46962 (363706),taiwanese_bankruptcy_prediction,[91],6819,95,2.0,1.05,✓| ✓,AUC,Tuned + Ens.,Linear,0.938,0.946,0.8000000000000007
46963 (363707),website_phishing,[74],1353,10,3.0,100.0,✓| ✓,logloss,Default,Linear,0.36,0.228,36.666666666666664
46963 (363707),website_phishing,[74],1353,10,3.0,100.0,✓| ✓,logloss,Tuned,Linear,0.359,0.223,37.88300835654596
46963 (363707),website_phishing,[74],1353,10,3.0,100.0,✓| ✓,logloss,Tuned + Ens.,Linear,0.358,0.222,37.988826815642454
46964 (363708),wine_quality,[90],6497,13,,7.69,✓| ✗,rmse,Default,Linear,0.731,0.59,19.288645690834475
46964 (363708),wine_quality,[90],6497,13,,7.69,✓| ✗,rmse,Tuned,Linear,0.731,0.605,17.236662106703147
46964 (363708),wine_quality,[90],6497,13,,7.69,✓| ✗,rmse,Tuned + Ens.,Linear,0.73,0.599,17.945205479452056
46908 (363616),APSFailure,[113],76000,171,2.0,0.58,✗| ✓,AUC,Default,KNN,0.96,0.993,3.300000000000003
46908 (363616),APSFailure,[113],76000,171,2.0,0.58,✗| ✓,AUC,Tuned,KNN,0.985,0.992,0.7000000000000006
46908 (363616),APSFailure,[113],76000,171,2.0,0.58,✗| ✓,AUC,Tuned + Ens.,KNN,0.99,0.993,0.30000000000000027
46905 (363613),Amazon_employee_access,[105],32769,10,2.0,100.0,✗| ✓,AUC,Default,KNN,0.75,0.882,13.200000000000001
46905 (363613),Amazon_employee_access,[105],32769,10,2.0,100.0,✗| ✓,AUC,Tuned,KNN,0.817,0.883,6.600000000000006
46905 (363613),Amazon_employee_access,[105],32769,10,2.0,100.0,✗| ✓,AUC,Tuned + Ens.,KNN,0.852,0.883,3.1000000000000028
46907 (363615),Another-Dataset-on-used-Fiat-500,[77],1538,8,,12.5,✓| ✗,rmse,Default,KNN,823.7,724.0,12.103921330581526
46907 (363615),Another-Dataset-on-used-Fiat-500,[77],1538,8,,12.5,✓| ✗,rmse,Tuned,KNN,801.5,733.2,8.521522145976288
46907 (363615),Another-Dataset-on-used-Fiat-500,[77],1538,8,,12.5,✓| ✗,rmse,Tuned + Ens.,KNN,782.2,726.6,7.108156481718233
46911 (363619),Bank_Customer_Churn,[94],10000,11,2.0,45.45,✓| ✓,AUC,Default,KNN,0.814,0.872,5.800000000000005
46911 (363619),Bank_Customer_Churn,[94],10000,11,2.0,45.45,✓| ✓,AUC,Tuned,KNN,0.827,0.874,4.700000000000005
46911 (363619),Bank_Customer_Churn,[94],10000,11,2.0,45.45,✓| ✓,AUC,Tuned + Ens.,KNN,0.839,0.874,3.500000000000003
46912 (363620),Bioresponse,[84],3751,1777,2.0,0.06,✗| ✗,AUC,Default,KNN,0.818,0.873,5.500000000000005
46912 (363620),Bioresponse,[84],3751,1777,2.0,0.06,✗| ✗,AUC,Tuned,KNN,0.837,0.875,3.8000000000000034
46912 (363620),Bioresponse,[84],3751,1777,2.0,0.06,✗| ✗,AUC,Tuned + Ens.,KNN,0.846,0.878,3.200000000000003
46922 (363630),Diabetes130US,[112],71518,48,2.0,83.33,✗| ✓,AUC,Default,KNN,0.542,0.671,12.9
46922 (363630),Diabetes130US,[112],71518,48,2.0,83.33,✗| ✓,AUC,Tuned,KNN,0.633,0.671,3.8000000000000034
46922 (363630),Diabetes130US,[112],71518,48,2.0,83.33,✗| ✓,AUC,Tuned + Ens.,KNN,0.651,0.673,2.200000000000002
46924 (363632),E-CommereShippingData,[97],10999,11,2.0,45.45,✓| ✓,AUC,Default,KNN,0.703,0.744,4.100000000000003
46924 (363632),E-CommereShippingData,[97],10999,11,2.0,45.45,✓| ✓,AUC,Tuned,KNN,0.736,0.744,0.8000000000000007
46924 (363632),E-CommereShippingData,[97],10999,11,2.0,45.45,✓| ✓,AUC,Tuned + Ens.,KNN,0.733,0.744,1.100000000000001
46927 (363671),Fitness_Club,[75],1500,7,2.0,57.14,✓| ✓,AUC,Default,KNN,0.722,0.822,9.999999999999998
46927 (363671),Fitness_Club,[75],1500,7,2.0,57.14,✓| ✓,AUC,Tuned,KNN,0.786,0.82,3.399999999999992
46927 (363671),Fitness_Club,[75],1500,7,2.0,57.14,✓| ✓,AUC,Tuned + Ens.,KNN,0.798,0.819,2.0999999999999908
46928 (363672),Food_Delivery_Time,[108],45451,10,,30.0,✗| ✗,rmse,Default,KNN,8.563,7.379,13.826929814317424
46928 (363672),Food_Delivery_Time,[108],45451,10,,30.0,✗| ✗,rmse,Tuned,KNN,8.042,7.367,8.393434469037551
46928 (363672),Food_Delivery_Time,[108],45451,10,,30.0,✗| ✗,rmse,Tuned + Ens.,KNN,7.909,7.362,6.9161714502465514
46929 (363673),GiveMeSomeCredit,[116],150000,11,2.0,9.09,✗| ✓,AUC,Default,KNN,0.747,0.866,11.899999999999999
46929 (363673),GiveMeSomeCredit,[116],150000,11,2.0,9.09,✗| ✓,AUC,Tuned,KNN,0.858,0.867,0.9000000000000008
46929 (363673),GiveMeSomeCredit,[116],150000,11,2.0,9.09,✗| ✓,AUC,Tuned + Ens.,KNN,0.859,0.867,0.8000000000000007
46935 (363679),HR_Analytics_Job_Change,[101],19158,13,2.0,76.92,✗| ✓,AUC,Default,KNN,0.745,0.805,6.000000000000005
46935 (363679),HR_Analytics_Job_Change,[101],19158,13,2.0,76.92,✗| ✓,AUC,Tuned,KNN,0.789,0.804,1.5000000000000013
46935 (363679),HR_Analytics_Job_Change,[101],19158,13,2.0,76.92,✗| ✓,AUC,Tuned + Ens.,KNN,0.798,0.805,0.7000000000000006
46938 (363682),Is-this-a-good-customer,[79],1723,14,2.0,64.29,✓| ✓,AUC,Default,KNN,0.652,0.751,9.899999999999999
46938 (363682),Is-this-a-good-customer,[79],1723,14,2.0,64.29,✓| ✓,AUC,Tuned,KNN,0.741,0.745,0.40000000000000036
46938 (363682),Is-this-a-good-customer,[79],1723,14,2.0,64.29,✓| ✓,AUC,Tuned + Ens.,KNN,0.73,0.748,1.8000000000000016
46980 (363711),MIC,[78],1699,112,8.0,84.82,✓| ✓,logloss,Default,KNN,1.477,0.432,70.75152335815844
46980 (363711),MIC,[78],1699,112,8.0,84.82,✓| ✓,logloss,Tuned,KNN,0.657,0.431,34.398782343987826
46980 (363711),MIC,[78],1699,112,8.0,84.82,✓| ✓,logloss,Tuned + Ens.,KNN,0.583,0.43,26.243567753001713
46940 (363684),Marketing_Campaign,[80],2240,26,2.0,34.62,✓| ✓,AUC,Default,KNN,0.834,0.915,8.100000000000007
46940 (363684),Marketing_Campaign,[80],2240,26,2.0,34.62,✓| ✓,AUC,Tuned,KNN,0.854,0.916,6.2000000000000055
46940 (363684),Marketing_Campaign,[80],2240,26,2.0,34.62,✓| ✓,AUC,Tuned + Ens.,KNN,0.875,0.919,4.400000000000004
46969 (363689),NATICUSdroid,[92],7491,87,2.0,100.0,✓| ✓,AUC,Default,KNN,0.948,0.987,3.9000000000000035
46969 (363689),NATICUSdroid,[92],7491,87,2.0,100.0,✓| ✓,AUC,Tuned,KNN,0.978,0.986,0.8000000000000007
46969 (363689),NATICUSdroid,[92],7491,87,2.0,100.0,✓| ✓,AUC,Tuned + Ens.,KNN,0.98,0.987,0.7000000000000006
46953 (363697),QSAR-TID-11,[88],5742,1025,,0.0,✗| ✗,rmse,Default,KNN,1.003,0.761,24.12761714855433
46953 (363697),QSAR-TID-11,[88],5742,1025,,0.0,✗| ✗,rmse,Tuned,KNN,0.888,0.744,16.216216216216218
46953 (363697),QSAR-TID-11,[88],5742,1025,,0.0,✗| ✗,rmse,Tuned + Ens.,KNN,0.859,0.734,14.551804423748546
46954 (363698),QSAR_fish_toxicity,[68],907,7,,0.0,✓| ✗,rmse,Default,KNN,0.896,0.859,4.129464285714289
46954 (363698),QSAR_fish_toxicity,[68],907,7,,0.0,✓| ✗,rmse,Tuned,KNN,0.89,0.873,1.9101123595505636
46954 (363698),QSAR_fish_toxicity,[68],907,7,,0.0,✓| ✗,rmse,Tuned + Ens.,KNN,0.88,0.86,2.2727272727272747
46955 (363699),SDSS17,[114],78053,12,3.0,25.0,✗| ✓,logloss,Default,KNN,0.38,0.074,80.52631578947368
46955 (363699),SDSS17,[114],78053,12,3.0,25.0,✗| ✓,logloss,Tuned,KNN,0.224,0.073,67.41071428571429
46955 (363699),SDSS17,[114],78053,12,3.0,25.0,✗| ✓,logloss,Tuned + Ens.,KNN,0.153,0.067,56.209150326797385
46904 (363612),airfoil_self_noise,[76],1503,6,,16.67,✓| ✗,rmse,Default,KNN,3.369,1.119,66.7853962600178
46904 (363612),airfoil_self_noise,[76],1503,6,,16.67,✓| ✗,rmse,Tuned,KNN,2.599,1.112,57.2143131973836
46904 (363612),airfoil_self_noise,[76],1503,6,,16.67,✓| ✗,rmse,Tuned + Ens.,KNN,2.221,1.074,51.64340387212967
46906 (363614),anneal,[67],898,39,5.0,84.62,✓| ✓,logloss,Default,KNN,0.151,0.016,89.40397350993379
46906 (363614),anneal,[67],898,39,5.0,84.62,✓| ✓,logloss,Tuned,KNN,0.08,0.022,72.5
46906 (363614),anneal,[67],898,39,5.0,84.62,✓| ✓,logloss,Tuned + Ens.,KNN,0.062,0.019,69.35483870967741
46910 (363618),bank-marketing,[106 | 107],45211,14,2.0,57.14,✗| ✓,AUC,Default,KNN,0.712,0.766,5.400000000000005
46910 (363618),bank-marketing,[106 | 107],45211,14,2.0,57.14,✗| ✓,AUC,Tuned,KNN,0.749,0.766,1.7000000000000015
46910 (363618),bank-marketing,[106 | 107],45211,14,2.0,57.14,✗| ✓,AUC,Tuned + Ens.,KNN,0.756,0.766,1.0000000000000009
46913 (363621),blood-transfusion-service-center,[65],748,5,2.0,20.0,✓| ✓,AUC,Default,KNN,0.688,0.756,6.800000000000006
46913 (363621),blood-transfusion-service-center,[65],748,5,2.0,20.0,✓| ✓,AUC,Tuned,KNN,0.727,0.754,2.7000000000000024
46913 (363621),blood-transfusion-service-center,[65],748,5,2.0,20.0,✓| ✓,AUC,Tuned + Ens.,KNN,0.736,0.756,2.0000000000000018
46915 (363623),churn,[87],5000,20,2.0,25.0,✓| ✓,AUC,Default,KNN,0.866,0.928,6.2000000000000055
46915 (363623),churn,[87],5000,20,2.0,25.0,✓| ✓,AUC,Tuned,KNN,0.892,0.932,4.0000000000000036
46915 (363623),churn,[87],5000,20,2.0,25.0,✓| ✓,AUC,Tuned + Ens.,KNN,0.899,0.931,3.200000000000003
46916 (363624),coil2000_insurance_policies,[93],9822,86,2.0,4.65,✓| ✓,AUC,Default,KNN,0.657,0.761,10.399999999999999
46916 (363624),coil2000_insurance_policies,[93],9822,86,2.0,4.65,✓| ✓,AUC,Tuned,KNN,0.718,0.773,5.500000000000005
46916 (363624),coil2000_insurance_policies,[93],9822,86,2.0,4.65,✓| ✓,AUC,Tuned + Ens.,KNN,0.732,0.773,4.100000000000003
46917 (363625),concrete_compressive_strength,[71],1030,9,,0.0,✓| ✗,rmse,Default,KNN,8.972,4.214,53.031654034774846
46917 (363625),concrete_compressive_strength,[71],1030,9,,0.0,✓| ✗,rmse,Tuned,KNN,6.762,4.171,38.3170659568175
46917 (363625),concrete_compressive_strength,[71],1030,9,,0.0,✓| ✗,rmse,Tuned + Ens.,KNN,6.548,4.118,37.11056811240073
46918 (363626),credit-g,[69],1000,21,2.0,66.67,✓| ✓,AUC,Default,KNN,0.756,0.793,3.7000000000000033
46918 (363626),credit-g,[69],1000,21,2.0,66.67,✓| ✓,AUC,Tuned,KNN,0.778,0.795,1.7000000000000015
46918 (363626),credit-g,[69],1000,21,2.0,66.67,✓| ✓,AUC,Tuned + Ens.,KNN,0.784,0.796,1.200000000000001
46919 (363627),credit_card_clients_default,[104],30000,24,2.0,16.67,✗| ✓,AUC,Default,KNN,0.736,0.788,5.200000000000005
46919 (363627),credit_card_clients_default,[104],30000,24,2.0,16.67,✗| ✓,AUC,Tuned,KNN,0.758,0.788,3.0000000000000027
46919 (363627),credit_card_clients_default,[104],30000,24,2.0,16.67,✗| ✓,AUC,Tuned + Ens.,KNN,0.769,0.788,1.9000000000000017
46920 (363628),customer_satisfaction_in_airline,[115],129880,22,2.0,77.27,✗| ✓,AUC,Default,KNN,0.985,0.995,1.0000000000000009
46920 (363628),customer_satisfaction_in_airline,[115],129880,22,2.0,77.27,✗| ✓,AUC,Tuned,KNN,0.985,0.995,1.0000000000000009
46920 (363628),customer_satisfaction_in_airline,[115],129880,22,2.0,77.27,✗| ✓,AUC,Tuned + Ens.,KNN,0.988,0.996,0.8000000000000007
46921 (363629),diabetes,[66],768,9,2.0,11.11,✓| ✓,AUC,Default,KNN,0.811,0.844,3.299999999999992
46921 (363629),diabetes,[66],768,9,2.0,11.11,✓| ✓,AUC,Tuned,KNN,0.823,0.842,1.9000000000000017
46921 (363629),diabetes,[66],768,9,2.0,11.11,✓| ✓,AUC,Tuned + Ens.,KNN,0.823,0.84,1.7000000000000015
46923 (363631),diamonds,[111],53940,10,,30.0,✗| ✗,rmse,Default,KNN,957.3,520.7,45.60743758487412
46923 (363631),diamonds,[111],53940,10,,30.0,✗| ✗,rmse,Tuned,KNN,706.9,520.7,26.340359315320406
46923 (363631),diamonds,[111],53940,10,,30.0,✗| ✗,rmse,Tuned + Ens.,KNN,668.3,510.3,23.642076911566654
46930 (363674),hazelnut-spread-contaminant-detection,[81],2400,31,2.0,3.23,✓| ✓,AUC,Default,KNN,0.914,0.992,7.799999999999995
46930 (363674),hazelnut-spread-contaminant-detection,[81],2400,31,2.0,3.23,✓| ✓,AUC,Tuned,KNN,0.934,0.989,5.499999999999994
46930 (363674),hazelnut-spread-contaminant-detection,[81],2400,31,2.0,3.23,✓| ✓,AUC,Tuned + Ens.,KNN,0.943,0.989,4.600000000000004
46931 (363675),healthcare_insurance_expenses,[73],1338,7,,42.86,✓| ✗,rmse,Default,KNN,5797.5,4508.4,22.23544631306598
46931 (363675),healthcare_insurance_expenses,[73],1338,7,,42.86,✓| ✗,rmse,Tuned,KNN,5058.7,4499.7,11.05026983217032
46931 (363675),healthcare_insurance_expenses,[73],1338,7,,42.86,✓| ✗,rmse,Tuned + Ens.,KNN,5024.4,4490.4,10.628134702651064
46932 (363676),heloc,[95],10459,24,2.0,4.17,✓| ✓,AUC,Default,KNN,0.743,0.801,5.800000000000005
46932 (363676),heloc,[95],10459,24,2.0,4.17,✓| ✓,AUC,Tuned,KNN,0.788,0.801,1.3000000000000012
46932 (363676),heloc,[95],10459,24,2.0,4.17,✓| ✓,AUC,Tuned + Ens.,KNN,0.788,0.801,1.3000000000000012
46933 (363677),hiva_agnostic,[85],3845,1618,3.0,100.0,✗| ✗,logloss,Default,KNN,0.468,0.174,62.82051282051283
46933 (363677),hiva_agnostic,[85],3845,1618,3.0,100.0,✗| ✗,logloss,Tuned,KNN,0.176,0.174,1.1363636363636374
46933 (363677),hiva_agnostic,[85],3845,1618,3.0,100.0,✗| ✗,logloss,Tuned + Ens.,KNN,0.176,0.174,1.1363636363636374
46934 (363678),houses,[102],20640,9,,0.0,✗| ✗,rmse,Default,KNN,0.29,0.204,29.655172413793103
46934 (363678),houses,[102],20640,9,,0.0,✗| ✗,rmse,Tuned,KNN,0.282,0.203,28.01418439716311
46934 (363678),houses,[102],20640,9,,0.0,✗| ✗,rmse,Tuned + Ens.,KNN,0.273,0.199,27.10622710622711
46937 (363681),in_vehicle_coupon_recommendation,[99],12684,25,2.0,88.0,✓| ✓,AUC,Default,KNN,0.728,0.848,12.0
46937 (363681),in_vehicle_coupon_recommendation,[99],12684,25,2.0,88.0,✓| ✓,AUC,Tuned,KNN,0.778,0.851,7.299999999999995
46937 (363681),in_vehicle_coupon_recommendation,[99],12684,25,2.0,88.0,✓| ✓,AUC,Tuned + Ens.,KNN,0.807,0.852,4.499999999999993
46979 (363712),jm1,[96],10885,22,2.0,4.55,✓| ✓,AUC,Default,KNN,0.74,0.776,3.600000000000003
46979 (363712),jm1,[96],10885,22,2.0,4.55,✓| ✓,AUC,Tuned,KNN,0.75,0.761,1.100000000000001
46979 (363712),jm1,[96],10885,22,2.0,4.55,✓| ✓,AUC,Tuned + Ens.,KNN,0.761,0.773,1.200000000000001
46939 (363683),kddcup09_appetency,[110],50000,213,2.0,18.31,✗| ✓,AUC,Default,KNN,0.605,0.846,24.099999999999998
46939 (363683),kddcup09_appetency,[110],50000,213,2.0,18.31,✗| ✓,AUC,Tuned,KNN,0.76,0.845,8.499999999999996
46939 (363683),kddcup09_appetency,[110],50000,213,2.0,18.31,✗| ✓,AUC,Tuned + Ens.,KNN,0.776,0.846,6.999999999999995
46941 (363685),maternal_health_risk,[70],1014,7,3.0,14.29,✓| ✓,logloss,Default,KNN,0.938,0.405,56.8230277185501
46941 (363685),maternal_health_risk,[70],1014,7,3.0,14.29,✓| ✓,logloss,Tuned,KNN,0.81,0.439,45.80246913580247
46941 (363685),maternal_health_risk,[70],1014,7,3.0,14.29,✓| ✓,logloss,Tuned + Ens.,KNN,0.464,0.428,7.75862068965518
46942 (363686),miami_housing,[100],13776,16,,6.25,✓| ✗,rmse,Default,KNN,11957.0,7985.0,33.21903487496864
46942 (363686),miami_housing,[100],13776,16,,6.25,✓| ✗,rmse,Tuned,KNN,10441.0,7829.0,25.016760846662194
46942 (363686),miami_housing,[100],13776,16,,6.25,✓| ✗,rmse,Tuned + Ens.,KNN,10134.0,7711.0,23.90961120978883
46947 (363691),online_shoppers_intention,[98],12330,18,2.0,44.44,✓| ✓,AUC,Default,KNN,0.795,0.937,14.200000000000001
46947 (363691),online_shoppers_intention,[98],12330,18,2.0,44.44,✓| ✓,AUC,Tuned,KNN,0.897,0.937,4.0000000000000036
46947 (363691),online_shoppers_intention,[98],12330,18,2.0,44.44,✓| ✓,AUC,Tuned + Ens.,KNN,0.922,0.937,1.5000000000000013
46949 (363693),physiochemical_protein,[109],45730,10,,0.0,✗| ✗,rmse,Default,KNN,3.909,2.912,25.505244308007164
46949 (363693),physiochemical_protein,[109],45730,10,,0.0,✗| ✗,rmse,Tuned,KNN,3.688,3.056,17.13665943600868
46949 (363693),physiochemical_protein,[109],45730,10,,0.0,✗| ✗,rmse,Tuned + Ens.,KNN,3.586,2.985,16.75962074735081
46950 (363694),polish_companies_bankruptcy,[89],5910,65,2.0,1.54,✓| ✓,AUC,Default,KNN,0.775,0.974,19.899999999999995
46950 (363694),polish_companies_bankruptcy,[89],5910,65,2.0,1.54,✓| ✓,AUC,Tuned,KNN,0.84,0.979,13.900000000000002
46950 (363694),polish_companies_bankruptcy,[89],5910,65,2.0,1.54,✓| ✓,AUC,Tuned + Ens.,KNN,0.852,0.981,12.9
46952 (363696),qsar-biodeg,[72],1054,42,2.0,14.29,✓| ✓,AUC,Default,KNN,0.907,0.938,3.0999999999999917
46952 (363696),qsar-biodeg,[72],1054,42,2.0,14.29,✓| ✓,AUC,Tuned,KNN,0.914,0.934,2.0000000000000018
46952 (363696),qsar-biodeg,[72],1054,42,2.0,14.29,✓| ✓,AUC,Tuned + Ens.,KNN,0.923,0.936,1.3000000000000012
46956 (363700),seismic-bumps,[82],2584,16,2.0,25.0,✓| ✓,AUC,Default,KNN,0.685,0.783,9.799999999999997
46956 (363700),seismic-bumps,[82],2584,16,2.0,25.0,✓| ✓,AUC,Tuned,KNN,0.764,0.772,0.8000000000000007
46956 (363700),seismic-bumps,[82],2584,16,2.0,25.0,✓| ✓,AUC,Tuned + Ens.,KNN,0.76,0.771,1.100000000000001
46958 (363702),splice,[83],3190,61,3.0,100.0,✓| ✓,logloss,Default,KNN,0.551,0.107,80.58076225045373
46958 (363702),splice,[83],3190,61,3.0,100.0,✓| ✓,logloss,Tuned,KNN,0.485,0.103,78.76288659793815
46958 (363702),splice,[83],3190,61,3.0,100.0,✓| ✓,logloss,Tuned + Ens.,KNN,0.447,0.099,77.85234899328859
46960 (363704),students_dropout_and_academic_success,[86],4424,37,3.0,48.65,✓| ✓,logloss,Default,KNN,0.829,0.534,35.585042219541606
46960 (363704),students_dropout_and_academic_success,[86],4424,37,3.0,48.65,✓| ✓,logloss,Tuned,KNN,0.705,0.529,24.964539007092192
46960 (363704),students_dropout_and_academic_success,[86],4424,37,3.0,48.65,✓| ✓,logloss,Tuned + Ens.,KNN,0.663,0.527,20.51282051282051
46961 (363705),superconductivity,[103],21263,82,,0.0,✗| ✗,rmse,Default,KNN,11.1,9.08,18.198198198198195
46961 (363705),superconductivity,[103],21263,82,,0.0,✗| ✗,rmse,Tuned,KNN,10.25,9.28,9.463414634146346
46961 (363705),superconductivity,[103],21263,82,,0.0,✗| ✗,rmse,Tuned + Ens.,KNN,9.95,9.22,7.336683417085414
46962 (363706),taiwanese_bankruptcy_prediction,[91],6819,95,2.0,1.05,✓| ✓,AUC,Default,KNN,0.87,0.944,7.399999999999995
46962 (363706),taiwanese_bankruptcy_prediction,[91],6819,95,2.0,1.05,✓| ✓,AUC,Tuned,KNN,0.925,0.944,1.8999999999999906
46962 (363706),taiwanese_bankruptcy_prediction,[91],6819,95,2.0,1.05,✓| ✓,AUC,Tuned + Ens.,KNN,0.936,0.946,0.9999999999999898
46963 (363707),website_phishing,[74],1353,10,3.0,100.0,✓| ✓,logloss,Default,KNN,0.938,0.228,75.69296375266525
46963 (363707),website_phishing,[74],1353,10,3.0,100.0,✓| ✓,logloss,Tuned,KNN,0.385,0.223,42.07792207792208
46963 (363707),website_phishing,[74],1353,10,3.0,100.0,✓| ✓,logloss,Tuned + Ens.,KNN,0.299,0.222,25.752508361204008
46964 (363708),wine_quality,[90],6497,13,,7.69,✓| ✗,rmse,Default,KNN,0.627,0.59,5.901116427432222
46964 (363708),wine_quality,[90],6497,13,,7.69,✓| ✗,rmse,Tuned,KNN,0.627,0.605,3.5087719298245648
46964 (363708),wine_quality,[90],6497,13,,7.69,✓| ✗,rmse,Tuned + Ens.,KNN,0.617,0.599,2.917341977309565
46908 (363616),APSFailure,[113],76000,171,2.0,0.58,✗| ✓,AUC,Default,AutoGluon,,0.993,
46908 (363616),APSFailure,[113],76000,171,2.0,0.58,✗| ✓,AUC,Tuned,AutoGluon,,0.992,
46908 (363616),APSFailure,[113],76000,171,2.0,0.58,✗| ✓,AUC,Tuned + Ens.,AutoGluon,0.993,0.993,0.0
46905 (363613),Amazon_employee_access,[105],32769,10,2.0,100.0,✗| ✓,AUC,Default,AutoGluon,,0.882,
46905 (363613),Amazon_employee_access,[105],32769,10,2.0,100.0,✗| ✓,AUC,Tuned,AutoGluon,,0.883,
46905 (363613),Amazon_employee_access,[105],32769,10,2.0,100.0,✗| ✓,AUC,Tuned + Ens.,AutoGluon,0.882,0.883,0.10000000000000009
46907 (363615),Another-Dataset-on-used-Fiat-500,[77],1538,8,,12.5,✓| ✗,rmse,Default,AutoGluon,,724.0,
46907 (363615),Another-Dataset-on-used-Fiat-500,[77],1538,8,,12.5,✓| ✗,rmse,Tuned,AutoGluon,,733.2,
46907 (363615),Another-Dataset-on-used-Fiat-500,[77],1538,8,,12.5,✓| ✗,rmse,Tuned + Ens.,AutoGluon,729.6,726.6,0.41118421052631576
46911 (363619),Bank_Customer_Churn,[94],10000,11,2.0,45.45,✓| ✓,AUC,Default,AutoGluon,,0.872,
46911 (363619),Bank_Customer_Churn,[94],10000,11,2.0,45.45,✓| ✓,AUC,Tuned,AutoGluon,,0.874,
46911 (363619),Bank_Customer_Churn,[94],10000,11,2.0,45.45,✓| ✓,AUC,Tuned + Ens.,AutoGluon,0.869,0.874,0.5000000000000004
46912 (363620),Bioresponse,[84],3751,1777,2.0,0.06,✗| ✗,AUC,Default,AutoGluon,,0.873,
46912 (363620),Bioresponse,[84],3751,1777,2.0,0.06,✗| ✗,AUC,Tuned,AutoGluon,,0.875,
46912 (363620),Bioresponse,[84],3751,1777,2.0,0.06,✗| ✗,AUC,Tuned + Ens.,AutoGluon,0.878,0.878,0.0
46922 (363630),Diabetes130US,[112],71518,48,2.0,83.33,✗| ✓,AUC,Default,AutoGluon,,0.671,
46922 (363630),Diabetes130US,[112],71518,48,2.0,83.33,✗| ✓,AUC,Tuned,AutoGluon,,0.671,
46922 (363630),Diabetes130US,[112],71518,48,2.0,83.33,✗| ✓,AUC,Tuned + Ens.,AutoGluon,0.673,0.673,0.0
46924 (363632),E-CommereShippingData,[97],10999,11,2.0,45.45,✓| ✓,AUC,Default,AutoGluon,,0.744,
46924 (363632),E-CommereShippingData,[97],10999,11,2.0,45.45,✓| ✓,AUC,Tuned,AutoGluon,,0.744,
46924 (363632),E-CommereShippingData,[97],10999,11,2.0,45.45,✓| ✓,AUC,Tuned + Ens.,AutoGluon,0.738,0.744,0.6000000000000005
46927 (363671),Fitness_Club,[75],1500,7,2.0,57.14,✓| ✓,AUC,Default,AutoGluon,,0.822,
46927 (363671),Fitness_Club,[75],1500,7,2.0,57.14,✓| ✓,AUC,Tuned,AutoGluon,,0.82,
46927 (363671),Fitness_Club,[75],1500,7,2.0,57.14,✓| ✓,AUC,Tuned + Ens.,AutoGluon,0.811,0.819,0.7999999999999896
46928 (363672),Food_Delivery_Time,[108],45451,10,,30.0,✗| ✗,rmse,Default,AutoGluon,,7.379,
46928 (363672),Food_Delivery_Time,[108],45451,10,,30.0,✗| ✗,rmse,Tuned,AutoGluon,,7.367,
46928 (363672),Food_Delivery_Time,[108],45451,10,,30.0,✗| ✗,rmse,Tuned + Ens.,AutoGluon,7.362,7.362,0.0
46929 (363673),GiveMeSomeCredit,[116],150000,11,2.0,9.09,✗| ✓,AUC,Default,AutoGluon,,0.866,
46929 (363673),GiveMeSomeCredit,[116],150000,11,2.0,9.09,✗| ✓,AUC,Tuned,AutoGluon,,0.867,
46929 (363673),GiveMeSomeCredit,[116],150000,11,2.0,9.09,✗| ✓,AUC,Tuned + Ens.,AutoGluon,0.867,0.867,0.0
46935 (363679),HR_Analytics_Job_Change,[101],19158,13,2.0,76.92,✗| ✓,AUC,Default,AutoGluon,,0.805,
46935 (363679),HR_Analytics_Job_Change,[101],19158,13,2.0,76.92,✗| ✓,AUC,Tuned,AutoGluon,,0.804,
46935 (363679),HR_Analytics_Job_Change,[101],19158,13,2.0,76.92,✗| ✓,AUC,Tuned + Ens.,AutoGluon,0.805,0.805,0.0
46938 (363682),Is-this-a-good-customer,[79],1723,14,2.0,64.29,✓| ✓,AUC,Default,AutoGluon,,0.751,
46938 (363682),Is-this-a-good-customer,[79],1723,14,2.0,64.29,✓| ✓,AUC,Tuned,AutoGluon,,0.745,
46938 (363682),Is-this-a-good-customer,[79],1723,14,2.0,64.29,✓| ✓,AUC,Tuned + Ens.,AutoGluon,0.745,0.748,0.30000000000000027
46980 (363711),MIC,[78],1699,112,8.0,84.82,✓| ✓,logloss,Default,AutoGluon,,0.432,
46980 (363711),MIC,[78],1699,112,8.0,84.82,✓| ✓,logloss,Tuned,AutoGluon,,0.431,
46980 (363711),MIC,[78],1699,112,8.0,84.82,✓| ✓,logloss,Tuned + Ens.,AutoGluon,0.445,0.43,3.3707865168539355
46940 (363684),Marketing_Campaign,[80],2240,26,2.0,34.62,✓| ✓,AUC,Default,AutoGluon,,0.915,
46940 (363684),Marketing_Campaign,[80],2240,26,2.0,34.62,✓| ✓,AUC,Tuned,AutoGluon,,0.916,
46940 (363684),Marketing_Campaign,[80],2240,26,2.0,34.62,✓| ✓,AUC,Tuned + Ens.,AutoGluon,0.915,0.919,0.40000000000000036
46969 (363689),NATICUSdroid,[92],7491,87,2.0,100.0,✓| ✓,AUC,Default,AutoGluon,,0.987,
46969 (363689),NATICUSdroid,[92],7491,87,2.0,100.0,✓| ✓,AUC,Tuned,AutoGluon,,0.986,
46969 (363689),NATICUSdroid,[92],7491,87,2.0,100.0,✓| ✓,AUC,Tuned + Ens.,AutoGluon,0.987,0.987,0.0
46953 (363697),QSAR-TID-11,[88],5742,1025,,0.0,✗| ✗,rmse,Default,AutoGluon,,0.761,
46953 (363697),QSAR-TID-11,[88],5742,1025,,0.0,✗| ✗,rmse,Tuned,AutoGluon,,0.744,
46953 (363697),QSAR-TID-11,[88],5742,1025,,0.0,✗| ✗,rmse,Tuned + Ens.,AutoGluon,0.747,0.734,1.7402945113788502
46954 (363698),QSAR_fish_toxicity,[68],907,7,,0.0,✓| ✗,rmse,Default,AutoGluon,,0.859,
46954 (363698),QSAR_fish_toxicity,[68],907,7,,0.0,✓| ✗,rmse,Tuned,AutoGluon,,0.873,
46954 (363698),QSAR_fish_toxicity,[68],907,7,,0.0,✓| ✗,rmse,Tuned + Ens.,AutoGluon,0.88,0.86,2.2727272727272747
46955 (363699),SDSS17,[114],78053,12,3.0,25.0,✗| ✓,logloss,Default,AutoGluon,,0.074,
46955 (363699),SDSS17,[114],78053,12,3.0,25.0,✗| ✓,logloss,Tuned,AutoGluon,,0.073,
46955 (363699),SDSS17,[114],78053,12,3.0,25.0,✗| ✓,logloss,Tuned + Ens.,AutoGluon,0.067,0.067,0.0
46904 (363612),airfoil_self_noise,[76],1503,6,,16.67,✓| ✗,rmse,Default,AutoGluon,,1.119,
46904 (363612),airfoil_self_noise,[76],1503,6,,16.67,✓| ✗,rmse,Tuned,AutoGluon,,1.112,
46904 (363612),airfoil_self_noise,[76],1503,6,,16.67,✓| ✗,rmse,Tuned + Ens.,AutoGluon,1.269,1.074,15.36643026004727
46906 (363614),anneal,[67],898,39,5.0,84.62,✓| ✓,logloss,Default,AutoGluon,,0.016,
46906 (363614),anneal,[67],898,39,5.0,84.62,✓| ✓,logloss,Tuned,AutoGluon,,0.022,
46906 (363614),anneal,[67],898,39,5.0,84.62,✓| ✓,logloss,Tuned + Ens.,AutoGluon,0.037,0.019,48.648648648648646
46910 (363618),bank-marketing,[106 | 107],45211,14,2.0,57.14,✗| ✓,AUC,Default,AutoGluon,,0.766,
46910 (363618),bank-marketing,[106 | 107],45211,14,2.0,57.14,✗| ✓,AUC,Tuned,AutoGluon,,0.766,
46910 (363618),bank-marketing,[106 | 107],45211,14,2.0,57.14,✗| ✓,AUC,Tuned + Ens.,AutoGluon,0.765,0.766,0.10000000000000009
46913 (363621),blood-transfusion-service-center,[65],748,5,2.0,20.0,✓| ✓,AUC,Default,AutoGluon,,0.756,
46913 (363621),blood-transfusion-service-center,[65],748,5,2.0,20.0,✓| ✓,AUC,Tuned,AutoGluon,,0.754,
46913 (363621),blood-transfusion-service-center,[65],748,5,2.0,20.0,✓| ✓,AUC,Tuned + Ens.,AutoGluon,0.748,0.756,0.8000000000000007
46915 (363623),churn,[87],5000,20,2.0,25.0,✓| ✓,AUC,Default,AutoGluon,,0.928,
46915 (363623),churn,[87],5000,20,2.0,25.0,✓| ✓,AUC,Tuned,AutoGluon,,0.932,
46915 (363623),churn,[87],5000,20,2.0,25.0,✓| ✓,AUC,Tuned + Ens.,AutoGluon,0.922,0.931,0.9000000000000008
46916 (363624),coil2000_insurance_policies,[93],9822,86,2.0,4.65,✓| ✓,AUC,Default,AutoGluon,,0.761,
46916 (363624),coil2000_insurance_policies,[93],9822,86,2.0,4.65,✓| ✓,AUC,Tuned,AutoGluon,,0.773,
46916 (363624),coil2000_insurance_policies,[93],9822,86,2.0,4.65,✓| ✓,AUC,Tuned + Ens.,AutoGluon,0.759,0.773,1.4000000000000012
46917 (363625),concrete_compressive_strength,[71],1030,9,,0.0,✓| ✗,rmse,Default,AutoGluon,,4.214,
46917 (363625),concrete_compressive_strength,[71],1030,9,,0.0,✓| ✗,rmse,Tuned,AutoGluon,,4.171,
46917 (363625),concrete_compressive_strength,[71],1030,9,,0.0,✓| ✗,rmse,Tuned + Ens.,AutoGluon,4.165,4.118,1.1284513805522138
46918 (363626),credit-g,[69],1000,21,2.0,66.67,✓| ✓,AUC,Default,AutoGluon,,0.793,
46918 (363626),credit-g,[69],1000,21,2.0,66.67,✓| ✓,AUC,Tuned,AutoGluon,,0.795,
46918 (363626),credit-g,[69],1000,21,2.0,66.67,✓| ✓,AUC,Tuned + Ens.,AutoGluon,0.794,0.796,0.20000000000000018
46919 (363627),credit_card_clients_default,[104],30000,24,2.0,16.67,✗| ✓,AUC,Default,AutoGluon,,0.788,
46919 (363627),credit_card_clients_default,[104],30000,24,2.0,16.67,✗| ✓,AUC,Tuned,AutoGluon,,0.788,
46919 (363627),credit_card_clients_default,[104],30000,24,2.0,16.67,✗| ✓,AUC,Tuned + Ens.,AutoGluon,0.787,0.788,0.10000000000000009
46920 (363628),customer_satisfaction_in_airline,[115],129880,22,2.0,77.27,✗| ✓,AUC,Default,AutoGluon,,0.995,
46920 (363628),customer_satisfaction_in_airline,[115],129880,22,2.0,77.27,✗| ✓,AUC,Tuned,AutoGluon,,0.995,
46920 (363628),customer_satisfaction_in_airline,[115],129880,22,2.0,77.27,✗| ✓,AUC,Tuned + Ens.,AutoGluon,0.996,0.996,0.0
46921 (363629),diabetes,[66],768,9,2.0,11.11,✓| ✓,AUC,Default,AutoGluon,,0.844,
46921 (363629),diabetes,[66],768,9,2.0,11.11,✓| ✓,AUC,Tuned,AutoGluon,,0.842,
46921 (363629),diabetes,[66],768,9,2.0,11.11,✓| ✓,AUC,Tuned + Ens.,AutoGluon,0.835,0.84,0.5000000000000004
46923 (363631),diamonds,[111],53940,10,,30.0,✗| ✗,rmse,Default,AutoGluon,,520.7,
46923 (363631),diamonds,[111],53940,10,,30.0,✗| ✗,rmse,Tuned,AutoGluon,,520.7,
46923 (363631),diamonds,[111],53940,10,,30.0,✗| ✗,rmse,Tuned + Ens.,AutoGluon,510.5,510.3,0.03917727717923382
46930 (363674),hazelnut-spread-contaminant-detection,[81],2400,31,2.0,3.23,✓| ✓,AUC,Default,AutoGluon,,0.992,
46930 (363674),hazelnut-spread-contaminant-detection,[81],2400,31,2.0,3.23,✓| ✓,AUC,Tuned,AutoGluon,,0.989,
46930 (363674),hazelnut-spread-contaminant-detection,[81],2400,31,2.0,3.23,✓| ✓,AUC,Tuned + Ens.,AutoGluon,0.987,0.989,0.20000000000000018
46931 (363675),healthcare_insurance_expenses,[73],1338,7,,42.86,✓| ✗,rmse,Default,AutoGluon,,4508.4,
46931 (363675),healthcare_insurance_expenses,[73],1338,7,,42.86,✓| ✗,rmse,Tuned,AutoGluon,,4499.7,
46931 (363675),healthcare_insurance_expenses,[73],1338,7,,42.86,✓| ✗,rmse,Tuned + Ens.,AutoGluon,4490.4,4490.4,0.0
46932 (363676),heloc,[95],10459,24,2.0,4.17,✓| ✓,AUC,Default,AutoGluon,,0.801,
46932 (363676),heloc,[95],10459,24,2.0,4.17,✓| ✓,AUC,Tuned,AutoGluon,,0.801,
46932 (363676),heloc,[95],10459,24,2.0,4.17,✓| ✓,AUC,Tuned + Ens.,AutoGluon,0.798,0.801,0.30000000000000027
46933 (363677),hiva_agnostic,[85],3845,1618,3.0,100.0,✗| ✗,logloss,Default,AutoGluon,,0.174,
46933 (363677),hiva_agnostic,[85],3845,1618,3.0,100.0,✗| ✗,logloss,Tuned,AutoGluon,,0.174,
46933 (363677),hiva_agnostic,[85],3845,1618,3.0,100.0,✗| ✗,logloss,Tuned + Ens.,AutoGluon,0.193,0.174,9.844559585492236
46934 (363678),houses,[102],20640,9,,0.0,✗| ✗,rmse,Default,AutoGluon,,0.204,
46934 (363678),houses,[102],20640,9,,0.0,✗| ✗,rmse,Tuned,AutoGluon,,0.203,
46934 (363678),houses,[102],20640,9,,0.0,✗| ✗,rmse,Tuned + Ens.,AutoGluon,0.204,0.199,2.450980392156852
46937 (363681),in_vehicle_coupon_recommendation,[99],12684,25,2.0,88.0,✓| ✓,AUC,Default,AutoGluon,,0.848,
46937 (363681),in_vehicle_coupon_recommendation,[99],12684,25,2.0,88.0,✓| ✓,AUC,Tuned,AutoGluon,,0.851,
46937 (363681),in_vehicle_coupon_recommendation,[99],12684,25,2.0,88.0,✓| ✓,AUC,Tuned + Ens.,AutoGluon,0.847,0.852,0.5000000000000004
46979 (363712),jm1,[96],10885,22,2.0,4.55,✓| ✓,AUC,Default,AutoGluon,,0.776,
46979 (363712),jm1,[96],10885,22,2.0,4.55,✓| ✓,AUC,Tuned,AutoGluon,,0.761,
46979 (363712),jm1,[96],10885,22,2.0,4.55,✓| ✓,AUC,Tuned + Ens.,AutoGluon,0.76,0.773,1.3000000000000012
46939 (363683),kddcup09_appetency,[110],50000,213,2.0,18.31,✗| ✓,AUC,Default,AutoGluon,,0.846,
46939 (363683),kddcup09_appetency,[110],50000,213,2.0,18.31,✗| ✓,AUC,Tuned,AutoGluon,,0.845,
46939 (363683),kddcup09_appetency,[110],50000,213,2.0,18.31,✗| ✓,AUC,Tuned + Ens.,AutoGluon,0.846,0.846,0.0
46941 (363685),maternal_health_risk,[70],1014,7,3.0,14.29,✓| ✓,logloss,Default,AutoGluon,,0.405,
46941 (363685),maternal_health_risk,[70],1014,7,3.0,14.29,✓| ✓,logloss,Tuned,AutoGluon,,0.439,
46941 (363685),maternal_health_risk,[70],1014,7,3.0,14.29,✓| ✓,logloss,Tuned + Ens.,AutoGluon,0.462,0.428,7.3593073593073655
46942 (363686),miami_housing,[100],13776,16,,6.25,✓| ✗,rmse,Default,AutoGluon,,7985.0,
46942 (363686),miami_housing,[100],13776,16,,6.25,✓| ✗,rmse,Tuned,AutoGluon,,7829.0,
46942 (363686),miami_housing,[100],13776,16,,6.25,✓| ✗,rmse,Tuned + Ens.,AutoGluon,7873.0,7711.0,2.0576654388416102
46947 (363691),online_shoppers_intention,[98],12330,18,2.0,44.44,✓| ✓,AUC,Default,AutoGluon,,0.937,
46947 (363691),online_shoppers_intention,[98],12330,18,2.0,44.44,✓| ✓,AUC,Tuned,AutoGluon,,0.937,
46947 (363691),online_shoppers_intention,[98],12330,18,2.0,44.44,✓| ✓,AUC,Tuned + Ens.,AutoGluon,0.936,0.937,0.10000000000000009
46949 (363693),physiochemical_protein,[109],45730,10,,0.0,✗| ✗,rmse,Default,AutoGluon,,2.912,
46949 (363693),physiochemical_protein,[109],45730,10,,0.0,✗| ✗,rmse,Tuned,AutoGluon,,3.056,
46949 (363693),physiochemical_protein,[109],45730,10,,0.0,✗| ✗,rmse,Tuned + Ens.,AutoGluon,3.107,2.985,3.926617315738665
46950 (363694),polish_companies_bankruptcy,[89],5910,65,2.0,1.54,✓| ✓,AUC,Default,AutoGluon,,0.974,
46950 (363694),polish_companies_bankruptcy,[89],5910,65,2.0,1.54,✓| ✓,AUC,Tuned,AutoGluon,,0.979,
46950 (363694),polish_companies_bankruptcy,[89],5910,65,2.0,1.54,✓| ✓,AUC,Tuned + Ens.,AutoGluon,0.969,0.981,1.200000000000001
46952 (363696),qsar-biodeg,[72],1054,42,2.0,14.29,✓| ✓,AUC,Default,AutoGluon,,0.938,
46952 (363696),qsar-biodeg,[72],1054,42,2.0,14.29,✓| ✓,AUC,Tuned,AutoGluon,,0.934,
46952 (363696),qsar-biodeg,[72],1054,42,2.0,14.29,✓| ✓,AUC,Tuned + Ens.,AutoGluon,0.934,0.936,0.20000000000000018
46956 (363700),seismic-bumps,[82],2584,16,2.0,25.0,✓| ✓,AUC,Default,AutoGluon,,0.783,
46956 (363700),seismic-bumps,[82],2584,16,2.0,25.0,✓| ✓,AUC,Tuned,AutoGluon,,0.772,
46956 (363700),seismic-bumps,[82],2584,16,2.0,25.0,✓| ✓,AUC,Tuned + Ens.,AutoGluon,0.758,0.771,1.3000000000000012
46958 (363702),splice,[83],3190,61,3.0,100.0,✓| ✓,logloss,Default,AutoGluon,,0.107,
46958 (363702),splice,[83],3190,61,3.0,100.0,✓| ✓,logloss,Tuned,AutoGluon,,0.103,
46958 (363702),splice,[83],3190,61,3.0,100.0,✓| ✓,logloss,Tuned + Ens.,AutoGluon,0.1,0.099,1.0000000000000009
46960 (363704),students_dropout_and_academic_success,[86],4424,37,3.0,48.65,✓| ✓,logloss,Default,AutoGluon,,0.534,
46960 (363704),students_dropout_and_academic_success,[86],4424,37,3.0,48.65,✓| ✓,logloss,Tuned,AutoGluon,,0.529,
46960 (363704),students_dropout_and_academic_success,[86],4424,37,3.0,48.65,✓| ✓,logloss,Tuned + Ens.,AutoGluon,0.536,0.527,1.6791044776119417
46961 (363705),superconductivity,[103],21263,82,,0.0,✗| ✗,rmse,Default,AutoGluon,,9.08,
46961 (363705),superconductivity,[103],21263,82,,0.0,✗| ✗,rmse,Tuned,AutoGluon,,9.28,
46961 (363705),superconductivity,[103],21263,82,,0.0,✗| ✗,rmse,Tuned + Ens.,AutoGluon,9.22,9.22,0.0
46962 (363706),taiwanese_bankruptcy_prediction,[91],6819,95,2.0,1.05,✓| ✓,AUC,Default,AutoGluon,,0.944,
46962 (363706),taiwanese_bankruptcy_prediction,[91],6819,95,2.0,1.05,✓| ✓,AUC,Tuned,AutoGluon,,0.944,
46962 (363706),taiwanese_bankruptcy_prediction,[91],6819,95,2.0,1.05,✓| ✓,AUC,Tuned + Ens.,AutoGluon,0.946,0.946,0.0
46963 (363707),website_phishing,[74],1353,10,3.0,100.0,✓| ✓,logloss,Default,AutoGluon,,0.228,
46963 (363707),website_phishing,[74],1353,10,3.0,100.0,✓| ✓,logloss,Tuned,AutoGluon,,0.223,
46963 (363707),website_phishing,[74],1353,10,3.0,100.0,✓| ✓,logloss,Tuned + Ens.,AutoGluon,0.233,0.222,4.721030042918459
46964 (363708),wine_quality,[90],6497,13,,7.69,✓| ✗,rmse,Default,AutoGluon,,0.59,
46964 (363708),wine_quality,[90],6497,13,,7.69,✓| ✗,rmse,Tuned,AutoGluon,,0.605,
46964 (363708),wine_quality,[90],6497,13,,7.69,✓| ✗,rmse,Tuned + Ens.,AutoGluon,0.599,0.599,0.0
